1696836352.0,0,0.0,4090.9149118743194,4090.2731018425307,4094.7468856189116,4098.850696268573,4114.7517852368965,4085.210740488829,4092.12001557244,4093.014372963775,4110.75053533045,4104.538008668098,4090.4122341708103,4090.3236274505025,4082.935156230895,4115.94313454964,0.0,0.0,2.0
1696836352.0078125,1,0.0,4089.967418881458,4117.82153405376,4112.859449688655,4100.365673506917,4118.639177984194,4118.61258675932,4088.7986447761155,4104.03793891253,4113.246034173629,4113.5471348063775,4093.6333837475595,4108.584168400438,4114.735998737424,4084.8553699675685,0.0,0.0,2.0
1696836352.015625,2,0.0,4088.3751606017017,4087.3237217843443,4092.6356481843864,4097.81955346808,4098.8065427213105,4084.398781314735,4082.7247832114126,4103.308177463417,4081.2359396232796,4116.264828474127,4089.05076848605,4098.0108059620925,4107.329947534271,4101.028024723535,0.0,0.0,2.0
1696836352.0234375,3,0.0,4109.613231004661,4101.03114910014,4093.1521099801967,4114.938262841585,4098.386022250165,4083.001531908565,4117.985327401208,4116.686039957343,4108.154433740056,4099.428244619879,4099.951619314918,4101.350692167988,4112.958927825033,4088.4623207084055,0.0,0.0,2.0
1696836352.03125,4,0.0,4116.131193587759,4114.2990474317785,4105.381310998044,4118.184189301772,4083.3973121348704,4114.010474242511,4081.153050494011,4099.931627664458,4101.463933111906,4116.904409588684,4088.294482946922,4104.265645088489,4111.393874115753,4085.2327137211687,0.0,0.0,2.0
1696836352.0390625,5,0.0,4119.308725797659,4110.118134515734,4086.655945512541,4107.187011550157,4114.823715194558,4084.4631746975388,4100.078601565494,4100.453677829277,4094.218823136913,4113.463205711139,4113.710661061542,4100.589708475639,4095.5927765449114,4083.924074074149,0.0,0.0,2.0
1696836352.046875,6,0.0,4115.0326559002815,4092.3512143583,4108.50515823289,4112.49307586759,4100.943066793588,4096.879425783562,4117.73248781647,4084.035586507263,4103.165923990127,4094.3963034376,4118.549700612822,4098.4008129202475,4080.208107998815,4090.841866193009,0.0,0.0,2.0
1696836352.0546875,7,0.0,4090.789690419903,4102.14654191814,4090.54547426329,4080.0056983680893,4100.023039000765,4088.888850826123,4080.0519827420108,4094.3074083606853,4106.330008938599,4090.429356644537,4086.47046628369,4113.636451017998,4092.7910346024923,4092.373868431447,0.0,0.0,2.0
1696836352.0625,8,0.0,4094.829677553147,4113.7614960421215,4098.832576120197,4088.3669522785867,4082.678369365717,4119.237892330078,4118.299176167833,4096.9424485581685,4085.7580181638787,4109.438566291811,4095.317237994542,4098.4659836165565,4106.7207215969065,4110.143334445777,0.0,0.0,2.0
1696836352.0703125,9,0.0,4092.8345919021435,4109.015635629504,4113.040225703962,4112.587978344112,4099.307711486361,4094.505709257332,4089.701562657035,4103.854237687158,4084.3627797231875,4108.067307164294,4107.007068803494,4114.547605328493,4113.172965844214,4119.438307160483,0.0,0.0,2.0
1696836352.078125,10,0.0,4097.842488616997,4102.542437112687,4111.265265572167,4103.674004756015,4108.247413762536,4107.705508597723,4108.899106590445,4102.430253263785,4086.864807632331,4093.3217494717305,4091.6606076716457,4098.246546529064,4087.9077220225963,4099.6604265092365,0.0,0.0,2.0
1696836352.0859375,11,0.0,4111.090284707357,4100.657554922775,4086.644595303575,4094.744783416041,4086.0136181119487,4083.1577655210726,4080.8845504761925,4092.504628301517,4100.793639431518,4092.4188610707483,4102.397666643035,4101.567829335363,4091.998515003212,4104.380266475663,0.0,0.0,2.0
1696836352.09375,12,0.0,4081.558616753136,4109.151708403502,4089.7188433992746,4092.7540078749066,4083.7084562420264,4105.326295285754,4090.7350373627096,4089.06051322967,4116.878782091053,4102.792496750362,4117.864048562226,4118.551754684437,4084.45257333539,4102.4446526628035,0.0,0.0,2.0
1696836352.1015625,13,0.0,4117.102555146276,4114.039433087949,4113.569336241765,4080.08956221197,4094.385375262845,4094.842537354779,4113.393900523944,4094.9476708797056,4110.7056900001835,4085.6946138729504,4086.199372939643,4105.761660566724,4111.649752361859,4087.7410560479975,0.0,0.0,2.0
1696836352.109375,14,0.0,4105.833370909187,4091.964359429792,4113.496686646719,4098.251162478038,4081.7099098935378,4080.1372844432203,4116.313356496725,4107.0768687156005,4096.638951756673,4102.284453778326,4097.149526714284,4098.276444442084,4095.2746781404426,4113.858542196861,0.0,0.0,2.0
1696836352.1171875,15,0.0,4092.4107916279468,4116.426159055407,4094.0263701789895,4080.0805286191335,4117.857416069369,4087.0227857097443,4113.371746258516,4116.901627692672,4096.972339345077,4084.548728588366,4115.549692363856,4114.012492136449,4083.176066962665,4103.436060125942,0.0,0.0,2.0
1696836352.125,16,0.0,4083.662067408911,4096.566187667864,4090.6253829458615,4092.1481171047126,4088.9642125829178,4118.944837735852,4100.873938413839,4086.450886336989,4115.945268148046,4115.847531257924,4087.576539199896,4115.66015256259,4083.405675481643,4113.765262076725,0.0,0.0,2.0
1696836352.1328125,17,0.0,4119.2367371756945,4087.4391254776665,4083.0489977429015,4088.052185388617,4090.5080728840408,4109.56748439916,4094.3714861796293,4096.8916115102365,4091.2730677140034,4082.2030448781707,4093.9330809474864,4102.566508770733,4101.69486543558,4091.2579192129847,0.0,0.0,2.0
1696836352.140625,18,0.0,4105.2049034731,4087.816638046163,4111.954658074564,4099.7437957254,4102.3292574115585,4087.7845180755153,4119.263388947209,4090.5156556863503,4108.519034477302,4114.513433679722,4083.3961459052507,4092.534649648672,4098.554211806748,4108.041068247545,0.0,0.0,2.0
1696836352.1484375,19,0.0,4105.603757378158,4082.1765473515943,4103.7061974356975,4085.330350315361,4106.088250614239,4085.175848548329,4094.2710379562322,4113.912819524511,4085.9764687895176,4104.2090821122765,4119.293008224163,4081.662458343317,4100.055408586386,4090.4451024392833,0.0,0.0,2.0
1696836352.15625,20,0.0,4083.8422250603844,4118.840019953641,4104.9858981255875,4110.973543338692,4100.413373709811,4098.206115018997,4082.31484962588,4109.8483136226305,4119.549293614224,4116.000153630137,4113.384850550067,4100.306601034396,4117.25531316671,4095.469297544827,0.0,0.0,2.0
1696836352.1640625,21,0.0,4084.770956797645,4108.968529369621,4102.400852639828,4092.621531870578,4086.1582163829644,4118.754194784762,4116.786529390289,4104.118418442636,4097.2151703688205,4098.933254558887,4108.177263723434,4094.7864423772166,4092.1748528571984,4086.150237111529,0.0,0.0,2.0
1696836352.171875,22,0.0,4089.228064072846,4103.980258849894,4092.814193680833,4080.5561195853606,4103.462327752817,4095.0518419351906,4101.186174301298,4098.679824872226,4093.0053268927127,4082.9830148424176,4080.3586395362518,4081.7171362316367,4100.902107353405,4115.320060765388,0.0,0.0,2.0
1696836352.1796875,23,0.0,4113.934335107335,4116.2822528485185,4097.180271739544,4093.967070458703,4119.561581337297,4098.43859338695,4111.778658423393,4088.1096531697567,4101.444496764536,4110.279569534583,4103.462000081602,4114.4210489722645,4107.785982936262,4104.23199675809,0.0,0.0,2.0
1696836352.1875,24,0.0,4116.2087048120775,4085.2445140586065,4117.285296882117,4099.2043354302095,4090.3367708673477,4109.776406635137,4081.898595430235,4101.253435111994,4111.656287773286,4098.005658011605,4119.171236768497,4095.6039336532076,4117.232136500828,4085.1686673838603,0.0,0.0,2.0
1696836352.1953125,25,0.0,4098.215066270809,4114.675444283877,4103.749977464621,4113.094076115238,4091.7171964036384,4102.920375685203,4102.710775809029,4082.394390155575,4106.766839999094,4119.731086209654,4091.5340946260785,4080.86625980004,4110.649051850006,4097.744767134344,0.0,0.0,2.0
1696836352.203125,26,0.0,4083.6073782422463,4099.693568076102,4101.432978138005,4106.981345707098,4115.750554621098,4115.980598841017,4085.9938803852197,4109.191156005832,4114.583713673349,4105.008400559137,4097.408033806544,4088.5675641939924,4114.363282823928,4090.733327937302,0.0,0.0,2.0
1696836352.2109375,27,0.0,4116.145388944557,4114.143814606128,4094.186307777776,4095.3317585018995,4080.7483211812664,4096.6814679264735,4106.812827235095,4110.471796301679,4088.3217520905105,4104.8306457650515,4101.309688597386,4095.1385634816343,4102.254215515777,4085.2244123454034,0.0,0.0,2.0
1696836352.21875,28,0.0,4094.231632133596,4094.7358854091435,4092.454298570517,4092.7157820759803,4118.556823002502,4084.6624722040087,4098.7466409802555,4101.960090006211,4101.3929340098175,4096.549323873514,4087.8405066149126,4084.379118530934,4089.8564574909415,4104.938262716721,0.0,0.0,2.0
1696836352.2265625,29,0.0,4108.451026093502,4092.497051134292,4108.815383988681,4115.374125114969,4091.570759697666,4091.7971900985117,4110.8426271586795,4106.497183959638,4080.054370982261,4119.630134304472,4081.508433710966,4087.6282985992025,4095.20369445504,4115.002695843373,0.0,0.0,2.0
1696836352.234375,30,0.0,4097.22660922473,4092.1440724372274,4094.138516480309,4081.831110207788,4091.8145828563906,4115.061218619911,4117.101352499195,4110.41973613549,4085.4374597726214,4095.219910957707,4092.134168127005,4087.633372479374,4093.875790362243,4104.609103989521,0.0,0.0,2.0
1696836352.2421875,31,0.0,4098.069564634318,4114.413589101949,4084.741193921397,4116.4628590966595,4082.717395644924,4093.491770266753,4098.891929689752,4086.3120146385368,4091.4145267598633,4097.365713288685,4088.260884699369,4093.9154178643594,4119.634043034796,4092.027523135251,0.0,0.0,2.0
1696836352.25,32,0.0,4085.623067768593,4107.355894152578,4117.344171612594,4116.349881347621,4101.5589015878,4118.353985486904,4099.323930655365,4113.1102346881125,4096.666583823602,4082.090982972004,4112.648393974691,4112.80313199171,4113.809619976391,4096.082835944261,0.0,0.0,2.0
1696836352.2578125,33,0.0,4115.063510659314,4114.332169336763,4112.464240339184,4083.941039694813,4105.703019205418,4081.262073845877,4119.484064288559,4080.6833600610103,4102.531568198268,4091.807301159462,4110.803345370109,4080.8589035018717,4081.42310270861,4097.977738671358,0.0,0.0,2.0
1696836352.265625,34,0.0,4092.675650653596,4101.067120528367,4091.8454863754196,4115.216073322143,4116.533279849841,4109.300927991487,4114.834722318203,4115.118548913468,4082.372169480757,4117.139188252631,4083.357573829291,4093.678153889419,4092.670718988226,4099.190918679496,0.0,0.0,2.0
1696836352.2734375,35,0.0,4107.476055982114,4117.585345714214,4092.3513804481013,4081.632562126227,4093.0938675151756,4082.060467444956,4089.686850385614,4087.645624221279,4081.432326550748,4117.584106959108,4086.486455101561,4086.045002182104,4090.493282754953,4099.148172573568,0.0,0.0,2.0
1696836352.28125,36,0.0,4098.6474308032275,4084.7195685547717,4090.8977163107197,4083.5521928742232,4117.212224993763,4087.580808628462,4097.376008657006,4088.2316996781433,4093.867187150784,4117.145206260127,4115.44300332183,4098.1974423408,4102.831193237271,4108.93442347031,0.0,0.0,2.0
1696836352.2890625,37,0.0,4108.585142620606,4118.1703961426765,4098.777938042744,4111.4383122506515,4086.3595276024503,4106.392266324357,4088.2477243043763,4100.999608089354,4096.93544194397,4106.528363069963,4099.977253863238,4087.5303263531314,4108.274155475066,4111.376957804762,0.0,0.0,2.0
1696836352.296875,38,0.0,4087.925990346512,4095.645987981183,4088.142926695257,4080.3764340497937,4104.2981990336475,4097.630821490716,4103.734064326949,4085.8999292248573,4083.9381713895687,4116.55122537155,4117.857595712024,4104.699734086947,4083.6050540963984,4113.400009771874,0.0,0.0,2.0
1696836352.3046875,39,0.0,4087.8236442120897,4087.13277267771,4080.935855154198,4112.7358989015,4110.526634007981,4102.601123726678,4101.655863686779,4117.700534883747,4096.415229433951,4103.050170360796,4093.272501117014,4100.286986580678,4085.773111597317,4118.703272176125,0.0,0.0,2.0
1696836352.3125,40,0.0,4100.841571087671,4116.065591499216,4103.249235188815,4100.834969420867,4085.103297078519,4091.450173155291,4087.580461095969,4093.8931374027443,4110.12453260265,4083.835930223303,4114.134215854838,4094.3892000000474,4097.520887931737,4099.223235792029,0.0,0.0,2.0
1696836352.3203125,41,0.0,4104.325113967374,4107.970600852095,4101.885637743271,4117.256368526465,4115.248874533896,4108.0045923331,4088.93839907232,4113.5888359122655,4119.632163461067,4083.6785191609947,4119.524803568657,4092.3175041025875,4108.443054136915,4095.404019052759,0.0,0.0,2.0
1696836352.328125,42,0.0,4108.609341682959,4109.587192122729,4085.5101882353097,4116.072684671337,4095.9297951086364,4109.184996925089,4080.7582212772822,4109.433234079856,4096.826901476466,4106.806961619133,4097.635517091279,4112.281760214599,4101.621469811159,4112.686609235754,0.0,0.0,2.0
1696836352.3359375,43,0.0,4105.1243135388595,4087.7038863039306,4094.1979382314003,4100.175372497577,4088.667582569435,4083.3507408510727,4098.0967421719615,4115.666974519667,4090.981356276155,4092.840972441778,4098.984428884315,4090.313696269713,4093.399295593036,4114.719897647163,0.0,0.0,2.0
1696836352.34375,44,0.0,4082.747895780069,4109.678513381994,4110.0711411770435,4081.165071584635,4109.087288106879,4119.428729428586,4117.595396553122,4089.2176103243883,4117.198945071972,4087.4651752324535,4088.8227503322455,4109.771560384255,4105.359220232783,4112.8009267538055,0.0,0.0,2.0
1696836352.3515625,45,0.0,4094.79343728446,4084.035434989254,4115.218242820329,4106.085626443189,4084.328289663393,4080.135144241607,4091.89915408703,4082.562638328304,4094.76150295566,4114.95402229764,4090.5540887438074,4112.412261276156,4104.569809356739,4087.6616073548216,0.0,0.0,2.0
1696836352.359375,46,0.0,4105.503327860737,4113.0122536415365,4092.548326161543,4080.408602085087,4101.253748404182,4085.6496392278837,4117.360648606975,4085.9683068745867,4092.535807508698,4106.794800272012,4094.554135512356,4095.7765612257645,4086.807176192751,4107.769562585009,0.0,0.0,2.0
1696836352.3671875,47,0.0,4109.982292790688,4115.634938582597,4086.034344987655,4094.3050228191887,4117.15532732456,4085.3295398203795,4092.681129680747,4101.660956885622,4096.25134867268,4097.72677648061,4118.871057812907,4093.6724376321818,4088.468974419014,4087.8214427118505,0.0,0.0,2.0
1696836352.375,48,0.0,4116.949567641731,4112.832883549518,4112.1744071516405,4114.2712418606325,4080.3808391196844,4100.1285039231525,4085.3005362528997,4096.066212401788,4099.188778208611,4108.365030462893,4099.145079301536,4097.705403638612,4088.688162268014,4114.12871921907,0.0,0.0,2.0
1696836352.3828125,49,0.0,4085.8814528246444,4104.0844787066735,4094.8254951308727,4096.804420120359,4103.764947752843,4100.052038937298,4101.625239508134,4082.8151885844322,4085.144911667977,4106.565222195019,4118.261864352279,4112.842026813244,4110.821772114842,4080.5952251335857,0.0,0.0,2.0
1696836352.390625,50,0.0,4117.227072656996,4119.958636434711,4103.827224846847,4109.141398462807,4096.7471245834595,4101.811292371203,4081.1761373304075,4096.816822513042,4080.3433696900925,4106.840241336814,4113.787274492603,4115.07243759816,4091.046535287791,4113.543115485628,0.0,0.0,2.0
1696836352.3984375,51,0.0,4111.159259861751,4119.729312606983,4096.040235106646,4083.648907882985,4111.761113966353,4114.472818295228,4084.6640470904363,4103.9579265404955,4102.40744035288,4114.860682631382,4107.225288351847,4087.0752296690957,4090.3421910931365,4113.5075558346125,0.0,0.0,2.0
1696836352.40625,52,0.0,4087.352860026662,4113.812165704596,4115.714253501256,4083.1256088254827,4107.701485684725,4102.153949476484,4098.686208413468,4102.538906533135,4118.015831009466,4086.28983814566,4104.654529723472,4095.295191297645,4087.3642374059964,4099.993064565394,0.0,0.0,2.0
1696836352.4140625,53,0.0,4080.723642010333,4085.9413969048337,4097.976691823323,4099.470780461838,4103.01931410183,4083.0536531804505,4081.0777359894455,4103.340358180091,4088.0872348884645,4092.9176921398544,4086.3799587728654,4096.260492474347,4099.813169269153,4088.3564183878207,0.0,0.0,2.0
1696836352.421875,54,0.0,4091.9781679614152,4118.4923320430935,4080.779816367989,4087.5796246715163,4086.886949555172,4117.076931922603,4086.090088850778,4096.382148065051,4096.201906790803,4107.459258616017,4090.5947335951964,4116.961684669667,4111.482993080978,4109.08351929055,0.0,0.0,2.0
1696836352.4296875,55,0.0,4094.210534885784,4105.552797598606,4087.716356731044,4118.848425674927,4109.5419236332455,4111.136104131129,4088.985405267167,4093.834324590929,4082.4382341333344,4113.969941755131,4080.7904128058753,4105.322084311371,4094.5642989226376,4080.8927573803626,0.0,0.0,2.0
1696836352.4375,56,0.0,4088.4322511465843,4119.850783409987,4102.652518145256,4117.357799524074,4097.172762906323,4106.500771714889,4118.261687112448,4086.0039345774776,4112.524457909368,4104.925670917294,4107.364790350517,4082.7022225446754,4098.401434836672,4081.0623397867826,0.0,0.0,2.0
1696836352.4453125,57,0.0,4103.2963711516795,4085.7914601588336,4100.155322200525,4102.620601089531,4089.3830338536663,4086.081729439709,4096.0839783149495,4082.8564887329035,4097.4507512118635,4112.283184700777,4099.865495561765,4117.447964591328,4087.1043373155862,4091.849186134495,0.0,0.0,2.0
1696836352.453125,58,0.0,4103.54205127809,4115.763766581461,4106.787622133715,4084.01530862059,4116.294606524078,4083.976961225194,4107.339213295365,4090.456322065788,4083.4126749346938,4105.604751380717,4115.447243564119,4098.191533188368,4101.327504118915,4096.736297468316,0.0,0.0,2.0
1696836352.4609375,59,0.0,4108.2217948198195,4108.539040815116,4109.415496450062,4082.6119288693485,4100.382972393187,4115.837868932573,4083.740455505875,4117.470490548596,4105.673561976008,4103.730433861527,4080.8450959199763,4094.980883140823,4112.289317297166,4089.4339543314977,0.0,0.0,2.0
1696836352.46875,60,0.0,4109.611620315016,4095.468138942562,4092.413391510429,4096.024181515706,4107.299980443483,4095.0568271458883,4088.933063298582,4109.772025953193,4100.521466813718,4118.546580599735,4117.837701935033,4092.512731876035,4090.885920860429,4088.134678653103,0.0,0.0,2.0
1696836352.4765625,61,0.0,4105.201242827487,4093.5075884683915,4085.1161294903286,4102.263764090752,4113.797696565085,4109.230039644143,4103.929228418858,4108.434941179646,4087.244409416185,4096.798427547896,4085.6813675304456,4085.709788017136,4104.693084899815,4088.8657050138754,0.0,0.0,2.0
1696836352.484375,62,0.0,4103.49556645977,4117.677969496885,4096.677457550313,4106.1247504300845,4092.832527187032,4103.210893989453,4094.6542426458473,4102.718677378156,4093.6291476708466,4115.410208675009,4107.697756641713,4098.946489067199,4095.054459642037,4117.302586595017,0.0,0.0,2.0
1696836352.4921875,63,0.0,4089.67525411757,4095.6386188570823,4116.779376943853,4096.801780402669,4111.406841343891,4112.421600381731,4081.848020842622,4093.4626638342297,4098.082849249868,4088.8801832166905,4090.106907146632,4108.880146011774,4088.8043223582986,4112.154517910172,0.0,0.0,2.0
1696836352.5,64,0.0,4099.2489833575755,4104.643897754086,4097.49340109835,4115.679659385454,4115.00860503579,4118.470601022814,4086.263396287091,4106.65060828352,4081.2354594159465,4101.017605014554,4113.2143225484615,4080.663886873841,4085.3674562234114,4097.364028803741,0.0,0.0,2.0
1696836352.5078125,65,0.0,4109.018021609538,4092.703424519877,4086.8082569395033,4102.221950471065,4091.1264013021523,4088.9451761756927,4096.265365300787,4080.9771534808283,4119.7957369969545,4099.655041448304,4099.315939766301,4105.58404363429,4093.2288817679764,4089.0273016575443,0.0,0.0,2.0
1696836352.515625,66,0.0,4089.201632842783,4090.928044055672,4081.805977253531,4080.157655395671,4111.679058503634,4118.679085758601,4101.793663926505,4080.864690903986,4094.3342094785685,4097.36012802577,4086.1274270065937,4103.630728413208,4098.089497991107,4112.695655607572,0.0,0.0,2.0
1696836352.5234375,67,0.0,4096.788192118486,4084.460498148139,4081.3639310598896,4103.543084775585,4105.811668951049,4104.895262472856,4098.107951216824,4114.06413597526,4107.043094364719,4103.744322734832,4098.208719359648,4112.702321600492,4093.7708438205764,4118.089251195877,0.0,0.0,2.0
1696836352.53125,68,0.0,4088.1732150831945,4118.398372680691,4116.1700608652145,4096.973976904647,4103.046783488437,4119.098235902904,4108.033536253408,4115.110184475958,4082.3004155077024,4108.634867506606,4084.3106112292785,4111.119237377015,4110.610224311645,4101.454072147729,0.0,0.0,2.0
1696836352.5390625,69,0.0,4085.1842308613554,4095.4266341360926,4118.101095163111,4085.481179913099,4108.448510197111,4089.3591356256343,4097.999496672941,4088.4196895933205,4099.564667407711,4111.098832996782,4106.888739949597,4102.813615599197,4111.02222014816,4099.19213362122,0.0,0.0,2.0
1696836352.546875,70,0.0,4101.888231644806,4100.647570544525,4082.7750709886877,4113.973621185517,4086.6410531439296,4099.122600984689,4111.466530139098,4118.738380981167,4087.4373071698033,4089.596344004759,4112.290776693545,4103.712122154921,4095.799985774238,4109.733791025798,0.0,0.0,2.0
1696836352.5546875,71,0.0,4080.2350583320685,4081.212123998715,4081.8902083271887,4113.99208079291,4090.680125378208,4111.989091612385,4096.782011880867,4118.177211238336,4117.432329296292,4110.485164805408,4118.782750723225,4093.2665002608915,4088.302807787402,4115.390433095405,0.0,0.0,2.0
1696836352.5625,72,0.0,4116.514597259438,4093.2999654287373,4111.661192650502,4095.1680124925483,4099.54966618859,4112.783291856524,4082.748430547796,4109.765710821642,4111.5939522823,4109.594255050816,4101.267762020517,4106.7477639641,4117.444309129356,4090.633305379649,0.0,0.0,2.0
1696836352.5703125,73,0.0,4090.4002881405827,4081.044590239517,4119.634362366789,4101.985458240545,4091.251285688322,4106.096518094168,4103.328973825581,4119.873658869099,4109.604155076568,4095.2097989079243,4102.731681982017,4095.8973394426894,4112.754755780541,4081.430523342865,0.0,0.0,2.0
1696836352.578125,74,0.0,4085.3751444498857,4092.377613580598,4115.253015785289,4113.656365612216,4083.626524846821,4111.485852728782,4082.0960955867554,4085.0782469983146,4113.10658669403,4096.288324003551,4102.363163691871,4108.037210018332,4109.913677815937,4083.8598886822824,0.0,0.0,2.0
1696836352.5859375,75,0.0,4082.0652767452416,4100.986386428117,4108.410076379931,4105.266106347965,4098.39802820471,4111.995721493217,4103.874020272806,4092.541051526917,4101.569114523713,4115.797310694327,4116.96291179287,4083.46281957905,4108.742260382398,4108.235941506621,0.0,0.0,2.0
1696836352.59375,76,0.0,4115.002529674948,4093.2536542355447,4107.492699729494,4097.602064123247,4105.112027991683,4116.071420752093,4119.60146572842,4095.600440941154,4081.0441001507133,4099.586970644461,4082.565273182312,4113.649668362612,4080.6839476010573,4083.6294343025124,0.0,0.0,2.0
1696836352.6015625,77,0.0,4091.9570292041594,4086.725070874636,4108.996286249963,4114.624462226855,4104.948152104663,4117.689573309627,4091.3110835242765,4111.927752109793,4084.717970420351,4114.298840125916,4110.401752490577,4092.463893610925,4104.336767854037,4095.0994548074173,0.0,0.0,2.0
1696836352.609375,78,0.0,4081.3046457678183,4084.806780655811,4094.153209204645,4119.677248563255,4092.6818212642647,4083.557815563925,4095.535171284234,4105.281680388236,4094.9545652865622,4104.766553007256,4109.383088212037,4086.5583309982185,4111.226771657218,4095.5345047313126,0.0,0.0,2.0
1696836352.6171875,79,0.0,4093.0909405819175,4103.473049181942,4108.427859593695,4096.778858451766,4090.8971011349636,4114.884275314474,4107.543444810774,4109.2122152651555,4095.9088536908403,4087.319290876821,4080.9813037622735,4094.4601982336967,4116.379012839695,4107.851033310322,0.0,0.0,2.0
1696836352.625,80,0.0,4082.0199040955345,4110.749123591206,4104.720787281474,4115.116094747145,4085.3454301888246,4083.364838696962,4095.6504478455386,4118.221531113646,4091.4292805002206,4106.380110927024,4117.856063996789,4098.335642619476,4096.166092689758,4114.893740776137,0.0,0.0,2.0
1696836352.6328125,81,0.0,4118.438214646847,4087.292447377853,4096.748565392338,4083.6819093248996,4082.5360994560156,4099.602834261517,4091.3323055967967,4109.725284443205,4107.552766308364,4088.9848338476213,4110.043732409326,4098.568519438235,4083.9421349767968,4104.754495336459,0.0,0.0,2.0
1696836352.640625,82,0.0,4081.183277595807,4108.852235385738,4087.1445155119677,4083.398750249323,4115.471859861274,4108.698945154667,4092.34214062376,4093.7707379511585,4103.01837322182,4114.710658589083,4082.8969219945857,4117.412455606724,4115.911554383754,4096.407073744718,0.0,0.0,2.0
1696836352.6484375,83,0.0,4097.5811183014575,4110.123131916219,4106.937813053669,4112.403260273066,4112.462916929847,4087.178397643045,4083.421920666248,4110.352339761395,4107.945074404703,4116.158088012992,4117.510762505263,4086.6352207544032,4101.980287999539,4090.7289408284896,0.0,0.0,2.0
1696836352.65625,84,0.0,4092.536270602937,4101.88977515195,4112.451883616731,4089.8959590873533,4080.954054760997,4108.764424184304,4108.496913757925,4094.7286025650023,4115.820282218101,4082.562051503133,4088.793617795768,4098.370070310321,4113.308401774694,4102.190268510376,0.0,0.0,2.0
1696836352.6640625,85,0.0,4088.8978663164876,4084.3901923015983,4116.3139299294035,4093.6587586386745,4080.7737645190446,4099.723808065509,4114.880674397099,4081.9991443187173,4104.977953382836,4100.233766283791,4093.2731320629646,4094.9483832197916,4095.7992718186033,4111.706846444332,0.0,0.0,2.0
1696836352.671875,86,0.0,4114.016535149259,4089.395394092066,4112.505267591963,4104.41841546579,4099.411404262521,4105.388242012105,4111.3624956886,4087.4364274756426,4083.7631725925776,4102.418607115671,4104.692177723891,4110.406570814505,4090.0802809521388,4087.4629408865867,0.0,0.0,2.0
1696836352.6796875,87,0.0,4111.334827177712,4099.719658335471,4086.260580898003,4105.740810809072,4090.51325894994,4093.9059554800233,4103.867808366551,4091.496391391066,4096.3162360758215,4117.962030481688,4095.8500049500312,4085.970539275242,4089.9491184096487,4090.1321247071346,0.0,0.0,2.0
1696836352.6875,88,0.0,4102.686831756446,4097.101416987128,4107.486921391777,4092.7666606855264,4089.774237266814,4112.27124403244,4084.9480376698257,4099.917902491552,4101.118615893735,4102.032839393474,4085.428098212093,4108.312359725731,4084.0942613109264,4104.4990832021185,0.0,0.0,2.0
1696836352.6953125,89,0.0,4092.7237923046396,4114.9793635969245,4087.514015681564,4090.194141050843,4110.792980916968,4085.9650468449236,4115.592335095788,4112.053582733903,4092.357846737541,4083.744637329386,4087.098125064355,4100.710736681268,4110.507388874929,4112.750188407594,0.0,0.0,2.0
1696836352.703125,90,0.0,4110.383541513539,4100.781386849025,4084.5213303258406,4095.531673883173,4106.886625752764,4088.951409506091,4114.810880145912,4108.407577536355,4096.608619939177,4089.7269898146847,4119.9144029764975,4097.540071719248,4101.845517528801,4105.34309845397,0.0,0.0,2.0
1696836352.7109375,91,0.0,4082.2568040600304,4108.330014146109,4088.8482442445247,4080.4102498729535,4110.199743391594,4090.591492923681,4099.623196458303,4095.144598873798,4086.7518207628327,4118.522701427442,4086.8330700497936,4105.156402951259,4084.645145265013,4114.059110636852,0.0,0.0,2.0
1696836352.71875,92,0.0,4107.471982313577,4111.597318160299,4080.6509414647135,4113.492858062822,4085.1938906798177,4110.3427025609935,4097.986824559383,4080.470227385337,4107.69249982766,4106.37786063353,4090.2693427312006,4082.7431152258696,4083.656298843923,4084.3602905155867,0.0,0.0,2.0
1696836352.7265625,93,0.0,4089.9176371490885,4087.0785329074924,4100.00556214717,4117.525376618514,4099.953097579575,4095.26888403601,4103.148326829346,4097.178304185583,4103.605233495456,4082.4307383835885,4111.045682237334,4115.60981623845,4106.248883652566,4111.028798658848,0.0,0.0,2.0
1696836352.734375,94,0.0,4084.6905531560456,4087.5855874337285,4110.114138497355,4111.392047449401,4080.814146527643,4096.30449649151,4111.582631174061,4112.035654368766,4083.1812850341507,4119.133070574101,4096.508725698693,4103.913820121705,4115.580115433245,4085.383639502637,0.0,0.0,2.0
1696836352.7421875,95,0.0,4112.154641666361,4110.19352945261,4101.331049220608,4103.768327412291,4096.235468263582,4111.42719426889,4106.3513417855165,4111.371263463014,4092.529108656554,4099.2425601967025,4114.073838018493,4100.03046370808,4090.2744722426078,4112.382683952953,0.0,0.0,2.0
1696836352.75,96,0.0,4096.375562394497,4096.19719120498,4097.197069326357,4082.3239480211537,4098.533427869001,4095.8805891525462,4113.331474989569,4088.1650285487904,4110.848183113384,4118.797303083834,4115.874831662645,4099.489976017096,4095.68975675222,4115.3477169045,0.0,0.0,2.0
1696836352.7578125,97,0.0,4093.3705137100073,4106.632960391552,4086.9771249585974,4099.628752120265,4090.007043445296,4101.148728400723,4082.6611745937153,4117.426723191876,4081.254001096822,4097.913581375038,4086.0349996962736,4094.4773731854452,4111.395800875681,4099.85942029321,0.0,0.0,2.0
1696836352.765625,98,0.0,4095.5957421841517,4114.890376578636,4104.849900260699,4082.6613569823903,4081.3252231501633,4080.872900382522,4090.677836813837,4086.964377535449,4092.984519971078,4104.6669048196445,4082.2010715419074,4109.289844686431,4088.4994412289716,4080.986938626722,0.0,0.0,2.0
1696836352.7734375,99,0.0,4111.270717138787,4108.093094022126,4102.587211127897,4100.879589896176,4104.184509819714,4090.680046559801,4101.346507002886,4095.7393758475887,4117.981441391427,4110.582594820663,4089.222529471293,4080.371455191534,4092.7822066301987,4085.683720643032,0.0,0.0,2.0
1696836352.78125,100,0.0,4096.339100295664,4113.705389568643,4094.758508897233,4103.4321733018505,4100.7216307842655,4112.913134877043,4106.826831020604,4089.2513233815644,4096.662676067619,4108.359976858267,4118.581337108709,4093.3277737261487,4111.41478068929,4106.949439637113,0.0,0.0,2.0
1696836352.7890625,101,0.0,4118.153424024417,4089.3309669826117,4110.935530413448,4098.8692096159275,4091.5740434755626,4080.3759528072874,4090.26301076507,4081.0276940000635,4096.836396022503,4081.365371971539,4095.367350998096,4090.94822766779,4097.164425202423,4116.3279128761105,0.0,0.0,2.0
1696836352.796875,102,0.0,4110.858824369328,4118.247308319905,4101.550671152534,4106.222291719261,4087.8337291238895,4095.194931183472,4084.8244604270308,4108.504551625908,4119.19637038646,4104.180103697422,4089.4442327660463,4119.088741475628,4106.948139764403,4103.496719461558,0.0,0.0,2.0
1696836352.8046875,103,0.0,4115.602947133471,4081.3782350650304,4117.77374278864,4118.128887994428,4104.76796414239,4087.024468248005,4118.84598201837,4102.311488752007,4098.468390239425,4114.762160122403,4105.219495887959,4096.7589259159295,4110.375729220503,4112.385263254367,0.0,0.0,2.0
1696836352.8125,104,0.0,4089.25250348714,4115.196508817009,4100.502407830148,4091.8164158448935,4111.983178344482,4103.220456188222,4106.062869121318,4106.103095107182,4102.06803814733,4091.0292468866396,4100.463270604367,4114.183469913897,4097.470941355835,4101.018905949124,0.0,0.0,2.0
1696836352.8203125,105,0.0,4099.114550628055,4107.102893445219,4098.920960636495,4090.6417525207657,4116.197666633356,4100.091618374835,4088.3483312461913,4090.742943168461,4110.218909002955,4119.023721643613,4103.906814965225,4084.293282568639,4083.76691647571,4099.456279966211,0.0,0.0,2.0
1696836352.828125,106,0.0,4095.127389339062,4119.058844620064,4083.4972548321207,4097.620925218765,4087.7670058338053,4105.524618703279,4116.721050308458,4101.285272459536,4097.876306762337,4116.281385704595,4119.7726709994595,4081.184979583394,4093.8571260481626,4088.877162029953,0.0,0.0,2.0
1696836352.8359375,107,0.0,4110.259744654813,4099.461488923386,4109.346750105129,4085.8197075093885,4118.9118160200815,4097.238260725001,4088.3916154301087,4082.442672554818,4116.374043031794,4083.355218970006,4103.124585617602,4086.479102991592,4103.166029899061,4118.326733007899,0.0,0.0,2.0
1696836352.84375,108,0.0,4082.91498836957,4115.3903298321875,4080.796233776752,4091.5989424692007,4082.7512717370146,4099.282120174859,4081.010060186051,4093.0079840572994,4086.6489621849328,4091.8355463993967,4106.895860000981,4110.419765446781,4096.552586358068,4082.471435977751,0.0,0.0,2.0
1696836352.8515625,109,0.0,4093.3586248456872,4101.156499950878,4106.3934369710805,4104.815638240101,4086.75909430606,4112.725998329674,4112.53226685454,4119.459865907382,4118.908373178352,4112.908478291926,4098.576302325924,4091.6618003443455,4109.726163787438,4101.46375598985,0.0,0.0,2.0
1696836352.859375,110,0.0,4100.117775218611,4101.6790657415695,4089.4492227621313,4090.806313346881,4107.272901591917,4109.207367210029,4091.48178922763,4080.450650890176,4080.7849013873915,4104.552668572882,4118.9928859693055,4083.0580411270694,4094.910329815997,4111.472595364658,0.0,0.0,2.0
1696836352.8671875,111,0.0,4083.3584098570595,4119.342800165262,4114.6407081619045,4082.224778567171,4096.31578244162,4089.2507993581403,4083.5229656292904,4093.140633994224,4091.1274478917026,4081.370572980923,4090.7579860810447,4088.548174523738,4087.0392062714704,4094.514305298155,0.0,0.0,2.0
1696836352.875,112,0.0,4117.462195056016,4084.206933249984,4086.600198588612,4102.322395840324,4094.4111253474834,4082.593381460675,4105.012503168399,4084.8405836825473,4105.407730294154,4113.247098004983,4103.705101827485,4088.4081440592045,4111.638290420396,4105.554994686967,0.0,0.0,2.0
1696836352.8828125,113,0.0,4116.584135680181,4097.893094627851,4104.428958641592,4082.9089943702656,4116.343886426543,4087.2163205712554,4103.575134884057,4119.400675635305,4115.907103767398,4088.5471961712624,4091.0046961541157,4089.2308518306154,4117.670374998658,4096.693819138993,0.0,0.0,2.0
1696836352.890625,114,0.0,4102.3206704043605,4087.7422544723468,4106.81336204466,4095.496657327006,4105.134622766687,4086.3292451920947,4091.113037107631,4116.809198697295,4103.682224771943,4109.495859507783,4113.267555283036,4113.438143794848,4093.946984103055,4088.204246402742,0.0,0.0,2.0
1696836352.8984375,115,0.0,4099.813616696546,4095.9163963477745,4119.256900008451,4096.163392550645,4087.7984502392314,4102.391107623626,4108.122386659499,4118.89203087979,4107.03458613497,4099.234981453579,4106.923766844278,4101.881420115282,4111.916897032461,4107.009566085188,0.0,0.0,2.0
1696836352.90625,116,0.0,4116.244102322091,4107.051634395061,4086.1927863684455,4087.079671422092,4081.2060144931497,4115.682050323828,4090.3711505018778,4094.667534966993,4114.05551122313,4099.621642163535,4085.4466291248805,4118.964151238323,4117.402304896118,4106.865658051527,0.0,0.0,2.0
1696836352.9140625,117,0.0,4098.298637344593,4090.8733708170203,4105.034270488843,4098.56442258815,4089.423164730841,4084.9608399385006,4082.406449898536,4100.58681811415,4093.885602102859,4097.764594809529,4086.8575951930848,4098.104881360023,4080.327385969144,4106.513359538055,0.0,0.0,2.0
1696836352.921875,118,0.0,4083.1480559818897,4106.705538417008,4096.7605137667015,4090.0520388817235,4080.736396647703,4106.375944662009,4105.447781140439,4108.798553151808,4088.813602087285,4091.553820979135,4102.200924285745,4090.996151457893,4114.787226687002,4090.536286977591,0.0,0.0,2.0
1696836352.9296875,119,0.0,4087.9928607412066,4092.2392872883484,4100.928730442582,4094.632730978253,4105.364195575463,4099.969852574809,4083.4453786791014,4080.4464886898995,4109.116083301685,4095.967988353947,4097.398927214121,4102.18256011999,4101.750765307242,4095.533264891144,0.0,0.0,2.0
1696836352.9375,120,0.0,4092.1730668354103,4114.523856610831,4114.255091843383,4108.23911506825,4119.726545648853,4112.421870997887,4117.682519256892,4104.98985621991,4112.650808059569,4117.653324409654,4115.3479290864025,4095.2117956376364,4096.199857179341,4112.775463837095,0.0,0.0,2.0
1696836352.9453125,121,0.0,4092.5788853458207,4116.195477186941,4108.234382447048,4100.234552839512,4109.487768623256,4092.3165846086586,4088.143552050209,4108.543561890987,4103.5216202989905,4110.780892872398,4084.855720375532,4100.731903423658,4094.836225943199,4119.4606861910715,0.0,0.0,2.0
1696836352.953125,122,0.0,4103.308256609989,4117.3555879782825,4101.337434500128,4104.809900577705,4084.468307414437,4095.10552840751,4097.983654511132,4116.367570383183,4085.5970141767248,4118.627245395549,4110.150194735496,4081.122382684186,4096.513893009646,4113.917083459986,0.0,0.0,2.0
1696836352.9609375,123,0.0,4117.8928869143565,4104.200444298833,4088.6974432856236,4104.788582274577,4119.0538767986645,4082.996451243036,4112.757320170018,4088.834220347464,4117.545969827767,4109.374974654728,4090.666722390479,4094.7538653615416,4082.7685238714776,4101.268928545071,0.0,0.0,2.0
1696836352.96875,124,0.0,4109.181497263151,4118.198521560387,4118.813874322209,4085.900636935634,4083.705343022086,4088.943240118389,4108.647991986576,4107.648811968886,4098.6441437228,4101.3531487378505,4114.339570710582,4104.271039984336,4093.8212157498706,4097.951808848801,0.0,0.0,2.0
1696836352.9765625,125,0.0,4081.067213374744,4113.024973701184,4084.7285214577055,4117.852279825156,4086.1466630312975,4105.84070417074,4106.364974964847,4091.4793871930697,4085.9624430684753,4115.784538383869,4110.172760864977,4097.324709717042,4109.29387925212,4112.604795739843,0.0,0.0,2.0
1696836352.984375,126,0.0,4106.499743952139,4099.791840623798,4113.776565512017,4114.081290036739,4099.61100288628,4104.604710933988,4089.9723572827934,4103.815044298671,4098.858496213005,4080.445334071249,4116.812752125453,4117.766300815972,4085.4189727712483,4104.344911850392,0.0,0.0,2.0
1696836352.9921875,127,0.0,4118.372383373204,4111.367764457061,4103.949130820325,4084.0492185502644,4108.656530661743,4092.1537319848567,4096.46917545323,4089.9203355529967,4113.105630361974,4108.690057549965,4090.3629856189355,4092.51705744746,4117.85384301421,4102.231906272049,0.0,0.0,2.0
1696836353.0,128,0.0,4118.816661318119,4118.15288137591,4104.758357824728,4100.827891134053,4100.475058036249,4102.563647348886,4099.056998139575,4103.916495429565,4093.392911009268,4088.3922558339837,4081.921323953178,4084.7321354351543,4082.2520882681174,4097.991362077192,0.0,0.0,2.0
1696836353.0078125,129,0.0,4093.3454739379727,4084.2654382485102,4089.3073128806564,4100.118844750559,4080.2901869793736,4100.397941306986,4083.5461366305453,4099.103814096538,4101.681315535237,4092.208562154056,4080.267683236218,4104.74264982118,4114.744417333744,4105.201109357464,0.0,0.0,2.0
1696836353.015625,130,0.0,4106.539568821718,4096.936311363841,4106.3417204548,4102.339363948211,4117.498021386249,4091.09104651323,4112.473022498833,4090.4242650759024,4101.599674040795,4116.270297205245,4116.4048422789465,4114.232679184742,4094.7407167948627,4107.600880328252,0.0,0.0,2.0
1696836353.0234375,131,0.0,4089.1298508278182,4085.715399177774,4085.67013223969,4102.844810377794,4091.5672120327285,4091.813248484569,4093.5220789269288,4111.948474267051,4104.892964585571,4094.588067966244,4091.7101443488973,4112.986608879281,4096.016214406223,4093.68656883077,0.0,0.0,2.0
1696836353.03125,132,0.0,4119.512731212486,4095.9223890860985,4116.8205319890785,4083.107495580361,4085.552577074401,4093.890055292277,4103.548572219659,4086.3283933632724,4112.522003493863,4119.617346990571,4116.397753966789,4115.188942146232,4103.17043095787,4107.862922842028,0.0,0.0,2.0
1696836353.0390625,133,0.0,4097.82923568774,4085.1003813135003,4110.162826547594,4086.5601463841595,4101.737791092681,4081.6048293581916,4085.961710261744,4104.694909005424,4117.676379762069,4081.1586448467656,4113.9611243543895,4089.854853501623,4114.470757179412,4118.520523458076,0.0,0.0,2.0
1696836353.046875,134,0.0,4082.5965699933267,4080.622846942703,4104.029491630483,4096.187889608502,4099.517019069831,4116.704114651625,4104.245816504275,4085.292248196508,4107.07191312865,4098.007173308756,4085.689340909388,4109.334279942191,4108.314250287072,4098.112681153585,0.0,0.0,2.0
1696836353.0546875,135,0.0,4091.817757342443,4096.787348080178,4091.112536443238,4086.8620197411883,4090.2459032262254,4090.5058008888586,4115.964020350156,4100.622407979304,4092.335445930077,4087.19441705066,4118.318932943002,4093.9197577781842,4101.12734428511,4116.295256328436,0.0,0.0,2.0
1696836353.0625,136,0.0,4081.5496575545803,4100.421136174671,4083.7736715895944,4108.720169794205,4102.569072003356,4080.6522171600304,4105.368324714314,4110.6609673586845,4092.360250763679,4080.5365594523064,4105.0763480314445,4092.9336666901936,4113.039657776697,4117.756144213692,0.0,0.0,2.0
1696836353.0703125,137,0.0,4086.7257819771066,4101.328247626833,4082.173563318411,4115.885187673514,4087.742629387552,4116.289817620502,4106.017285394244,4118.003247435413,4095.0112543927085,4094.0323919338107,4091.147024070352,4100.834989630907,4110.711581491797,4108.052788038394,0.0,0.0,2.0
1696836353.078125,138,0.0,4088.6074723094302,4098.825233016899,4109.103414050194,4100.940078168452,4107.09589246547,4084.1902120535797,4080.3104317439015,4107.600392487121,4084.280322187688,4080.0381326155753,4095.5240708334563,4119.5782127970915,4096.321271931019,4111.390783228911,0.0,0.0,2.0
1696836353.0859375,139,0.0,4107.316950261317,4101.691707299786,4095.929645012416,4105.4488059287005,4111.2585638581095,4096.760990208739,4094.233559939471,4110.471070076665,4100.685018659207,4090.0406621363463,4081.3566416747844,4090.213446972131,4104.271644210616,4080.990762529236,0.0,0.0,2.0
1696836353.09375,140,0.0,4099.658084536945,4105.675921145239,4116.291848656325,4102.733313784774,4083.6045176359435,4089.8870472271374,4084.6003367244166,4118.036387765902,4112.032156268459,4104.541100160334,4085.81622998112,4106.868375620596,4119.5853184809675,4081.546639606427,0.0,0.0,2.0
1696836353.1015625,141,0.0,4118.377454710775,4098.940795724896,4107.5908693290585,4081.814617177179,4088.419163780638,4112.871868251531,4095.288183199078,4111.4315854373,4109.498528495572,4094.533466694184,4116.648787448873,4081.024595472799,4111.79092114749,4094.519147944556,0.0,0.0,2.0
1696836353.109375,142,0.0,4093.9600645381433,4103.03202171457,4118.627961125026,4100.735850306143,4099.029600710662,4093.0807957388165,4099.045564287023,4112.010522007791,4116.99195540242,4105.352048853902,4100.527072868911,4094.4138250436276,4113.644277918428,4110.746862034165,0.0,0.0,2.0
1696836353.1171875,143,0.0,4110.785583426672,4111.381518624556,4098.297177630826,4118.564499994584,4092.640389217968,4095.2440687156613,4102.728598721817,4089.8964005967414,4116.0801416989125,4109.3600880357335,4116.540125036501,4104.6197335471925,4094.4737074948907,4091.666951585246,0.0,0.0,2.0
1696836353.125,144,0.0,4119.410439388547,4110.186649700152,4098.604290744379,4097.337351562601,4080.4110611342753,4086.4239475419286,4100.720607849542,4086.622785965556,4113.269305800409,4101.991005506282,4113.247125532379,4117.407289458326,4098.89601271858,4094.410187625694,0.0,0.0,2.0
1696836353.1328125,145,0.0,4095.144344649094,4085.294067441298,4103.37543311074,4100.757718072691,4091.1244050868995,4088.8973450801404,4109.199984671002,4089.7784459598092,4088.742617863146,4084.3568765512246,4088.807953535377,4110.640740422389,4085.2868319063987,4109.677033632297,0.0,0.0,2.0
1696836353.140625,146,0.0,4105.767915016469,4084.227012412729,4106.173807436696,4114.597523607886,4112.748051652958,4099.852422887727,4085.1091213863874,4087.432971692906,4118.291006463974,4097.082719174963,4101.101869823982,4105.817438321626,4093.6616026255847,4095.7266346830247,0.0,0.0,2.0
1696836353.1484375,147,0.0,4118.753918990886,4105.9520262104725,4100.709042565829,4086.8501954704816,4109.663918524102,4096.6665903839685,4104.518401384095,4107.565097059995,4118.270084968648,4086.209344033014,4102.135584672487,4087.497857068119,4087.766697529665,4080.929806711271,0.0,0.0,2.0
1696836353.15625,148,0.0,4106.050897320392,4117.408831852185,4085.7783601133337,4105.375842171792,4084.9063560521417,4116.857568544712,4097.834820892381,4088.506073917942,4095.92455240244,4116.978239507039,4090.48749029022,4116.731901354104,4082.2864613858433,4106.162568685117,0.0,0.0,2.0
1696836353.1640625,149,0.0,4102.041667712105,4115.866820638507,4098.750239681995,4105.346382262464,4103.820391690756,4094.7304991509386,4095.0058911281885,4107.635184537663,4108.325907895977,4094.9870084328395,4091.7010520426206,4093.906431591544,4083.089498486484,4105.798095832933,0.0,0.0,2.0
1696836353.171875,150,0.0,4092.301271004043,4104.346989259693,4080.194520941932,4116.7023791784995,4088.1022338822686,4099.435207139359,4086.3399595250894,4100.477429338444,4113.924908117668,4106.510454678406,4110.438994508204,4087.0412963279264,4104.055712566604,4117.441702101141,0.0,0.0,2.0
1696836353.1796875,151,0.0,4101.619867252425,4099.464181282322,4087.6748691020985,4111.0761588147425,4080.8409002732283,4096.508122657142,4081.22070120804,4119.422395686674,4088.61819299663,4094.2043395941364,4119.627548315627,4114.4555891431255,4088.427167326776,4080.3933324293585,0.0,0.0,2.0
1696836353.1875,152,0.0,4099.469073850868,4102.283246900856,4090.6752533355993,4119.870351455901,4111.659228640198,4107.556857024799,4091.565651119377,4118.353450306734,4101.739353293721,4103.057759073782,4115.98861723087,4103.899738620835,4094.514159984228,4100.166726882237,0.0,0.0,2.0
1696836353.1953125,153,0.0,4099.873565218773,4098.864699814093,4095.145736580515,4085.748458199572,4113.291181713985,4085.535161875927,4086.6549538946188,4089.332531156212,4096.049602077875,4088.5112090293474,4112.881759836829,4088.0692349085266,4106.857953581363,4109.479101588089,0.0,0.0,2.0
1696836353.203125,154,0.0,4112.721318297238,4102.925487716731,4098.80744451789,4117.8351191357415,4094.7560960444966,4098.781231172371,4101.496699471682,4082.9081059899136,4080.45659762533,4103.400189047761,4112.585888298567,4118.074277110137,4093.8258327669873,4084.203538872521,0.0,0.0,2.0
1696836353.2109375,155,0.0,4089.3562374523135,4098.383570927506,4109.635133911235,4118.604574912109,4080.14593304037,4119.089584119411,4119.027709083136,4118.798080000632,4109.152733804031,4093.282527643128,4109.644930187785,4107.015832727502,4086.8020282834555,4117.827933302431,0.0,0.0,2.0
1696836353.21875,156,0.0,4088.973456306005,4086.557194718632,4081.6627307328927,4103.081691833683,4119.52879881317,4090.473563729016,4103.951734886858,4090.554017520521,4104.886560477507,4103.2588071407745,4084.060949226072,4083.7244134547786,4088.1518371163506,4102.563709424849,0.0,0.0,2.0
1696836353.2265625,157,0.0,4111.098972965527,4112.442671989943,4087.1188524794875,4115.7915307300145,4090.4597297333953,4112.131279226505,4081.1487250792766,4096.840785973137,4098.433224423821,4100.875711306811,4080.7530985518933,4096.421470134509,4117.334194871268,4090.0967858952245,0.0,0.0,2.0
1696836353.234375,158,0.0,4114.672295680203,4103.117621252702,4108.519061361863,4085.9777698402995,4105.893718006494,4107.00629942443,4094.6244239049233,4099.851732722069,4093.1084912469187,4098.882164047549,4080.3864204202273,4113.752691226064,4092.325483347584,4084.142474241818,0.0,0.0,2.0
1696836353.2421875,159,0.0,4091.7447412307693,4110.328038200287,4091.1638505343935,4108.576949434955,4109.234916469611,4102.63337533396,4112.701797863703,4092.372250878812,4101.454487083629,4089.8233676354535,4107.211729770526,4108.664624137855,4083.6084012263755,4099.766422718075,0.0,0.0,2.0
1696836353.25,160,0.0,4107.591016279102,4103.516309925592,4086.306487832393,4089.7329910941035,4093.397400111788,4090.7949630018493,4089.865332442769,4090.620511376029,4098.430283590505,4107.97222033709,4112.856888938952,4089.3664154074904,4116.072847849931,4114.443561937711,0.0,0.0,2.0
1696836353.2578125,161,0.0,4112.157637579547,4117.850939189785,4093.1360800364077,4093.608100772757,4083.9861923290127,4118.3853945911915,4113.401948126086,4119.093788198352,4115.691200745149,4087.7979330143953,4091.064851417024,4092.8560160730854,4103.610235491965,4119.257614604905,0.0,0.0,2.0
1696836353.265625,162,0.0,4089.68928427492,4107.286265191281,4112.9328255001265,4104.513835946985,4102.0279958101055,4101.598929124393,4098.133176518513,4111.627242194496,4116.92983522624,4117.86130916507,4096.137934602302,4092.1261502176926,4097.372946953847,4100.967392631363,0.0,0.0,2.0
1696836353.2734375,163,0.0,4095.68503634755,4115.322282822475,4114.238151045146,4119.598096305026,4080.976500276891,4104.918900088259,4109.111820188912,4080.033768306348,4096.667469124904,4090.187647119523,4119.015169890158,4080.364818411364,4088.8234632737995,4108.546924702043,0.0,0.0,2.0
1696836353.28125,164,0.0,4080.079072718015,4111.990150793653,4111.678439381384,4085.64980444355,4113.703325810229,4086.374239196661,4116.918760510788,4094.1480191470373,4103.3893341860185,4111.302659290708,4089.385795158102,4088.9069850552373,4104.051539415518,4094.7048310155837,0.0,0.0,2.0
1696836353.2890625,165,0.0,4094.5304336119907,4088.298432672843,4087.8754846571487,4105.779479564507,4102.29474481431,4097.3004322552215,4091.3531018555336,4112.3967090136775,4083.3412556938415,4107.402390916422,4096.506391673211,4110.292395690238,4112.265798850187,4089.0968745356504,0.0,0.0,2.0
1696836353.296875,166,0.0,4087.642034697144,4091.003411342302,4119.226997439439,4116.777003576045,4097.838520414162,4100.855958217999,4104.803104708155,4111.349045662253,4083.638297361133,4113.635119625742,4090.587895582268,4108.425597683325,4092.0832159501915,4080.214713220852,0.0,0.0,2.0
1696836353.3046875,167,0.0,4097.829206439544,4084.2079393813715,4096.868679420745,4089.8975144817678,4109.841216668534,4117.413452091957,4119.921576248736,4114.595751968744,4100.20664014023,4088.123348545077,4102.724780559684,4102.929553854822,4105.791978590687,4097.739459252335,0.0,0.0,2.0
1696836353.3125,168,0.0,4084.8185862308483,4113.317833803949,4095.076192967659,4082.8184485924667,4104.291221613752,4108.513080058003,4103.219626773042,4093.219094646486,4090.9416440078376,4090.0589487945886,4108.579987542935,4113.527046465893,4095.453242157154,4115.727382319558,0.0,0.0,2.0
1696836353.3203125,169,0.0,4109.364245298173,4112.495805372995,4114.285017188455,4102.317662744493,4096.5163054304685,4088.7330146793797,4111.53224751722,4110.1313314423105,4082.0831677431634,4114.876624247207,4086.703915535905,4088.8417252639433,4098.328130120208,4103.110026213627,0.0,0.0,2.0
1696836353.328125,170,0.0,4103.819846431314,4103.61628060633,4089.7408630944606,4096.326706375169,4089.17896111796,4085.2286508754387,4086.8078663380493,4094.4614754745567,4084.0466441359936,4117.715507076727,4093.3968291008937,4110.871629022113,4102.299372894908,4116.701849652949,0.0,0.0,2.0
1696836353.3359375,171,0.0,4098.17087735801,4101.5518160066285,4112.714429971034,4112.523728999942,4086.551748663027,4113.2111620284295,4092.2116897930014,4114.942125442819,4118.93199386015,4092.467846933555,4117.01568910089,4116.506145304459,4103.63848378716,4115.523736325936,0.0,0.0,2.0
1696836353.34375,172,0.0,4118.327291833963,4091.277150994346,4105.261621539537,4113.390052510757,4112.661200010481,4108.229801452736,4114.884756006248,4103.747333261287,4110.871088936369,4098.182801724264,4096.535272706707,4101.66289863302,4100.097653778904,4101.270264401428,0.0,0.0,2.0
1696836353.3515625,173,0.0,4097.830916433538,4081.338806530581,4114.145577600795,4117.476624717487,4111.955019259131,4106.610762267471,4082.3224865182724,4104.92448080443,4106.608732819979,4117.796778910995,4093.1004963779337,4105.817476301841,4084.941632318857,4108.755281334321,0.0,0.0,2.0
1696836353.359375,174,0.0,4084.400821463803,4090.685599396021,4085.8143509087845,4104.830764156433,4109.339539740253,4080.1403038057347,4101.880534483869,4091.5369981070153,4118.74224646557,4085.8904333862065,4098.432097333993,4085.272841841108,4115.647487748887,4108.235324916228,0.0,0.0,2.0
1696836353.3671875,175,0.0,4108.297115371121,4096.797431500098,4097.2406415180785,4084.0612396868064,4087.324483083899,4088.3182346040685,4111.839229733758,4084.3982553677715,4090.9272580734855,4088.0439398042413,4102.037318638863,4118.795739403793,4089.1150915581575,4101.81982526667,0.0,0.0,2.0
1696836353.375,176,0.0,4092.7298871323555,4101.371179135222,4090.4602140075317,4083.12257198389,4089.745267492468,4110.466985416905,4103.409717025656,4099.310533085987,4108.164891612305,4092.0063699441585,4091.882621324476,4080.5668157860528,4087.8320357679586,4109.464311809353,0.0,0.0,2.0
1696836353.3828125,177,0.0,4111.3182635660105,4105.796376656784,4104.246237865135,4119.296726565102,4100.587986781148,4103.8883118703925,4099.288731958285,4104.76203404085,4104.204508232453,4096.679300600909,4119.010178649231,4096.320060073393,4102.857892149711,4116.853574807412,0.0,0.0,2.0
1696836353.390625,178,0.0,4118.246081688899,4102.546379749073,4086.064184678052,4117.690974040864,4093.130301413648,4116.056079674639,4095.860329604295,4105.664814129904,4103.168163038308,4087.6758223120937,4117.067286516602,4090.9350695317657,4098.651890203287,4119.802594343943,0.0,0.0,2.0
1696836353.3984375,179,0.0,4116.434592915457,4115.608099137474,4091.019836528275,4089.5727787418596,4085.25719110585,4117.787208322696,4106.852245282485,4105.227584630024,4101.17048430147,4110.593227799657,4108.64030864214,4111.406530992337,4107.574279125488,4101.52891622252,0.0,0.0,2.0
1696836353.40625,180,0.0,4098.586348222206,4110.452232714829,4102.205066368492,4102.751780421141,4119.333434447007,4092.5079419686012,4087.634706668915,4093.6307143940776,4082.052550287191,4107.016671608256,4111.503578115564,4098.702676404262,4118.207357553567,4110.011777373149,0.0,0.0,2.0
1696836353.4140625,181,0.0,4093.1027859664937,4084.0127164109185,4087.1983300595703,4081.9960935206645,4113.630788448065,4088.016647069484,4107.413581112445,4093.5166473055506,4108.076101383746,4093.3582633371234,4094.1660449275287,4109.004727909048,4092.3609880361205,4090.976677782338,0.0,0.0,2.0
1696836353.421875,182,0.0,4117.989610171239,4092.492363733516,4085.371658045316,4085.102197428194,4109.467649161052,4112.130363563422,4082.615144337556,4085.499719078615,4090.904601388824,4103.8096473975265,4095.854901127872,4085.212618006475,4101.018294789922,4084.369545194552,0.0,0.0,2.0
1696836353.4296875,183,0.0,4111.805095727098,4086.652907988901,4084.0716796995434,4108.093753120366,4087.355794593544,4102.097411229818,4096.386413274693,4100.527250895257,4104.137612177603,4099.657723315035,4102.495050917827,4091.8412210163688,4080.273774356111,4092.6148824147854,0.0,0.0,2.0
1696836353.4375,184,0.0,4117.808358906847,4100.931616136489,4097.417137261034,4098.264736462011,4109.9656731736095,4115.797014702131,4119.463233404494,4086.111721987613,4088.8589400080346,4084.836331641131,4106.547554353288,4111.36236708259,4092.750537497343,4095.692148212622,0.0,0.0,2.0
1696836353.4453125,185,0.0,4081.847916300852,4080.8072579130676,4095.653296627732,4115.357331205264,4108.357811702011,4086.3034289275365,4091.497921049005,4088.6500297275247,4095.9505403020876,4112.179453025756,4119.24617794569,4103.686218298591,4084.681390518752,4084.112941471528,0.0,0.0,2.0
1696836353.453125,186,0.0,4110.859576496038,4103.3578196238595,4086.0553814801187,4106.00731310822,4086.7498274979357,4080.5277838955744,4103.482376315534,4097.107151695079,4087.5692038010466,4098.7578460943905,4103.550815619035,4093.2485025338588,4119.706704972155,4084.8396394455517,0.0,0.0,2.0
1696836353.4609375,187,0.0,4098.987085792643,4112.571550660333,4088.1299315304054,4084.4119608739734,4084.5711608577285,4112.386284921452,4117.334918588968,4117.533583812959,4101.753315029858,4096.303661173193,4093.806476224863,4101.49317933215,4106.639762140374,4095.595731360624,0.0,0.0,2.0
1696836353.46875,188,0.0,4090.7437413747894,4115.208575532826,4109.488784867256,4114.735225135422,4103.218159471825,4092.626743299658,4100.050101226779,4080.602068628579,4099.150678771466,4111.495455383365,4095.888034534596,4105.214040757322,4094.898420017222,4113.444623194933,0.0,0.0,2.0
1696836353.4765625,189,0.0,4117.064857121501,4085.975377791807,4082.11503728376,4080.6402367919886,4118.816762380476,4113.859436958889,4083.115070327822,4090.1039889760864,4101.079674785518,4105.611602667999,4081.9556903930816,4096.152237186537,4087.768893562546,4081.2371872289823,0.0,0.0,2.0
1696836353.484375,190,0.0,4119.404484259868,4091.172172497017,4088.354495125471,4106.175405256656,4101.947373370131,4094.678836830407,4116.28592148914,4096.440198507526,4118.997985247405,4105.750123202236,4080.45887950544,4101.864810627839,4109.99133566335,4102.953624466232,0.0,0.0,2.0
1696836353.4921875,191,0.0,4084.7604865841186,4094.633806214103,4088.580411288888,4108.371121057168,4097.658357715277,4119.213699314814,4104.614989449217,4106.557163025934,4115.137634349804,4105.113102365587,4115.046483207478,4088.3353482046987,4086.38019567772,4100.773188584813,0.0,0.0,2.0
1696836353.5,192,0.0,4108.148807753324,4098.2936476078885,4087.4166865303446,4113.651396605645,4096.678601109867,4085.9458360358494,4093.495639061089,4112.9264470025255,4086.4775266677293,4097.362570378193,4104.162277856707,4105.926624554762,4102.486429319839,4116.338019621913,0.0,0.0,2.0
1696836353.5078125,193,0.0,4080.2851217479165,4101.125949096178,4085.2114141749407,4110.538022792437,4114.823885950662,4109.103002897269,4118.87221119992,4087.5625196237434,4117.8795318616085,4087.908121946541,4080.6216574209443,4088.6103017740165,4086.0214830749537,4115.376055383993,0.0,0.0,2.0
1696836353.515625,194,0.0,4081.465652950432,4091.5651970550985,4099.175503617272,4089.722019542122,4081.0226799236766,4089.314972443511,4099.020779131845,4093.8580028029555,4083.7815727193815,4098.212259877727,4111.453655722035,4117.608062321075,4106.747595640364,4112.152008052657,0.0,0.0,2.0
1696836353.5234375,195,0.0,4113.5496168991385,4118.233412886636,4110.480914674745,4086.6046420087655,4113.964865465375,4114.7968488971765,4111.73180866643,4083.5744013806175,4113.864911122449,4084.7695691729264,4111.5094012455775,4099.28112727459,4119.609744603137,4102.010605837589,0.0,0.0,2.0
1696836353.53125,196,0.0,4117.777908826943,4119.741645761365,4108.100535911419,4110.062718747249,4103.0730587926955,4117.252564449607,4116.723683646982,4111.939489584202,4113.95539915391,4115.428644197937,4082.3589421162997,4113.671755366756,4091.439937619172,4093.304333738402,0.0,0.0,2.0
1696836353.5390625,197,0.0,4095.179853603504,4081.280911448265,4099.122371955811,4082.87733417289,4081.5048016930855,4086.17390474702,4111.743369250575,4092.873532367643,4086.209468849536,4115.811771933825,4081.9396382417904,4116.285499517079,4109.0205351573595,4082.8361195724774,0.0,0.0,2.0
1696836353.546875,198,0.0,4104.386947911678,4085.601424682162,4112.575827886519,4098.881700256156,4081.640636767555,4100.967576909874,4098.31817927283,4116.321993453728,4092.13171191723,4080.3581001615985,4081.134110328863,4092.397958282306,4088.1465903007834,4080.26670315781,0.0,0.0,2.0
1696836353.5546875,199,0.0,4117.306581366042,4105.297863313726,4097.797932846203,4099.852406502877,4097.368552838775,4101.820370122908,4084.681935042885,4081.855727359908,4088.1061776697293,4115.370847043988,4117.2392066609455,4081.8471741642243,4108.4575617195305,4095.306663103859,0.0,0.0,2.0
1696836353.5625,200,0.0,4118.010972555354,4082.8889275424804,4097.92856087414,4082.3557228170207,4102.760741717662,4097.149646937654,4096.331728557992,4113.98149382591,4100.529978380707,4094.2380747214,4118.118046265328,4085.150475455562,4101.082313752451,4107.487306527987,0.0,0.0,2.0
1696836353.5703125,201,0.0,4098.5592846905165,4114.514498554543,4090.358448776228,4086.814530997636,4111.077823649276,4108.514566167481,4083.6760075584843,4115.135981513573,4099.094580824404,4119.60947511238,4116.906881212647,4088.117860706847,4085.243111458966,4102.168394539967,0.0,0.0,2.0
1696836353.578125,202,0.0,4113.328675595827,4082.111239615022,4092.2635638710353,4094.3080536739126,4104.7613612655905,4110.915886035331,4103.758274911937,4091.2159319349,4098.406578051207,4097.001375521887,4094.7140457922083,4086.562143274686,4083.424105402742,4107.53464494595,0.0,0.0,2.0
1696836353.5859375,203,0.0,4082.0364963099873,4093.5757378623116,4088.0445441738293,4119.907127026958,4097.3084122496575,4118.8407550771735,4109.238061973671,4117.313168637738,4084.6928458072116,4106.07782731957,4103.73063887086,4091.209884084223,4094.780464146706,4111.638517097448,0.0,0.0,2.0
1696836353.59375,204,0.0,4106.919862007187,4099.314726920243,4102.199583871142,4098.194690871916,4093.0718055540806,4117.899104590445,4105.008469237172,4100.434210020286,4093.542419091001,4098.764367706232,4086.928782846878,4095.925561490804,4081.4010697027275,4091.450283086545,0.0,0.0,2.0
1696836353.6015625,205,0.0,4093.8283787711903,4093.8763601151127,4090.7182207054266,4096.339165913275,4119.216369591219,4083.711541647586,4109.203850676331,4083.2746122244894,4087.0137523895733,4109.1150313949975,4108.38162513833,4115.176268733515,4094.302577902254,4110.733474487512,0.0,0.0,2.0
1696836353.609375,206,0.0,4084.6269387126404,4110.592630308908,4097.850984973867,4103.145579593547,4083.20428994072,4109.536067171646,4107.187627665776,4088.358787575907,4100.033464158612,4116.99073699262,4088.843407616136,4088.2075596279765,4103.483266785122,4119.1476206766265,0.0,0.0,2.0
1696836353.6171875,207,0.0,4107.489533819245,4112.921267686536,4115.224966226453,4113.552786105834,4111.375411906102,4100.077499410145,4100.441752120488,4094.82933598671,4081.188884972471,4100.698892141838,4102.5913742066705,4086.5401413823247,4096.624707155731,4110.952788662941,0.0,0.0,2.0
1696836353.625,208,0.0,4119.402798298642,4116.605837931592,4115.070513482713,4118.99155488388,4085.2114161413065,4090.5619253056984,4081.6136554694467,4116.514865057405,4094.2540398105075,4089.5407039911615,4085.5761103534787,4081.5176139441337,4093.222579981566,4111.322355717608,0.0,0.0,2.0
1696836353.6328125,209,0.0,4100.712382136548,4091.819723483819,4104.424264542273,4102.619135883503,4113.088415870213,4092.1300622974577,4110.214647266496,4111.5812779299595,4092.95851628632,4106.49895448141,4101.248813810528,4102.314543805278,4086.520022580511,4102.4873904557735,0.0,0.0,2.0
1696836353.640625,210,0.0,4117.3267122457655,4100.122934444798,4095.2139831182494,4091.0388767496443,4095.404897506685,4093.015280340175,4116.032675089974,4099.147182390799,4085.274557012274,4107.481076743353,4096.6287077241095,4104.082932235012,4095.9776136788337,4099.141755026343,0.0,0.0,2.0
1696836353.6484375,211,0.0,4110.737192818074,4113.770248287456,4109.9688511284585,4108.989689005551,4091.5398508983567,4106.685773670319,4084.2284488221303,4099.098935349598,4088.38013239389,4094.0629147176496,4101.643330644198,4118.25907056291,4080.469940021714,4105.398239507458,0.0,0.0,2.0
1696836353.65625,212,0.0,4090.738740684775,4102.84448654068,4119.051644260692,4098.783566247118,4086.4603463085887,4089.3670318509603,4096.4742315054145,4084.725142141307,4105.967061677956,4091.757112396482,4084.69237822217,4110.117426759566,4100.275240461394,4081.1744553887424,0.0,0.0,2.0
1696836353.6640625,213,0.0,4119.984815965917,4082.6970350609845,4096.873116025404,4097.787562442331,4081.870281753076,4104.758920192718,4115.832331717429,4101.081706530736,4109.745578884255,4102.98470901911,4083.6758226474367,4095.5931751778858,4111.597936528863,4113.671428355381,0.0,0.0,2.0
1696836353.671875,214,0.0,4110.337000080848,4103.82334970948,4116.814078328508,4117.806360065121,4114.13174433151,4082.089689359112,4082.7548472616913,4104.182079824341,4096.590931441718,4087.917090716898,4080.286791086901,4119.583352754348,4085.1114518470745,4097.850637851066,0.0,0.0,2.0
1696836353.6796875,215,0.0,4097.974239436461,4096.283178588011,4112.763252747977,4087.959711372587,4113.401659020153,4117.584135883472,4119.080061287617,4097.300986324985,4119.513205409365,4101.03867850167,4114.0329752783,4106.960045222053,4104.105135661352,4116.984313463069,0.0,0.0,2.0
1696836353.6875,216,0.0,4088.597238610956,4117.409828821457,4101.8974527062655,4089.2083092855287,4091.0354755238463,4088.260888415363,4109.540700316881,4104.729426176104,4095.9680957976216,4099.287166304065,4110.240810955049,4092.933935140505,4093.2208261995256,4119.929373702751,0.0,0.0,2.0
1696836353.6953125,217,0.0,4086.1307744472433,4109.717164345309,4095.139874740656,4117.072692184949,4109.554932506363,4106.286384171113,4081.5817023302816,4107.369785713589,4106.274682837467,4081.3044984247144,4087.6428367156736,4080.182959461769,4084.370039587237,4081.1721945318823,0.0,0.0,2.0
1696836353.703125,218,0.0,4083.339555803767,4107.667554076209,4083.6380048296105,4110.493539337965,4103.014198342321,4081.4575197518125,4107.2351101798295,4091.5185472853577,4081.209503967149,4080.1591113453533,4080.1793551027026,4088.5488474314834,4110.343028474929,4110.344147758522,0.0,0.0,2.0
1696836353.7109375,219,0.0,4095.496761545377,4113.744897421898,4081.2124943547515,4118.959038568403,4111.312160814944,4108.270710277816,4094.4297926053173,4105.6342294886645,4105.130040545578,4106.144092779169,4116.3876598962925,4100.97895155992,4103.515354355302,4089.386681999441,0.0,0.0,2.0
1696836353.71875,220,0.0,4081.6280333385885,4111.200341958915,4096.5075488053935,4104.949171776593,4099.478965237908,4080.543968456644,4100.129511250595,4085.1606212185625,4086.231492776829,4104.229072077536,4098.65606875036,4087.254068795041,4113.962951386917,4082.397311131191,0.0,0.0,2.0
1696836353.7265625,221,0.0,4118.447641715769,4089.342818445881,4085.467302004286,4086.2522200473773,4087.1727994585312,4081.1953722237586,4084.2626993465565,4097.989553889283,4102.531675809858,4109.831870744159,4119.971972610906,4095.0723285604117,4081.7906326921006,4081.568740964137,0.0,0.0,2.0
1696836353.734375,222,0.0,4086.3826973419586,4113.389488450962,4095.595603338064,4095.643787443437,4097.11343237453,4084.924516624979,4087.5379381910157,4116.626337481678,4083.434679018687,4110.475040398023,4085.684923404407,4093.468853470119,4092.172357090181,4118.255623075612,0.0,0.0,2.0
1696836353.7421875,223,0.0,4097.769360328749,4085.592620926403,4100.613053088919,4093.3827178344013,4080.252447167075,4101.494328579951,4113.4611777324735,4083.1480758363136,4080.6100911531476,4118.2407632291915,4102.931686531845,4101.101219508204,4096.67176909238,4084.218435943471,0.0,0.0,2.0
1696836353.75,224,0.0,4089.4042629306637,4105.7164899132185,4086.7810171773203,4089.9517428355184,4115.857890074221,4115.901772654406,4106.803210159772,4084.256302541048,4113.515319382821,4089.0790704787655,4093.361146866638,4101.628305726871,4086.2482896832503,4084.9899545514327,0.0,0.0,2.0
1696836353.7578125,225,0.0,4087.322547025088,4112.556266533386,4105.133697878106,4104.914369215377,4107.893902988299,4104.691039491931,4095.731275954832,4091.5605601162006,4102.557390708063,4114.91350618481,4090.787197704693,4104.679374131366,4117.668575097318,4082.375638270909,0.0,0.0,2.0
1696836353.765625,226,0.0,4103.424444038101,4081.4311889970145,4096.226455386817,4106.3088642221455,4091.3946735526115,4106.923351150535,4119.427587983953,4118.845396148924,4113.032754553237,4116.343995794416,4082.4939894553554,4094.747009115684,4081.3104873821,4114.383328069856,0.0,0.0,2.0
1696836353.7734375,227,0.0,4094.470150537602,4081.65755057814,4081.0880583482804,4082.5804310240196,4110.647228486985,4093.4358341382926,4086.41179408304,4115.996262619721,4109.625204589063,4111.649997634572,4098.449117287581,4081.291582889568,4119.260924752797,4097.16370098169,0.0,0.0,2.0
1696836353.78125,228,0.0,4082.038266983247,4094.035581820297,4085.5223834014696,4081.778387501514,4110.810875145286,4099.301587620505,4087.5628366014284,4110.24785470517,4116.658991438319,4103.50485614353,4086.10693217993,4091.0413454276877,4101.7645996048905,4117.414050838543,0.0,0.0,2.0
1696836353.7890625,229,0.0,4082.6663293382176,4097.235941529798,4110.041012689048,4093.483906307981,4082.4745640606684,4085.588182734624,4102.420987554573,4097.75994880426,4103.5250224962465,4092.1664822777575,4086.1506031747113,4082.928988892366,4105.669781627023,4117.507518944455,0.0,0.0,2.0
1696836353.796875,230,0.0,4112.074728289028,4105.974606661184,4107.88186330598,4090.0170515791306,4094.033890666987,4118.804780671313,4091.447563133711,4114.411463094638,4112.224488912726,4082.0317765998398,4106.122425909819,4112.106369817922,4112.3576882739235,4090.7766762063884,0.0,0.0,2.0
1696836353.8046875,231,0.0,4083.5883980819,4080.4776244899276,4096.714092014141,4096.8876697683145,4106.217308380419,4085.2444389037955,4118.236253324615,4106.270038395039,4104.452411712452,4104.418692202661,4106.043482392457,4099.185078657417,4082.242603549886,4111.502095165067,0.0,0.0,2.0
1696836353.8125,232,0.0,4091.2835414037086,4089.324684429009,4110.350332196138,4119.404582442771,4108.416460515902,4097.45622870569,4083.6419028700457,4091.381661267519,4115.66832469716,4103.839348385712,4093.588288080497,4086.3101423514186,4109.76261503187,4111.405530123222,0.0,0.0,2.0
1696836353.8203125,233,0.0,4100.471985242277,4105.340385610485,4103.29163441921,4108.8039972973365,4083.7750518718904,4091.6131970929064,4102.926354578956,4086.4623432506073,4087.3306239009116,4109.211950861066,4104.970585398791,4104.294854848444,4098.842507129367,4109.7583197523645,0.0,0.0,2.0
1696836353.828125,234,0.0,4084.8785895617484,4098.269132392838,4082.889881845584,4088.4682369139323,4119.921816021231,4104.419155883656,4090.645546499624,4116.915875537944,4089.641908620345,4108.71097815796,4087.557742125448,4092.8657703387903,4098.034087932015,4089.18633112966,0.0,0.0,2.0
1696836353.8359375,235,0.0,4092.546906684732,4111.177278630001,4119.056897703181,4084.483700851537,4080.07404129897,4084.6308809821417,4087.3767687948607,4105.817505367524,4096.9836588981525,4094.754239271402,4086.0295904075256,4100.419178218627,4100.439014482551,4085.4876615335197,0.0,0.0,2.0
1696836353.84375,236,0.0,4087.48434463175,4108.825835563925,4092.366631654878,4105.277097129601,4095.244836199685,4094.604600562526,4091.8816755361363,4094.408607358027,4101.717146282989,4085.0400499308043,4096.695832432987,4111.145394331936,4099.729293453433,4094.9335175545057,0.0,0.0,2.0
1696836353.8515625,237,0.0,4095.584213762616,4082.3670692557434,4115.566281422701,4118.432027457563,4112.0654030321975,4082.2706725591806,4114.137289023783,4095.7367875064306,4095.3131570761416,4115.691924565355,4111.612946572125,4100.232643420478,4102.500018278298,4113.122910364034,0.0,0.0,2.0
1696836353.859375,238,0.0,4082.972286330048,4097.986127823965,4089.8987292302386,4112.440290450961,4116.020828809488,4114.61703053142,4108.481880095281,4087.9424392032533,4082.592212172549,4084.333276498078,4113.8592243903995,4085.5659494455026,4117.553710410446,4092.6690804960067,0.0,0.0,2.0
1696836353.8671875,239,0.0,4084.9082744135717,4087.553109700938,4107.855011968299,4107.229219725282,4109.689672077406,4092.8226210873095,4116.040594511778,4114.303914461465,4109.747284459003,4084.5605959513823,4114.577603426957,4113.678122223167,4116.332954153164,4110.704086953362,0.0,0.0,2.0
1696836353.875,240,0.0,4117.304337088836,4109.372969285841,4092.662761739233,4093.569791863133,4111.32398621535,4106.679385548682,4119.509755312454,4088.173362520466,4105.426826721671,4118.2895629839,4103.441625898443,4080.7950896595758,4080.7147842398535,4117.863690699063,0.0,0.0,2.0
1696836353.8828125,241,0.0,4105.368928256936,4108.951696583083,4110.341145406688,4090.9601667598236,4080.0545773656613,4111.414407091425,4102.3950906440605,4095.2122886542224,4115.894882509713,4099.888009624853,4091.191907115823,4080.127684015423,4086.8219764957908,4109.9777819931505,0.0,0.0,2.0
1696836353.890625,242,0.0,4103.327539948271,4089.508007158009,4111.089229437732,4108.128662054484,4102.01124799969,4096.343834886422,4081.11219807095,4105.498244779574,4097.585203037854,4082.3151189940545,4089.6743990629457,4084.899584436883,4080.419389374571,4090.716731080799,0.0,0.0,2.0
1696836353.8984375,243,0.0,4100.8826925835365,4086.243100541198,4113.573985726881,4111.307267113132,4083.013659314213,4095.997149362377,4085.567736439796,4090.833335326936,4118.7136521659495,4112.086320034006,4113.097581125544,4080.2125364516614,4080.4879424418846,4102.112587569028,0.0,0.0,2.0
1696836353.90625,244,0.0,4110.173813075969,4107.065775188625,4117.286248302145,4119.8965263355085,4119.784756810736,4106.037146687345,4107.197301343309,4113.035957924555,4115.995863457998,4118.848178513461,4097.629411129159,4102.198379747331,4099.340412596314,4116.3771421925285,0.0,0.0,2.0
1696836353.9140625,245,0.0,4110.476999738084,4100.720555143763,4092.0476667987627,4104.216049465971,4106.771761529398,4098.189312280113,4105.116825902587,4091.2465835878384,4102.783023020152,4089.232449161138,4115.110761909127,4083.11459433062,4082.705865814512,4116.705719296653,0.0,0.0,2.0
1696836353.921875,246,0.0,4117.976096734519,4109.557952453909,4102.8615365685155,4110.397440595903,4100.141492904041,4112.2045426320365,4096.393010925134,4081.063450704513,4085.276930693385,4097.112598023056,4089.4254045552834,4089.6649069427467,4118.915783057936,4080.9608232869205,0.0,0.0,2.0
1696836353.9296875,247,0.0,4091.751505415064,4105.097397794415,4091.8292424083284,4109.005001946864,4107.016733640654,4094.778488551502,4095.364464982837,4085.0591807587775,4104.086832153458,4100.703352016226,4107.145375838034,4090.463640726495,4117.334227767916,4111.251090618164,0.0,0.0,2.0
1696836353.9375,248,0.0,4109.979874406077,4100.3017299095745,4082.888191166526,4088.8442677745256,4119.961686969249,4109.575136408497,4090.0094402087457,4111.2841755816935,4086.899032241551,4095.8459788376067,4087.6665704508982,4107.721020661851,4115.174582574553,4116.579935552143,0.0,0.0,2.0
1696836353.9453125,249,0.0,4118.258641918876,4118.6950085217895,4080.0711773835715,4113.611467490363,4110.719598305525,4091.940211586237,4102.702736124043,4094.924941898548,4116.829349238449,4098.7411986837615,4108.55199029569,4095.70825925779,4095.8815610245583,4095.373116668644,0.0,0.0,2.0
1696836353.953125,250,0.0,4111.984488434547,4086.977550469583,4090.368171203146,4102.882771288251,4094.6745702405015,4110.245778284127,4084.9247723615317,4098.838792826677,4103.9684730352865,4116.825267025777,4107.751053070762,4089.9407201194836,4095.6019607309613,4109.853667329448,0.0,0.0,2.0
1696836353.9609375,251,0.0,4080.5734425381734,4080.6064623789534,4112.562407610205,4101.783588721094,4107.72934661273,4115.822585494127,4089.3007499185255,4089.7792987701678,4092.8893767681657,4086.699670903163,4087.6731701444714,4119.79639357163,4095.404177318153,4115.068628203244,0.0,0.0,2.0
1696836353.96875,252,0.0,4106.577341064331,4096.1211080448575,4083.3922745229984,4114.500129537227,4086.25875310734,4105.5111470884085,4109.528337309752,4111.676264955757,4102.906979415412,4099.89825944036,4102.948613688542,4101.2938636202125,4092.977271209947,4115.120642350702,0.0,0.0,2.0
1696836353.9765625,253,0.0,4080.240656051438,4116.823859430811,4092.4893901194164,4090.3209045343538,4083.142929894839,4099.1445092138565,4099.454113710411,4100.243315931493,4087.627747398979,4098.865707056951,4091.250096006848,4085.025637785169,4102.203072190883,4110.573152291021,0.0,0.0,2.0
1696836353.984375,254,0.0,4118.024607270043,4101.344040638753,4102.452962749507,4108.406933130981,4106.900489188282,4089.161422583981,4104.685956243112,4100.718725668478,4114.843934851557,4109.286195267703,4113.260061370909,4097.026428548212,4087.7735518519166,4086.85881686405,0.0,0.0,2.0
1696836353.9921875,255,0.0,4118.3801958081895,4117.1071190285775,4089.0800157839026,4118.760427709752,4114.375749682544,4095.3885661979593,4095.0229498703256,4097.034005780533,4108.588103801021,4092.94259221748,4108.820776401402,4090.97391379272,4099.826037577619,4115.794105531991,0.0,0.0,2.0
1696836354.0,256,0.0,4098.623808146278,4080.6341996907386,4106.418708283247,4096.174648255556,4116.981422248952,4091.077951366204,4105.70587791619,4110.883323727073,4109.268707156051,4106.453746592641,4096.76057152326,4092.704967219004,4119.910391472095,4110.578478930548,0.0,0.0,2.0
1696836354.0078125,257,0.0,4106.97812447221,4089.04072212719,4100.719845708749,4108.475967218029,4102.215869684687,4082.2367309119613,4111.612596610955,4097.222371187381,4083.2193674162236,4092.1901379083915,4088.799968423849,4090.11327580417,4092.1541067044095,4089.180438720269,0.0,0.0,2.0
1696836354.015625,258,0.0,4101.487905178769,4098.719435804991,4083.735900215067,4090.826046871226,4085.6023086414666,4082.6950907571854,4105.009731874113,4107.684123920309,4112.800339896792,4080.7651985461666,4103.840151398639,4103.341931023266,4113.110234811911,4117.191202261456,0.0,0.0,2.0
1696836354.0234375,259,0.0,4083.6965167880103,4102.480732448358,4113.92485557446,4105.511544545088,4086.4567527547283,4091.0596162203715,4090.7366304800976,4106.407525836879,4105.054987139203,4094.6677565090085,4081.3278315404436,4105.157882687637,4090.6800717117226,4112.223911762719,0.0,0.0,2.0
1696836354.03125,260,0.0,4116.122556048984,4113.5015983526855,4095.7934625407825,4090.8321155496988,4083.27937454635,4096.606141297568,4102.175095909462,4111.585526361309,4089.377369029301,4115.528665900861,4087.5908601149285,4091.407998141938,4112.100642642129,4101.420061865268,0.0,0.0,2.0
1696836354.0390625,261,0.0,4111.1164288090595,4106.716297939011,4098.450868585787,4110.316411304419,4103.024839031604,4115.097882207276,4115.953387535605,4088.947804276261,4098.175317675079,4093.925385024597,4082.7387192295573,4093.388792263454,4097.751165502556,4101.355684266091,0.0,0.0,2.0
1696836354.046875,262,0.0,4118.16082808488,4086.972057819281,4111.104881741043,4106.165692729538,4094.8728807499197,4096.148544952272,4100.000795314912,4085.786931270899,4089.3624411148808,4106.806531837855,4109.821029069715,4114.24873052969,4104.770617449484,4091.492058041595,0.0,0.0,2.0
1696836354.0546875,263,0.0,4104.159240549755,4106.784439664289,4093.0668928945097,4112.050575921793,4089.678880015311,4101.155656759218,4081.9563559833014,4080.7690300755744,4109.153653815781,4090.674663056672,4095.678233768044,4082.2865641793014,4119.122587273241,4113.108290221922,0.0,0.0,2.0
1696836354.0625,264,0.0,4096.579069370088,4108.181232892768,4114.48461387969,4104.70713710193,4104.369491920226,4101.626950838154,4119.61368901445,4083.3196066322866,4096.921041873595,4109.4812930392945,4113.94214917582,4091.9120883139044,4097.507820533753,4080.325764710016,0.0,0.0,2.0
1696836354.0703125,265,0.0,4111.428853325525,4089.1332108928978,4094.522159114399,4119.016701603905,4085.0316376268493,4088.6890667630773,4094.5144685167993,4082.3212552051928,4088.6727919234077,4111.961828637874,4087.2020889139258,4111.2236442890235,4102.189764124474,4101.453763569852,0.0,0.0,2.0
1696836354.078125,266,0.0,4096.309300040775,4107.53971779643,4103.080006042244,4091.5859220716247,4099.664442638194,4111.641936223724,4115.211908466341,4084.0027455973727,4091.54434797407,4085.3173872379134,4116.013132396847,4082.6408086910837,4100.448223229079,4089.1701587727944,0.0,0.0,2.0
1696836354.0859375,267,0.0,4110.306524979327,4095.8579146661978,4115.984013786656,4098.278674063451,4094.3708502819354,4086.1583407351413,4108.0095972614145,4094.4439059998845,4093.928185298986,4100.64358634131,4100.33559841402,4096.5655919687315,4086.8825969804907,4105.986766659465,0.0,0.0,2.0
1696836354.09375,268,0.0,4118.500734746846,4083.259640234558,4091.1398239302725,4110.884161182909,4083.030744628638,4114.508840387236,4096.489686757105,4089.9015542995417,4104.283151636691,4115.0144276246665,4083.1779420801568,4113.205670843075,4115.385576415759,4086.5764872651025,0.0,0.0,2.0
1696836354.1015625,269,0.0,4093.849204939579,4108.051193267183,4090.1474242203844,4113.324644769836,4098.314334995904,4097.839397811913,4099.601384441931,4118.345211198503,4101.170167417034,4100.589242793151,4099.640806245266,4108.516477077448,4100.885171727504,4105.281094061047,0.0,0.0,2.0
1696836354.109375,270,0.0,4100.957845383139,4117.4718413641085,4099.367218017508,4111.856220120675,4088.4819429183967,4088.7015147642983,4095.119804585933,4086.275843874716,4087.8825089426905,4087.387569684472,4086.478208547315,4111.862189070313,4092.4195599658738,4116.197714058938,0.0,0.0,2.0
1696836354.1171875,271,0.0,4085.148353530974,4119.957855774701,4082.73584413919,4113.963025543746,4103.517935794538,4097.561889194527,4084.3123270667274,4082.012271972949,4105.716352374418,4105.821874930548,4115.56357440361,4105.993479680402,4116.0490849117605,4090.596518753745,0.0,0.0,2.0
1696836354.125,272,0.0,4103.962298273665,4107.855918837104,4089.6926271456846,4095.9804982168966,4084.7392394574567,4110.326369639536,4092.5113417892744,4091.6079169162463,4085.47575730878,4112.442911501393,4118.365673146885,4092.5198858602607,4093.5959019869524,4104.528389593212,0.0,0.0,2.0
1696836354.1328125,273,0.0,4112.783005991489,4093.3058828698954,4118.851327176949,4095.6272649435264,4099.04241550359,4097.685702019863,4114.215760503433,4104.852315886535,4098.95186503712,4106.828362405581,4117.602265892386,4085.9134582173233,4109.095170674091,4084.698740477081,0.0,0.0,2.0
1696836354.140625,274,0.0,4084.50738706205,4113.8947397570755,4105.037789612005,4108.1905186420245,4112.3754160988865,4102.7834081329,4105.070355154701,4101.431811440346,4117.238458169033,4108.377839723313,4098.187837061863,4089.0618230869,4093.041437577992,4083.3466875623244,0.0,0.0,2.0
1696836354.1484375,275,0.0,4096.141898860537,4098.323427715103,4115.850462810058,4103.415997040638,4094.8663529303612,4089.351629865299,4116.595610128131,4084.717648019832,4119.131181462454,4117.935669001173,4111.851480843276,4111.304073413825,4113.488984915191,4109.45716908879,0.0,0.0,2.0
1696836354.15625,276,0.0,4101.29627089957,4110.093225950165,4089.585095063023,4117.8665662579,4114.396795186395,4117.372372788055,4109.28537898157,4111.647756068351,4106.420030615667,4080.8577963511034,4094.1150379503215,4080.907020819261,4114.905820668902,4091.0879132144437,0.0,0.0,2.0
1696836354.1640625,277,0.0,4108.7559754119875,4090.0184518293104,4103.4634210822405,4114.3076480212485,4085.0724056279614,4116.9653356433655,4085.824830245492,4102.961111375698,4086.6249270732733,4102.118864149282,4095.374054567473,4083.2611055651073,4086.8677131095133,4109.995038995135,0.0,0.0,2.0
1696836354.171875,278,0.0,4102.416331426118,4107.030422280348,4084.175995884021,4117.469825259243,4102.2967655989,4084.7847991641697,4094.0595937226003,4083.1763477555396,4103.310476350408,4116.365759922391,4107.490162933122,4081.9127512495998,4086.662887506924,4087.875080508657,0.0,0.0,2.0
1696836354.1796875,279,0.0,4081.526398454307,4092.76200089513,4107.417884816638,4084.7690939980075,4087.1573179297343,4093.837808751411,4111.856735378681,4113.171967601413,4088.344222687215,4108.998734194058,4115.159522988464,4084.094199800764,4089.6528676689645,4105.2541254352545,0.0,0.0,2.0
1696836354.1875,280,0.0,4094.469953115194,4102.57957744301,4117.679610402683,4095.8156523071266,4089.6184594637357,4117.03018304645,4096.360885531435,4083.496003588403,4097.12627989105,4116.126590788249,4116.035637707514,4089.955726563081,4110.133773861487,4093.680933608159,0.0,0.0,2.0
1696836354.1953125,281,0.0,4117.757383380785,4118.129860596299,4102.158783236482,4096.044119345571,4096.161468636318,4095.5663054412958,4092.6844024089364,4103.504595183383,4119.068206641373,4103.620349683797,4118.428247688731,4097.778450420614,4118.710395739064,4111.00306094663,0.0,0.0,2.0
1696836354.203125,282,0.0,4087.814765004583,4114.507273920596,4114.685479640514,4109.32582768446,4093.958426741653,4112.731544555443,4095.232085674746,4102.441337650806,4113.310320066231,4080.672339273449,4081.122014305075,4095.9204996046956,4098.6613236092,4112.541099847609,0.0,0.0,2.0
1696836354.2109375,283,0.0,4114.8905768100485,4104.420387275791,4112.679594709981,4097.744697260616,4096.984475813277,4098.971695028787,4094.3059250579768,4090.76705997528,4085.5969935138614,4115.950473778534,4083.1948224951443,4113.26520620933,4094.7091016199392,4111.627343791524,0.0,0.0,2.0
1696836354.21875,284,0.0,4096.105602837165,4083.4830121573627,4110.072624639495,4097.027774732817,4081.3372000666523,4101.388685589726,4092.760361460902,4082.89048826104,4097.386654485422,4084.417027680877,4111.2992750676385,4118.9926421247155,4113.288951104636,4097.381332449224,0.0,0.0,2.0
1696836354.2265625,285,0.0,4082.0126590682135,4082.279555571003,4089.695447541738,4086.1044215031407,4094.541533433574,4081.0891880917225,4117.831389261996,4106.133784221756,4087.1365600493896,4083.959729598887,4106.358207326465,4109.5341452589455,4089.2701979472386,4103.3296616782645,0.0,0.0,2.0
1696836354.234375,286,0.0,4092.447813516111,4101.939586677712,4104.612093518433,4107.5875272563135,4090.5337296365665,4107.157955427543,4109.388291632617,4101.709747615031,4097.916812208478,4084.8624566485228,4084.412360080441,4113.650238329472,4093.8431976297366,4107.432751118328,0.0,0.0,2.0
1696836354.2421875,287,0.0,4113.903661554658,4084.8055140978536,4107.911998923891,4100.430766985619,4081.197550861392,4109.935681697608,4089.6854499440797,4111.4026367529805,4097.369418721422,4106.061000891362,4090.5662826543735,4103.142915124155,4101.759937974868,4107.377699874353,0.0,0.0,2.0
1696836354.25,288,0.0,4096.922814693429,4097.062204962396,4082.2719544201373,4096.114891135094,4100.508554576895,4097.923060862485,4117.755336474992,4089.5882853138287,4094.6597213697596,4113.700429613636,4094.7261928841212,4118.121845433043,4110.9971382488275,4083.5351102607287,0.0,0.0,2.0
1696836354.2578125,289,0.0,4106.595261072838,4113.909660315505,4081.3521393268975,4109.359095778284,4107.041690044187,4105.140119684971,4112.5918690729295,4113.364890171123,4088.279530578029,4096.904824917178,4082.646522753608,4097.877531497647,4081.132006885863,4092.3257136273733,0.0,0.0,2.0
1696836354.265625,290,0.0,4114.630987113632,4093.439946052708,4094.6143581911333,4105.916326449365,4094.1489928249507,4081.566207509202,4103.75191164241,4082.1894066555246,4113.9245160983955,4112.015112083729,4107.015640471083,4080.3967187416915,4093.7207616077853,4104.6141488743115,0.0,0.0,2.0
1696836354.2734375,291,0.0,4099.978762461644,4104.018414434551,4096.258514993466,4113.626371234623,4119.048174805799,4106.814802547073,4081.387287378632,4090.14888289695,4096.3705925922,4115.712541986354,4096.3905926587495,4117.942098303856,4105.279112458453,4081.4485386612428,0.0,0.0,2.0
1696836354.28125,292,0.0,4119.575139990796,4082.289044959424,4087.0777969048536,4087.9151976901426,4084.595757866993,4099.715851035322,4100.798006648793,4094.6616354819994,4109.813186461742,4098.709767786545,4085.2959379306167,4098.024733401023,4107.917592442693,4116.494423017647,0.0,0.0,2.0
1696836354.2890625,293,0.0,4084.0937509671,4084.3910779267594,4093.5220079394776,4101.872953028113,4106.340209870883,4109.555447779566,4082.4648324648224,4081.9515026539193,4090.7925528476153,4086.2195438735334,4102.096515906539,4084.4040743645687,4087.4229995779433,4096.55370472568,0.0,0.0,2.0
1696836354.296875,294,0.0,4112.426043991643,4118.789347164264,4113.215118956771,4113.298380939533,4095.929458801131,4086.5493079327593,4092.839013789726,4081.5387834253293,4111.090279270318,4102.643300211384,4097.383566944987,4111.520280588051,4088.7138254791607,4094.089042738754,0.0,0.0,2.0
1696836354.3046875,295,0.0,4119.321540918666,4117.42258962486,4100.302774294385,4110.452553879192,4095.7146770014565,4103.525982502649,4113.505713896654,4102.729497807139,4107.371692369217,4087.2141698887053,4088.7634334670383,4092.2336100502002,4110.50701021181,4094.677075720952,0.0,0.0,2.0
1696836354.3125,296,0.0,4102.537903488426,4095.7149571759737,4111.335227150402,4096.81972713418,4097.230235462497,4098.451652520895,4104.3140606359975,4102.585803774442,4093.2935260338854,4082.6767716224895,4116.1827042937775,4108.572559493714,4080.6138444803705,4083.968353215942,0.0,0.0,2.0
1696836354.3203125,297,0.0,4108.540104242658,4088.741112322579,4108.066084521144,4099.5262523927795,4083.599671521196,4100.064112483354,4086.1499606292687,4117.87559361948,4099.951641126301,4106.670292094939,4091.711844523057,4086.4713617394264,4114.69671422082,4107.813358057977,0.0,0.0,2.0
1696836354.328125,298,0.0,4101.71218781345,4112.343171767093,4083.3324709804756,4104.287484661715,4114.065382340071,4109.821217060936,4110.523984178308,4117.148557199216,4094.5785006177566,4082.05691626449,4088.1432561949778,4112.150616717819,4114.649755618322,4113.768603047425,0.0,0.0,2.0
1696836354.3359375,299,0.0,4084.6628562031606,4104.2360623363875,4095.3297820676744,4092.8496189740868,4117.700421755039,4084.657660475446,4081.6912295069437,4096.162573219612,4114.369726160708,4115.574670280433,4090.6802805533616,4095.891008576736,4116.364264211938,4090.884291225367,0.0,0.0,2.0
1696836354.34375,300,0.0,4088.0663694333157,4119.584753715241,4094.1226197078754,4112.500548944293,4101.194799482311,4093.957022007993,4105.967534954203,4115.028673730443,4118.3381547699555,4113.610209566186,4101.230541646529,4084.0030195107756,4112.649330093263,4109.533722073608,0.0,0.0,2.0
1696836354.3515625,301,0.0,4089.1491443264104,4092.327906135158,4114.26211700768,4088.518605642577,4098.660066455188,4109.796426835606,4105.736019291499,4084.9081326147884,4082.394585600369,4095.2501066952887,4112.190443085188,4085.5457250909917,4081.807096283558,4088.882436928667,0.0,0.0,2.0
1696836354.359375,302,0.0,4103.784565161682,4080.84318392729,4115.068075805229,4080.0421522263514,4087.4651233354534,4119.361040381349,4119.86647388045,4083.5786793549805,4110.844870251311,4087.1640644605427,4102.146952993428,4102.537499282329,4105.165695867551,4104.383226083788,0.0,0.0,2.0
1696836354.3671875,303,0.0,4119.84267612146,4111.893377874098,4091.776750979901,4104.392202495501,4118.6274391816105,4107.957846628089,4087.1685147160983,4106.385939267946,4083.249908576083,4107.739764060887,4112.549817960992,4090.215293906253,4085.984123540671,4093.293414728501,0.0,0.0,2.0
1696836354.375,304,0.0,4118.247990420668,4094.483342775388,4111.617838584773,4091.2296753232417,4089.396972963118,4113.021354578559,4105.685349384835,4088.773707188964,4100.798245713245,4109.732065142409,4084.9402810292327,4107.932216592085,4115.60163126732,4112.264988885973,0.0,0.0,2.0
1696836354.3828125,305,0.0,4084.807900908275,4112.517114245079,4091.1928714773558,4103.158319403395,4091.7595499828244,4094.8326944109112,4104.888366910855,4090.6500201100084,4116.663188985729,4081.384130971588,4109.256461224788,4081.4096791133343,4107.053793442509,4091.796286791296,0.0,0.0,2.0
1696836354.390625,306,0.0,4114.128831409198,4081.39796852579,4095.420022019427,4092.9489187403155,4110.021339554833,4113.959183282146,4088.9071029859924,4101.67247194329,4083.4223992832794,4085.0742244602393,4086.9634459979575,4091.0224195026412,4104.097097464814,4106.845535717207,0.0,0.0,2.0
1696836354.3984375,307,0.0,4087.870419230544,4118.439173721016,4080.279613126321,4113.853252797585,4111.3448150927925,4095.8889171652763,4113.592447541711,4109.61751974938,4107.707754947183,4111.8019086010245,4111.487834341704,4116.596279212575,4081.3820624576965,4099.930779875703,0.0,0.0,2.0
1696836354.40625,308,0.0,4105.59777787921,4081.1873937924333,4085.5371373114585,4084.6619176246136,4101.526311576855,4118.71774329365,4116.268509590294,4097.665702523295,4088.3821956073434,4116.663082303523,4085.4738455155602,4080.421554221052,4117.847645544229,4113.291715029401,0.0,0.0,2.0
1696836354.4140625,309,0.0,4091.9564898830554,4094.3228245233195,4097.2151499189295,4087.202013346372,4087.7811668481304,4085.8177671062454,4083.57878573496,4101.499952450718,4109.921179887068,4108.945828342996,4108.829521144467,4110.508618723539,4117.984436693016,4096.510612042136,0.0,0.0,2.0
1696836354.421875,310,0.0,4107.391859902496,4088.598730889701,4083.5969920943735,4080.300167778855,4108.9091958843865,4110.623798242348,4099.634439394784,4083.73449968606,4109.34790980174,4091.893875774797,4083.126981448912,4088.8444140840456,4114.663888200355,4082.7438190541607,0.0,0.0,2.0
1696836354.4296875,311,0.0,4083.6944385134893,4116.078370809094,4093.762005500273,4117.010193518268,4111.957303890364,4102.92698195193,4114.025816872357,4087.862988714206,4093.2888433125227,4088.2163781297463,4117.6976856162555,4114.847611286189,4111.969400068934,4086.5093564165018,0.0,0.0,2.0
1696836354.4375,312,0.0,4109.046798074198,4090.1475068237673,4097.9799992940425,4083.0971180564825,4110.810313936784,4118.030059998852,4095.572362314517,4095.2401609332387,4082.870502305466,4098.08840380218,4096.709630123903,4114.95059885226,4080.9051668708926,4114.876611143754,0.0,0.0,2.0
1696836354.4453125,313,0.0,4093.642443121456,4092.794260893337,4114.604025669558,4089.9539264540663,4114.222907252974,4119.412861680528,4105.110630560731,4084.4494947057638,4109.8128477488035,4091.034054446243,4092.3197752672068,4080.603198822063,4094.4956611975335,4111.923610337786,0.0,0.0,2.0
1696836354.453125,314,0.0,4118.016761396063,4107.791972752092,4085.5104498140668,4088.8487941537264,4085.7023326827652,4101.333342897524,4108.161106285718,4082.012190840491,4099.556622071881,4108.109537762632,4090.134329041865,4098.885530578107,4100.512269113293,4108.695877146826,0.0,0.0,2.0
1696836354.4609375,315,0.0,4104.288219871224,4114.073250777502,4114.482035508325,4111.856604630679,4117.623466276928,4082.058292350183,4084.9554473198004,4080.775120637177,4097.0669208748,4115.221327710558,4113.393687198483,4093.599148363912,4091.9932011317055,4096.255999293906,0.0,0.0,2.0
1696836354.46875,316,0.0,4095.2442177950566,4107.647755545015,4108.431866553057,4117.37522876475,4101.785774516373,4115.39603074872,4093.543891648041,4089.9148689525837,4095.269764586176,4088.379103838152,4100.934068614408,4104.968585462011,4116.880955234752,4117.582171214033,0.0,0.0,2.0
1696836354.4765625,317,0.0,4115.667653490492,4094.2112793490933,4098.476367030525,4090.7680694559585,4085.507781333657,4116.862788880837,4115.1815020412705,4109.798531103378,4080.3578602026273,4118.736260963949,4090.002643341591,4082.074600767452,4081.639272590697,4117.274058506363,0.0,0.0,2.0
1696836354.484375,318,0.0,4103.429336971475,4101.96072682278,4102.448998599623,4117.207712999589,4083.5475741574746,4115.641161575058,4107.297614787747,4094.0430649446284,4082.5569258434234,4114.718352082885,4092.350380981604,4119.287743251992,4081.613952839362,4110.15414958455,0.0,0.0,2.0
1696836354.4921875,319,0.0,4082.109473926851,4080.4985609055198,4089.74429056526,4107.1169265102635,4113.058738253152,4111.308375365029,4096.888803902895,4114.348974776418,4119.141490235107,4101.386449227367,4116.174190485683,4110.045478202492,4089.849597729168,4092.7011988803924,0.0,0.0,2.0
1696836354.5,320,0.0,4092.3026744550125,4100.760441194541,4110.707826724359,4114.701747217775,4117.334480490608,4112.952959801271,4094.6411457440336,4108.572085193675,4080.4263076768757,4097.410170946241,4089.4450003698903,4107.772451367356,4088.827245514143,4112.383919963272,0.0,0.0,2.0
1696836354.5078125,321,0.0,4115.67205040097,4100.0850469302095,4101.534118274331,4103.293742641248,4085.32677796532,4086.732986724861,4089.2258511388886,4108.328112370184,4086.072469547325,4105.955715849931,4112.378958864542,4093.6745723487793,4118.625885507209,4111.031544881796,0.0,0.0,2.0
1696836354.515625,322,0.0,4085.078002355003,4085.142099338293,4111.173455267396,4112.36227820121,4089.13535837139,4090.437306626554,4099.978915139459,4088.660405763657,4094.1830056556946,4082.0718700906364,4108.835790680518,4087.0652958888118,4082.032648932288,4106.600701377574,0.0,0.0,2.0
1696836354.5234375,323,0.0,4081.8316261590817,4114.138061898476,4110.332804688619,4097.938559011237,4117.8540312913465,4102.404309751316,4090.1438461263187,4090.0432440961627,4116.683060415695,4086.6758510958293,4081.294582376011,4108.402302583611,4119.185824634191,4090.83074091827,0.0,0.0,2.0
1696836354.53125,324,0.0,4088.270896370106,4118.240479651763,4095.026830997914,4091.5141724162268,4111.088862217723,4114.998420096443,4095.5414438408125,4087.071475521861,4116.553949916278,4111.608011864362,4087.254113529081,4082.7449758551898,4089.232009045155,4083.5269040232415,0.0,0.0,2.0
1696836354.5390625,325,0.0,4094.1438388443926,4104.862299388882,4095.9386953440808,4092.2460567594103,4094.1153574557115,4092.944968973679,4113.0470690450975,4098.49459884258,4097.624614830192,4094.256601536928,4098.855947054955,4081.3562758232842,4102.8910686260515,4117.727875745019,0.0,0.0,2.0
1696836354.546875,326,0.0,4115.005122270638,4089.463871144265,4093.042011673575,4094.504424122008,4104.810836588825,4083.5879986386417,4084.7958734659196,4096.53751561964,4118.5694374796485,4109.439240376916,4090.972330748811,4083.2639947053553,4084.7950045602674,4119.982488436077,0.0,0.0,2.0
1696836354.5546875,327,0.0,4087.300289051567,4090.003250388176,4089.7425029247033,4105.5708788268,4102.631096078924,4110.81201545553,4104.037853320361,4087.823561420092,4105.173039605742,4090.543720452843,4095.4391590772216,4094.6137249240305,4115.202705981417,4118.036523602249,0.0,0.0,2.0
1696836354.5625,328,0.0,4081.354900798158,4090.9941423804767,4086.4050269837207,4090.1862893247444,4095.108718767836,4099.5933052854125,4112.772605790897,4093.7020820019115,4080.358550322674,4080.120358854321,4087.426706462736,4097.69266630412,4080.1626999791133,4094.465139148995,0.0,0.0,2.0
1696836354.5703125,329,0.0,4119.305198888831,4080.7949944938,4106.321554750707,4096.674292709084,4095.8497262348114,4113.677070876822,4110.87267098025,4094.7349575275857,4096.99179226937,4113.940316586605,4101.349323708051,4110.285736383391,4084.672770886055,4099.184159480699,0.0,0.0,2.0
1696836354.578125,330,0.0,4096.268308244173,4095.945809109269,4104.6123029985065,4084.364954246635,4100.064934134356,4110.40739392551,4112.5141747878915,4083.4324107930875,4090.1076230590484,4083.4708172542914,4086.8904824374304,4117.0362585375,4110.676333234875,4089.248804169719,0.0,0.0,2.0
1696836354.5859375,331,0.0,4097.832246306471,4101.864109504906,4099.351223571546,4098.633356714274,4114.875887405475,4083.4373578489594,4091.0977797439405,4107.821925568995,4085.426814660585,4085.4416629938487,4102.036871133272,4092.421692440048,4084.4540915326897,4104.882413606917,0.0,0.0,2.0
1696836354.59375,332,0.0,4109.8624856590895,4087.242086006434,4085.2365739736174,4115.794758988454,4115.344155874128,4100.948191468444,4118.469926641816,4089.7819409943845,4087.552689401934,4112.796002060176,4084.2254448711965,4082.4091755572013,4099.833863355676,4097.527018415589,0.0,0.0,2.0
1696836354.6015625,333,0.0,4082.2226814252513,4113.90752386754,4082.4959877588776,4105.790671619632,4107.882573954565,4111.048359521247,4112.836236261183,4119.723965879,4118.746864346339,4107.140387696447,4114.968302291093,4092.8235129919763,4102.016361849381,4109.781722639846,0.0,0.0,2.0
1696836354.609375,334,0.0,4091.9943833184225,4110.264535225862,4081.15357018288,4081.607365597283,4105.923769110086,4089.1068331637603,4081.859990905728,4102.132379066447,4091.564034187569,4103.86576065362,4118.368886703807,4113.488173199639,4094.2899509725535,4092.4077257623067,0.0,0.0,2.0
1696836354.6171875,335,0.0,4109.606489412158,4114.234801083129,4115.936424787069,4119.60222765803,4086.978409314119,4100.844571502389,4115.8895261768985,4112.564510486516,4105.457657180688,4101.313827584015,4108.171744619354,4107.242137912411,4108.606156997853,4090.920468902809,0.0,0.0,2.0
1696836354.625,336,0.0,4109.701621510339,4093.075028878082,4112.732415650837,4115.074502166008,4109.8223826717995,4087.685724670195,4100.066554884852,4112.402784359625,4107.100944606236,4119.088114207917,4093.4205560750884,4090.1877079098404,4083.8060302426634,4087.5420607630112,0.0,0.0,2.0
1696836354.6328125,337,0.0,4109.964934443437,4086.738366994667,4096.51960636536,4117.654873889303,4114.227091678342,4108.17896826694,4114.406558674389,4081.2540961884247,4111.1340293015455,4107.827455787061,4094.2311304536224,4114.510309887067,4080.43708173469,4098.145144262048,0.0,0.0,2.0
1696836354.640625,338,0.0,4103.639270148467,4087.129782762,4113.737993820858,4109.512840469633,4098.40294204866,4088.551371430963,4103.470282224683,4080.965420297771,4100.8775424191,4102.401509746717,4080.632575515215,4103.466628460414,4081.9505340800893,4118.0229458064805,0.0,0.0,2.0
1696836354.6484375,339,0.0,4111.230549162872,4119.205757534872,4098.980461532897,4115.129099761564,4093.036701563529,4082.694896496714,4105.0033548679685,4118.529386132707,4099.899935925757,4081.4356938236792,4106.26477088894,4082.6242802903353,4102.19735909036,4096.5719439764125,0.0,0.0,2.0
1696836354.65625,340,0.0,4119.765369136792,4090.125583245055,4101.155590605719,4119.591357731872,4089.832606211438,4089.1534541536903,4089.992009755534,4080.5420243469944,4083.0591271304374,4088.984795679256,4106.2116237352575,4087.695016084083,4086.596037771815,4103.49033134746,0.0,0.0,2.0
1696836354.6640625,341,0.0,4101.221986648522,4112.205685602133,4118.490231263418,4099.472011100304,4113.436236268496,4096.380055472867,4106.424345685389,4117.347035546441,4091.1353257306355,4082.293940075885,4082.507760798242,4089.7233659064814,4100.234941048201,4101.136891552531,0.0,0.0,2.0
1696836354.671875,342,0.0,4110.139590841327,4099.869037428562,4104.795827687542,4111.405546120483,4081.8998237220103,4101.739126711937,4109.087778794138,4096.879972143832,4088.624316075189,4116.905104741606,4106.382952984851,4107.535861151866,4095.6530662603873,4110.351082818686,0.0,0.0,2.0
1696836354.6796875,343,0.0,4101.025866270637,4113.1273401734525,4106.146898460689,4102.705299439062,4102.773904487419,4096.559198010012,4100.6511651620685,4093.4082768592307,4103.9718407823475,4099.013044433355,4093.277392458509,4089.6205056462186,4096.292936772519,4081.558328001663,0.0,0.0,2.0
1696836354.6875,344,0.0,4117.759654489642,4080.456640624589,4114.539570325588,4106.252444039051,4097.043261253128,4111.243917331981,4116.897995442389,4087.4013733662596,4085.4575087849985,4111.545157082315,4083.551701285107,4083.212611057216,4107.027927982518,4094.0981399759626,0.0,0.0,2.0
1696836354.6953125,345,0.0,4116.600594701972,4110.794635823595,4114.705498748588,4113.585050367439,4089.341519596026,4118.3595336984035,4096.026889734229,4088.6929382469943,4098.108908171665,4085.9711581993256,4082.3017624953877,4105.792005348893,4113.546163453713,4114.295206426099,0.0,0.0,2.0
1696836354.703125,346,0.0,4092.097980704383,4111.645155292475,4109.951693549184,4118.520954157925,4097.596597874373,4090.9353964258808,4115.907664161629,4087.891376992004,4097.827625279533,4085.178496017849,4099.359983052594,4091.0404849118727,4107.202728643982,4119.7335493600185,0.0,0.0,2.0
1696836354.7109375,347,0.0,4089.847327296863,4113.045064156051,4098.25355395085,4106.889072979855,4082.924244248021,4082.8053480097547,4104.8165037527815,4085.6604518865115,4103.310826969676,4085.378944498522,4087.9496994517117,4085.684231121719,4116.4840550280605,4118.720292700985,0.0,0.0,2.0
1696836354.71875,348,0.0,4119.162278092998,4084.8517804137514,4108.057662774743,4110.079661506908,4086.7493405670743,4117.981649000697,4108.627824057451,4085.6262502166105,4093.809663690601,4094.941670463735,4087.9493893520107,4116.632168013833,4080.1771718133914,4109.765250721855,0.0,0.0,2.0
1696836354.7265625,349,0.0,4092.1075780834503,4098.174694134253,4093.490461901821,4119.562087921763,4101.363530638954,4092.7681547144407,4104.780589793581,4091.5488455900563,4102.597432444079,4085.5875298133974,4108.640627017045,4080.4091586992736,4098.8454122549065,4102.387249809749,0.0,0.0,2.0
1696836354.734375,350,0.0,4080.577635026136,4085.1047050194447,4110.761863973966,4118.6145026678305,4088.668461568521,4088.8873233544205,4092.2146961171056,4101.48277440614,4080.328022203098,4118.539023192751,4085.851391229244,4097.745006809952,4088.711833407003,4105.461887386617,0.0,0.0,2.0
1696836354.7421875,351,0.0,4102.132033028223,4081.5003725460983,4105.066405145904,4088.4723184446943,4099.722408921312,4111.883447447824,4116.845654127895,4090.489100101796,4113.337729309708,4101.0329801879325,4103.877681949548,4086.1594666318965,4090.7511555151636,4106.7550350745,0.0,0.0,2.0
1696836354.75,352,0.0,4110.030824133624,4091.2315010484685,4114.719999167541,4100.182993066492,4110.969864667926,4106.225768004644,4081.6737620292456,4105.052132302749,4103.281203553733,4096.394797306804,4105.15192750139,4088.0913794986045,4091.75233180849,4114.043039172252,0.0,0.0,2.0
1696836354.7578125,353,0.0,4096.853822719714,4116.3894308730505,4096.314886443191,4092.39272553618,4088.5484317403616,4109.71490036212,4100.580901708688,4087.963696081461,4107.236216633118,4083.2547122452092,4080.4188962039966,4094.92427841044,4110.496764975566,4108.9778928337555,0.0,0.0,2.0
1696836354.765625,354,0.0,4115.665317161905,4111.624645057088,4099.676917925038,4102.744936695541,4109.380839994459,4105.6563787470495,4087.3938179361216,4102.111014293975,4111.305027154774,4118.059992842683,4095.1375422876245,4083.9212589524404,4118.152417813458,4113.495497296202,0.0,0.0,2.0
1696836354.7734375,355,0.0,4087.437232077974,4095.5854649567887,4097.151499076759,4118.86058175765,4111.968691290053,4104.212024502878,4089.8635757528477,4103.444271461238,4111.500302616638,4113.130067006984,4106.3073638921,4101.591959554345,4088.0739010723505,4103.243265300273,0.0,0.0,2.0
1696836354.78125,356,0.0,4089.0432525210417,4083.9361951258,4119.679382050034,4101.845333277266,4117.917437929281,4113.8213829555825,4102.620447212851,4117.024714333254,4083.694417963277,4102.053738952994,4105.127513816969,4093.797451830671,4087.7545946600253,4096.336550553472,0.0,0.0,2.0
1696836354.7890625,357,0.0,4088.170017308766,4081.614357723711,4080.820696207125,4081.0798024777055,4092.815527870942,4088.486669404156,4083.543007804305,4106.702752359675,4081.2304762239673,4085.9220095246765,4088.4250683607293,4106.830175342814,4098.995133555232,4088.623596988762,0.0,0.0,2.0
1696836354.796875,358,0.0,4087.082234816943,4084.493929973684,4104.2170471502495,4119.979470355251,4097.461371600493,4089.4062053723346,4110.216317367527,4097.762017501968,4080.536388568724,4098.555504763423,4088.60251586156,4111.306526203181,4105.35456407877,4081.27117968015,0.0,0.0,2.0
1696836354.8046875,359,0.0,4082.59359024648,4116.208115328731,4100.533060851381,4112.75257406624,4087.8692548907898,4111.976075566268,4080.743956643769,4088.767600887782,4097.280852131268,4108.366098786415,4080.545446937544,4114.327502910311,4103.174451590254,4088.5299528239316,0.0,0.0,2.0
1696836354.8125,360,0.0,4092.8788817923382,4118.288204793644,4112.486266718942,4105.786228214728,4095.260352691696,4118.910103098761,4109.003124943246,4090.521816168931,4104.857245109819,4116.729181234277,4103.349902703209,4118.183607586139,4086.382178106856,4087.842634138351,0.0,0.0,2.0
1696836354.8203125,361,0.0,4102.056483242059,4090.5971136986386,4090.7781301907403,4111.557129672772,4117.462518690448,4099.590252334914,4115.801247992936,4083.367343592168,4087.93293292151,4106.659537018985,4116.55450614715,4101.350536739306,4093.8789798586154,4081.0325412445795,0.0,0.0,2.0
1696836354.828125,362,0.0,4118.012495789868,4119.617617638041,4098.448733115633,4082.568551600843,4113.946172413798,4105.945387469484,4090.1147242822044,4112.589176256289,4093.835188551576,4098.388604236288,4106.389673771977,4108.855414636931,4100.4993084208945,4102.491040669635,0.0,0.0,2.0
1696836354.8359375,363,0.0,4096.520625637053,4100.243497768121,4119.005302980165,4112.274646526242,4093.7205445097834,4084.3774959008733,4095.437364191847,4095.2313863562163,4092.1179192771287,4100.210321592488,4095.905031402573,4119.670229513828,4101.695905580822,4082.114053641315,0.0,0.0,2.0
1696836354.84375,364,0.0,4090.8243256869478,4113.7575864935,4087.8213755270913,4097.31596629234,4080.780212764378,4081.239723598386,4085.0976952652154,4105.27893662017,4101.368919075748,4093.646261501873,4096.752211900862,4107.700101416783,4107.189512391295,4080.2992259735634,0.0,0.0,2.0
1696836354.8515625,365,0.0,4099.709101839658,4085.1428920848557,4106.39514724988,4087.0342912987285,4117.335584725065,4118.692814961305,4110.944310752676,4106.293704771983,4111.860005742893,4115.727446510132,4083.9156694976873,4104.210497188611,4111.953967181612,4090.1860668696686,0.0,0.0,2.0
1696836354.859375,366,0.0,4114.331380170581,4118.551923192084,4118.0752033574145,4115.565780430148,4086.8878624778904,4084.109305712394,4113.761757837103,4082.815719719389,4102.300824191885,4096.864429354266,4087.4362865662483,4110.669781783313,4101.614098033715,4094.5254283268982,0.0,0.0,2.0
1696836354.8671875,367,0.0,4116.122490605317,4086.927158214664,4090.4453029650645,4093.6570753261935,4109.027369467056,4115.119994402592,4088.1653806137215,4112.436974134252,4119.695533766864,4082.947280283395,4096.4669521989945,4103.820086840903,4110.53815242669,4103.404709090716,0.0,0.0,2.0
1696836354.875,368,0.0,4086.442622650322,4098.604775925558,4103.890396566212,4114.241805119625,4093.6234666438063,4092.4313381372785,4112.997509713814,4107.85797444709,4094.3348681736393,4094.297633880363,4083.745409019694,4093.374412705167,4087.904481770342,4100.239536072551,0.0,0.0,2.0
1696836354.8828125,369,0.0,4117.9072100799485,4091.029636170301,4117.744851452181,4081.895671927347,4080.7020789604594,4102.1221929681815,4087.064591402075,4110.894745469822,4096.162478598599,4114.66538465653,4109.67603286318,4117.385638665569,4087.789473108673,4104.952194356367,0.0,0.0,2.0
1696836354.890625,370,0.0,4087.148328359118,4113.586077334583,4094.8169416372184,4116.626089347513,4097.939577902169,4091.623106613559,4094.5073904031706,4110.75155612068,4117.955357714557,4110.587845790714,4103.359045251453,4080.827548235648,4111.0458460659365,4093.7328430257435,0.0,0.0,2.0
1696836354.8984375,371,0.0,4087.7334748654325,4103.871447051869,4109.288656251199,4097.401863357046,4102.963227186272,4092.016825093333,4106.347775963286,4083.5928755001337,4100.629045868869,4115.047007548751,4119.832374848427,4104.717514339322,4117.471521237428,4105.840632192675,0.0,0.0,2.0
1696836354.90625,372,0.0,4090.99572814106,4103.0646168293915,4095.1062123573815,4083.69342528751,4096.807626722877,4109.046141367727,4103.0707893427625,4118.760689266758,4087.8364434881414,4099.129499574064,4102.373258117049,4084.7683027594335,4101.218690909814,4083.8962875924476,0.0,0.0,2.0
1696836354.9140625,373,0.0,4090.6943822639973,4095.549769052427,4108.180674195637,4108.910728053464,4109.831322112506,4090.161467574517,4096.326768810104,4112.5165814997235,4104.047862313697,4112.173847723466,4114.367523894821,4102.753580615448,4098.787074036165,4089.736395593034,0.0,0.0,2.0
1696836354.921875,374,0.0,4081.4644244330575,4110.096911738657,4089.8332394519975,4085.0842160576667,4100.7381755036085,4095.2412351698126,4088.512368972922,4097.120274554771,4104.45704295626,4093.6393324680803,4119.234510579189,4104.290005062336,4112.989796503576,4111.770297433603,0.0,0.0,2.0
1696836354.9296875,375,0.0,4110.316599087356,4094.310023925613,4106.209653808956,4093.1286834465136,4089.354712907728,4090.6517010481266,4118.458012535595,4093.8021157790695,4100.2313334875025,4100.405918323283,4105.814243186592,4115.586521365761,4082.438051789257,4084.74736318045,0.0,0.0,2.0
1696836354.9375,376,0.0,4112.423946824965,4093.011623083674,4108.285672363346,4110.412248919435,4112.4525970447185,4108.57286596769,4113.12967939001,4085.8156641748474,4112.436854903949,4088.1551490397183,4092.9194028743923,4098.710066482711,4090.8807708668105,4080.063353681377,0.0,0.0,2.0
1696836354.9453125,377,0.0,4101.622299589659,4087.1497119262926,4096.761151321012,4096.471873384099,4105.917740516256,4105.23979665082,4097.481595164626,4094.3802030407733,4082.689314179415,4102.74009379352,4081.8042558637485,4096.069908755154,4106.153466003635,4084.547843521097,0.0,0.0,2.0
1696836354.953125,378,0.0,4098.3253451172795,4095.2665153313433,4086.1194022142313,4098.173439234636,4092.020105769975,4105.521489554987,4083.11310237828,4090.232529970362,4105.185166650409,4093.3187355570144,4114.8907333485795,4084.2684282064783,4118.896476435553,4103.100037341614,0.0,0.0,2.0
1696836354.9609375,379,0.0,4080.385071474353,4094.380649772489,4083.6949494459245,4082.409973949295,4099.72092058868,4109.7546287544665,4107.941587003338,4100.759655666289,4085.0963003782686,4089.7858135508427,4119.994769491882,4112.161751743867,4099.363710032863,4080.7011971650413,0.0,0.0,2.0
1696836354.96875,380,0.0,4097.032722681709,4116.29042067728,4093.9663847470642,4099.220422758497,4100.397656368835,4084.37690157292,4090.859771845454,4108.979723238463,4109.626233659052,4082.7946230429134,4087.8515395148834,4107.104290993208,4083.3044818662956,4107.970409348296,0.0,0.0,2.0
1696836354.9765625,381,0.0,4081.656983945619,4105.664539009964,4118.123816401028,4087.881562048158,4108.922450045299,4091.18320521993,4084.3694164248195,4097.789327585999,4097.864808095908,4096.683625144542,4101.523431230175,4098.609587451602,4088.2345076851716,4084.1058982618224,0.0,0.0,2.0
1696836354.984375,382,0.0,4096.463894021826,4086.131681261764,4115.00753395758,4107.64225651568,4087.367816793023,4117.106012068494,4109.316376255935,4095.2027632856993,4086.5584623893155,4102.973242773601,4119.356134182311,4103.410186255522,4092.910489259837,4105.471391954124,0.0,0.0,2.0
1696836354.9921875,383,0.0,4080.8472290757604,4104.348527128702,4104.6794098967375,4086.174560745506,4098.246532494352,4109.734193875672,4101.415128615802,4091.6815310731677,4108.019839233416,4099.030006978644,4101.052894244817,4089.668500554549,4111.334193204022,4096.696739100527,0.0,0.0,2.0
1696836355.0,384,0.0,4080.3836185866776,4108.251172793293,4108.055146994302,4096.75816892147,4088.47487829052,4087.8058929237823,4080.4916323946154,4110.512325952986,4081.152037806936,4105.634331950694,4080.053861127158,4093.7520098173136,4100.476710218532,4110.977130398595,0.0,0.0,2.0
1696836355.0078125,385,0.0,4104.460975789463,4104.142191409267,4097.766846080916,4104.466660351277,4094.862991346881,4082.897175567309,4089.7900255225,4089.4201829125077,4103.498183842052,4118.097138669932,4110.516887093428,4081.777881508505,4113.00586957811,4090.5737267280497,0.0,0.0,2.0
1696836355.015625,386,0.0,4083.067797899751,4101.566556454297,4101.8086207024135,4092.1089126381653,4080.5724589360834,4112.542777759118,4109.401606324176,4115.467036910023,4086.4836355581624,4112.144782920271,4096.717291436884,4088.0118371247154,4104.878966889197,4080.0481193935425,0.0,0.0,2.0
1696836355.0234375,387,0.0,4084.7070557999136,4098.381008509354,4103.5686115483495,4101.134705458325,4116.929970649657,4119.339989270864,4085.430250072366,4092.2936713840413,4094.0707188164833,4107.898943833738,4096.568671669795,4096.6126794738875,4085.1500316412385,4119.930809366082,0.0,0.0,2.0
1696836355.03125,388,0.0,4111.49529242406,4108.700869939494,4081.3159751676476,4111.490448401045,4097.186082962208,4114.904158102613,4092.240773191383,4112.255238797195,4114.285692209621,4089.4454784035483,4098.8110299933705,4111.9037799401485,4090.6570612873375,4095.4288181936613,0.0,0.0,2.0
1696836355.0390625,389,0.0,4091.72971586909,4100.011361166375,4094.2253672796983,4095.2290123351618,4099.292667024903,4103.017281542474,4119.104187939998,4082.657821752103,4082.104585234193,4083.2320057024567,4110.46788978049,4108.653326347951,4114.548113034191,4105.7947522562645,0.0,0.0,2.0
1696836355.046875,390,0.0,4083.7168177778426,4096.467030593744,4096.0721179049215,4097.567356076071,4089.704168634177,4103.001536895966,4116.8161635816405,4119.02766730991,4112.738389107471,4117.601587704803,4089.559126401606,4097.044409755647,4080.1810412556033,4092.0740522044252,0.0,0.0,2.0
1696836355.0546875,391,0.0,4099.320112912877,4091.625670200532,4092.213327011999,4095.3851816047572,4113.982446862148,4102.930465044058,4113.000723489935,4111.064978011916,4086.9895353383895,4114.167629764385,4103.472957005588,4108.06432046024,4100.992776988349,4099.829816712541,0.0,0.0,2.0
1696836355.0625,392,0.0,4115.635040369477,4082.066076898972,4102.495744793778,4109.195890087799,4118.468531875609,4110.386343904861,4119.551500253686,4087.275340633808,4086.523527425915,4080.673932932148,4112.213578376394,4081.107321179552,4109.039058455178,4083.5106069071967,0.0,0.0,2.0
1696836355.0703125,393,0.0,4117.20578336703,4095.3211626279385,4096.894091373913,4107.682920763788,4109.664430833243,4115.16709971745,4109.80464716841,4108.710584840693,4107.078671463592,4109.067889751315,4090.1656883165747,4115.680301936874,4106.948729632144,4089.730649953166,0.0,0.0,2.0
1696836355.078125,394,0.0,4097.480814935606,4109.720857728343,4103.664944491019,4110.20929568268,4090.3448227820586,4099.460348516596,4103.693994832698,4082.733091671316,4092.2596193240834,4099.602237882321,4095.2550665045346,4114.987482126317,4082.2605961066483,4118.002779539546,0.0,0.0,2.0
1696836355.0859375,395,0.0,4094.3711211508853,4112.093748989673,4100.197622687211,4083.3885836397762,4081.100963087138,4113.790547799083,4094.5292208472074,4102.815537985871,4097.038148064823,4084.603203144557,4097.682318911202,4089.588819404916,4080.3318473585614,4092.7140471840353,0.0,0.0,2.0
1696836355.09375,396,0.0,4109.990581645814,4092.3919200950277,4114.103814058745,4111.428387986979,4101.2319152020655,4094.985583662033,4097.638641679947,4086.5620997830633,4097.694510695779,4090.393927285393,4115.820646143887,4104.076297633487,4110.18939686548,4096.130933704833,0.0,0.0,2.0
1696836355.1015625,397,0.0,4118.686193241307,4099.390212189794,4096.66749643796,4099.023674359223,4100.732856634315,4105.155205371894,4115.229860989426,4088.6319970715713,4113.955775119685,4109.555201671669,4083.0827838417013,4119.097265567497,4089.214940486809,4084.1320170808744,0.0,0.0,2.0
1696836355.109375,398,0.0,4086.063760992549,4107.398649919495,4093.3922775711344,4081.514673472919,4111.309354999608,4118.015690393735,4109.77146006788,4112.702203859643,4098.107533845475,4105.209662185622,4116.678654001988,4117.831866430574,4084.5145762267107,4111.217565454545,0.0,0.0,2.0
1696836355.1171875,399,0.0,4094.2452532333937,4087.4388352946476,4095.0757944649677,4107.595004401729,4119.759135883044,4119.669078277635,4114.521841090857,4119.981977251814,4094.1992097938623,4104.720635238401,4118.735458295923,4119.924357797685,4097.153282472799,4103.6411171847285,0.0,0.0,2.0
1696836355.125,400,0.0,4089.0634825040943,4105.897299696303,4115.293194172616,4118.583271690748,4116.07878004033,4110.71828348954,4113.096680490353,4087.397866443016,4113.5681745979355,4087.074440399346,4109.410061121578,4096.364362931431,4102.089202314547,4118.572128137905,0.0,0.0,2.0
1696836355.1328125,401,0.0,4110.633798358106,4118.244552840111,4082.0452782036036,4102.626179277146,4105.5072875005035,4094.957522562793,4099.961996007164,4114.596413845482,4093.244939925386,4090.7550690279804,4119.730019549221,4106.214815582097,4108.463378840953,4083.3104199446316,0.0,0.0,2.0
1696836355.140625,402,0.0,4119.272559153633,4100.992140486453,4085.771536890392,4099.885361970566,4109.250704367603,4103.631321858214,4089.498474265747,4092.688316526044,4104.491111399864,4112.422089049495,4118.249042314356,4103.817662142124,4086.586085341699,4092.084841336372,0.0,0.0,2.0
1696836355.1484375,403,0.0,4084.69453049047,4118.515698985611,4106.5702066396825,4085.9623975789914,4116.737483541731,4095.454572078495,4114.096347570294,4088.496350082541,4092.8943342124912,4084.804009119316,4103.046386797137,4102.871831670531,4082.2218016842353,4107.014985818451,0.0,0.0,2.0
1696836355.15625,404,0.0,4108.044694473484,4106.50348477661,4081.304989552511,4087.457370874017,4119.091987273625,4107.571407062379,4091.4948106399474,4085.08259205154,4096.138312330924,4084.2538516365453,4113.446654982564,4084.8802025898694,4103.96933662963,4092.2231108347764,0.0,0.0,2.0
1696836355.1640625,405,0.0,4108.488313726819,4114.492601683885,4113.769367135183,4109.953506858406,4115.5320892345935,4083.819983697074,4103.600175936126,4111.632785308528,4118.464974196916,4100.877663376468,4095.006763428082,4101.999187933762,4083.0651196548565,4083.759960376999,0.0,0.0,2.0
1696836355.171875,406,0.0,4081.366113960869,4117.313053591621,4080.626431186805,4118.085150353509,4116.863126619198,4118.218191178233,4085.2012216694807,4112.828237289891,4112.994151709149,4117.692170143111,4085.8139052956235,4095.339612606968,4112.529950781057,4080.993196255197,0.0,0.0,2.0
1696836355.1796875,407,0.0,4094.6988168756093,4109.702632927169,4115.595330815562,4098.51845064457,4099.253603072962,4101.568128220668,4119.3778812026085,4106.092835219711,4101.362687246704,4110.0452433914525,4091.7067467888346,4101.134745820364,4114.691726313976,4107.043431370077,0.0,0.0,2.0
1696836355.1875,408,0.0,4094.235618694895,4093.9502623831745,4082.2948256000295,4088.805186324631,4083.2174647030934,4083.2893991248866,4087.143870493328,4104.710195141867,4082.5515915673695,4084.7979037651066,4084.177791190568,4106.705360295343,4100.323388964077,4113.035356173283,0.0,0.0,2.0
1696836355.1953125,409,0.0,4116.425231658973,4096.461378282213,4096.182423193106,4106.204259462177,4090.0509869662155,4100.741987052693,4118.712249625918,4100.934396840022,4115.24079070195,4111.386761998599,4104.288054410681,4108.151923350472,4086.024278046784,4114.917664157612,0.0,0.0,2.0
1696836355.203125,410,0.0,4085.575018014093,4114.684336952849,4096.1350159886115,4085.7739308453783,4090.512724971391,4113.310783259444,4104.558717823892,4113.527526099857,4113.943618876748,4101.767096743187,4084.7381901511344,4115.264477328541,4082.047990473216,4103.6751077776635,0.0,0.0,2.0
1696836355.2109375,411,0.0,4111.311587000698,4112.457468491275,4102.934804259608,4118.927249873068,4098.101117743722,4113.030023313515,4108.465268956768,4101.605665323985,4085.881248945916,4101.405916265556,4102.664095900091,4111.8508581751385,4111.240941952444,4107.0317325770975,0.0,0.0,2.0
1696836355.21875,412,0.0,4090.690266390475,4103.799464873406,4105.7372651852775,4098.021803740564,4115.187203168654,4083.11625683433,4114.689993761147,4115.558607618633,4097.583105432814,4085.415582573937,4106.081307359526,4108.409656343875,4114.472601658533,4097.454966713112,0.0,0.0,2.0
1696836355.2265625,413,0.0,4092.1295639421364,4116.187898211593,4118.082009897466,4117.325211813526,4093.322768641074,4097.661410358766,4094.3253577608307,4084.4436648739324,4118.81588194108,4088.18770445087,4082.4306445244347,4082.994306288319,4081.2032103186643,4100.770473307394,0.0,0.0,2.0
1696836355.234375,414,0.0,4113.439029916511,4102.987892337741,4107.102034470191,4119.942917782808,4090.1873526564495,4114.881195374377,4088.7830051471537,4107.3606985766,4089.0622505053457,4108.0832196651145,4080.0184387951003,4111.12428804538,4106.466680510395,4117.5791749282,0.0,0.0,2.0
1696836355.2421875,415,0.0,4094.6969838622904,4096.036339158873,4115.586604677243,4084.456578678405,4112.720371022832,4087.133801440494,4111.507788953028,4118.079016024609,4090.8909745292954,4088.7411920501495,4080.0476110143522,4094.173291504462,4083.9575091687384,4082.111712396975,0.0,0.0,2.0
1696836355.25,416,0.0,4098.855182292519,4085.0548453859,4119.423373909272,4086.423246799765,4112.192209645392,4093.0403124802306,4102.78967301594,4111.553454664225,4107.790554561835,4113.44132778365,4082.4764514266853,4095.788942267158,4101.35811730214,4100.1967776697975,0.0,0.0,2.0
1696836355.2578125,417,0.0,4092.7517072754913,4085.1155615435496,4084.8370823884343,4082.4162748653453,4097.58275645424,4085.3360603355823,4091.575622016021,4086.3755396175293,4091.902685926335,4099.033601679245,4103.739833686178,4109.246223573155,4089.751853932066,4081.710651634688,0.0,0.0,2.0
1696836355.265625,418,0.0,4110.419354773783,4114.724410736293,4088.7644401650055,4096.593728234721,4080.6740771138,4113.208930155321,4099.462978336897,4102.041682758761,4103.992863782057,4094.901427972284,4107.417371027106,4081.6397312804834,4098.621672937963,4084.205423460102,0.0,0.0,2.0
1696836355.2734375,419,0.0,4103.6588957618615,4096.22799273734,4113.128427378392,4099.936819684527,4086.8344607304457,4097.187562586701,4104.820510222475,4097.031037922259,4102.418218905595,4118.21386327909,4099.762204256021,4118.587209755181,4084.0725968728816,4104.270085520935,0.0,0.0,2.0
1696836355.28125,420,0.0,4113.866707201173,4100.808418011037,4116.353353781181,4093.7378382865904,4100.382462803153,4119.8039704439325,4114.568051374006,4112.145114314844,4100.701429322636,4104.45718885288,4111.612667733646,4090.569497139222,4112.86368552385,4118.327952758541,0.0,0.0,2.0
1696836355.2890625,421,0.0,4084.8661332235456,4114.161947242823,4104.320515634923,4119.339669102691,4097.975248584517,4116.971080801459,4080.510288358,4117.852464813616,4117.8621276199665,4108.550724271061,4098.492725007322,4105.205812686747,4093.0146721648416,4087.5379359156022,0.0,0.0,2.0
1696836355.296875,422,0.0,4084.7667768886718,4093.3574844213717,4119.176166614869,4082.5634254913266,4109.977606939552,4095.1946401979144,4100.778311866015,4110.57163921115,4099.545249552231,4099.184988639555,4085.7651803613476,4115.047075033633,4111.913189541585,4118.836701651243,0.0,0.0,2.0
1696836355.3046875,423,0.0,4112.969023216005,4102.664685750064,4092.846540910567,4113.442281332447,4113.6781745439985,4108.875750855247,4098.940695633833,4105.025077015623,4103.3004454350985,4105.696791528204,4094.734975756447,4109.794495161458,4106.3694784598,4110.769945988159,0.0,0.0,2.0
1696836355.3125,424,0.0,4111.757263462813,4090.8038225145638,4098.605669823047,4116.224831809913,4096.765994435999,4085.6141188260244,4119.582506164053,4100.452337963623,4084.199585889076,4105.607156212043,4119.349234032922,4082.842854422046,4117.375538305835,4099.937767800064,0.0,0.0,2.0
1696836355.3203125,425,0.0,4101.039637267994,4106.772426169027,4100.511324681936,4109.849954909098,4081.6293306408616,4111.881969267087,4101.767661260112,4114.615707238602,4081.0833135566345,4109.068564340019,4094.393159770618,4113.291720991752,4095.4982579355524,4090.7433195864737,0.0,0.0,2.0
1696836355.328125,426,0.0,4110.934934002082,4111.587334234018,4103.059761849915,4097.89229782386,4085.5016113938927,4104.944411708846,4098.174298863715,4107.388125644777,4109.915279402664,4105.550846706751,4087.26552682753,4108.376742026706,4085.6671720580634,4107.333888253497,0.0,0.0,2.0
1696836355.3359375,427,0.0,4094.0761643478577,4107.807160665406,4104.331416587385,4111.28181847333,4114.5437815319165,4081.9492716007526,4080.5101270963078,4116.992746875553,4086.4989677547705,4081.1014866569785,4111.658289487752,4112.725337874964,4106.840873027577,4095.0463947772087,0.0,0.0,2.0
1696836355.34375,428,0.0,4116.102565306233,4110.477818655081,4107.359308549926,4112.872170337687,4084.2784880525837,4088.8695835336607,4103.440825311263,4119.4426681615805,4103.17101680681,4118.780750025063,4084.6071753402125,4084.2614170776224,4091.0676557316165,4087.1586181175294,0.0,0.0,2.0
1696836355.3515625,429,0.0,4117.519167671854,4107.009363232033,4098.649262419812,4087.3701617367155,4090.500898040602,4118.6717293868205,4080.80015650723,4117.395220596798,4088.4405969232657,4109.894592951106,4093.6366368793065,4110.227727735338,4090.2043636465396,4080.37198128103,0.0,0.0,2.0
1696836355.359375,430,0.0,4116.803697711871,4114.926243937676,4112.332620652302,4111.907921404285,4119.631346867022,4091.4449832098876,4080.9884070357057,4089.789381147506,4116.698234838282,4081.5558482889396,4081.1227372694934,4084.4846527613054,4082.481946101092,4083.067698734057,0.0,0.0,2.0
1696836355.3671875,431,0.0,4110.611587507799,4115.783771416309,4093.2689650818584,4118.803455141309,4105.772363660493,4099.882411869463,4103.041954853327,4107.698827720287,4081.5024109259098,4080.213232877814,4094.8874276940232,4090.9242743874697,4111.191481789905,4098.396606124279,0.0,0.0,2.0
1696836355.375,432,0.0,4082.0876726513643,4091.2866049854706,4099.411414844013,4098.858338588764,4091.715106815734,4118.938235253104,4094.123921608924,4102.366374255317,4107.859317744951,4091.150478441967,4117.603682466596,4112.024918295156,4093.0119976743435,4087.6618294703976,0.0,0.0,2.0
1696836355.3828125,433,0.0,4096.694439976573,4098.62302903045,4109.375582271139,4087.4365302042143,4107.900670874845,4113.977828119411,4113.470346499458,4111.924898486692,4080.0679966550656,4117.245278552048,4092.0103077197905,4090.2173552301715,4112.473731164561,4090.968286722436,0.0,0.0,2.0
1696836355.390625,434,0.0,4109.064876657221,4117.112347432467,4089.9780150829906,4094.959592288296,4102.0405896772545,4110.645393449908,4080.1533466493843,4107.633646466808,4080.467866137143,4085.1091590794344,4093.03842065499,4100.517390527912,4109.548575179822,4080.166058463132,0.0,0.0,2.0
1696836355.3984375,435,0.0,4084.6172997867225,4084.191798833174,4104.835208659872,4119.570974209072,4085.4711139818787,4085.63111816267,4088.9239402955313,4110.636707199686,4119.965942218004,4095.3547977612307,4110.698861409356,4101.457021708766,4085.250685421884,4098.634329805407,0.0,0.0,2.0
1696836355.40625,436,0.0,4088.179991018667,4105.638027240663,4105.495001697967,4085.2821561076653,4093.0986048367063,4095.5380317629215,4102.21343060257,4090.555760280883,4084.197795471407,4102.010686518093,4111.106206059126,4116.854401511872,4104.869233867594,4086.0870961271235,0.0,0.0,2.0
1696836355.4140625,437,0.0,4104.297830928482,4119.408429487876,4091.536995131691,4109.126385503246,4109.7137236449535,4104.041140164001,4097.927462083356,4092.5336122657363,4083.116478558066,4086.315173708098,4105.4823739750045,4107.106980917453,4081.787795944152,4108.501057280625,0.0,0.0,2.0
1696836355.421875,438,0.0,4093.921863489941,4093.1956564154125,4112.43606088566,4116.229780306557,4118.517760231759,4109.087544001653,4104.8500992821955,4095.1734954143435,4098.305363957742,4098.47545907133,4100.8237784987605,4085.610964849019,4107.144436299607,4117.381025971823,0.0,0.0,2.0
1696836355.4296875,439,0.0,4084.561100231973,4110.495171035968,4090.335771513637,4088.818341457365,4115.196103752304,4085.6429449820826,4080.206825255882,4082.047133373717,4088.332605942197,4081.534597084198,4100.9849504917065,4108.569188788926,4113.493988049043,4114.3238061589245,0.0,0.0,2.0
1696836355.4375,440,0.0,4105.5836462038305,4081.347167295325,4084.5812716146147,4093.9517834692556,4096.7847651630445,4099.091336744849,4101.566312857385,4101.768594985589,4083.13361702448,4115.860482387908,4114.155587583052,4096.259205616117,4104.228682763944,4081.410940967326,0.0,0.0,2.0
1696836355.4453125,441,0.0,4104.548653341153,4119.596799440537,4100.516932984115,4111.565366350919,4116.158781202843,4110.978912567664,4097.3363874739325,4105.868603827681,4118.286896355246,4105.07761990359,4093.342852820367,4083.1651999888663,4107.625399254885,4103.077395659457,0.0,0.0,2.0
1696836355.453125,442,0.0,4112.341351462826,4095.7811435355297,4084.266987790922,4089.8715240504657,4106.494780514948,4105.301013311208,4109.351473119929,4095.449322484448,4104.081426784107,4116.392542099378,4082.537988839403,4092.6215074934726,4092.4245045349444,4093.5265718108353,0.0,0.0,2.0
1696836355.4609375,443,0.0,4088.566600102228,4086.291212375349,4096.634980666545,4083.747518772098,4080.100869774273,4088.7151170573634,4111.809729485673,4083.961437077529,4119.747897498349,4104.576799802957,4109.25071388082,4099.712010933081,4082.2346529791957,4095.1815178292945,0.0,0.0,2.0
1696836355.46875,444,0.0,4105.489654466702,4085.15121654008,4115.294421641812,4083.494435146531,4080.0953511326957,4081.9732250557067,4090.549184021164,4112.121006901781,4084.815153142518,4109.941946235239,4080.064548957893,4114.04922091699,4081.2316879041355,4118.6382810638,0.0,0.0,2.0
1696836355.4765625,445,0.0,4083.672846089428,4084.3796554698156,4095.2442008696275,4087.604529924311,4087.6730559458815,4106.9382606930285,4103.208619595443,4095.991488543569,4102.010035628588,4099.650637896368,4107.895297717403,4083.0829403686685,4099.1525117192705,4080.174092517848,0.0,0.0,2.0
1696836355.484375,446,0.0,4099.657000186914,4117.994276838937,4117.334449803407,4118.437812169254,4105.824576394005,4104.74411197906,4090.6478209665493,4108.268401253693,4103.06972919741,4110.649746556752,4100.026428717994,4094.417285308117,4102.415664897918,4083.5718683545765,0.0,0.0,2.0
1696836355.4921875,447,0.0,4115.3976425433275,4084.46053526504,4108.402362383419,4116.012763371998,4101.219402894861,4118.892847691513,4106.173382676911,4118.77872824084,4085.7538551119364,4105.058968394769,4109.0319331237315,4101.110687453618,4112.183842478706,4083.2594351235316,0.0,0.0,2.0
1696836355.5,448,0.0,4090.9114639828044,4108.622442170454,4109.416171889035,4119.133652700097,4112.304250327403,4102.5600370972725,4090.1517427223953,4091.6796942905976,4087.632025994702,4107.9004060821335,4102.355049495162,4119.908277577633,4087.2383333186467,4095.1263271733155,0.0,0.0,2.0
1696836355.5078125,449,0.0,4086.9733235703457,4091.4320890525933,4104.229820186314,4088.3046040019944,4107.298718988658,4082.822325086306,4088.9571238867316,4099.136398986217,4091.6575753275274,4119.513502855987,4116.884738844083,4116.337362238238,4105.939355190716,4087.494385156144,0.0,0.0,2.0
1696836355.515625,450,0.0,4093.618795329222,4091.996664822499,4086.1285805456037,4103.399435328765,4084.6545312085186,4097.579083701764,4085.611021104793,4090.81735958911,4106.006336686565,4102.577568848824,4109.353839906059,4099.8223559156395,4104.797841209909,4106.075238894237,0.0,0.0,2.0
1696836355.5234375,451,0.0,4095.2589198843057,4107.6071392515805,4102.125871272123,4090.8670660720563,4086.992821906258,4098.595669635939,4084.479637157741,4091.949287576949,4117.745385857246,4097.923988462624,4087.5850858059985,4118.1862796975865,4119.777910504415,4109.316245574788,0.0,0.0,2.0
1696836355.53125,452,0.0,4112.963281293048,4119.785289916187,4087.778312546336,4113.948147589012,4094.553061266121,4091.596991761327,4110.462083776417,4087.2741318625312,4100.403724913166,4098.572522877023,4091.7247506349113,4096.828608499433,4089.9964158275848,4115.822652247571,0.0,0.0,2.0
1696836355.5390625,453,0.0,4095.2599428164467,4112.7914115983485,4108.060068923398,4105.85751427608,4105.206198509357,4118.839837731919,4115.410138557516,4111.498368457306,4081.918767523635,4105.1059735335375,4105.452969649428,4092.0003593301117,4085.4443289834917,4099.780054018918,0.0,0.0,2.0
1696836355.546875,454,0.0,4097.028818478332,4110.089008690907,4099.015810124891,4116.987498134336,4111.438259279174,4099.299934316596,4110.070669895203,4115.502314447404,4106.187114525334,4103.8466354599495,4084.059646683559,4109.940781885384,4095.2876126778433,4105.302667217309,0.0,0.0,2.0
1696836355.5546875,455,0.0,4100.000540453586,4109.274280297675,4101.303132329011,4110.217511066243,4118.428513434329,4088.8810409831476,4096.954148127063,4095.629921572691,4086.7065104339854,4096.7030376946395,4087.7328700721037,4080.7448170451385,4104.8570000620975,4094.6509212518936,0.0,0.0,2.0
1696836355.5625,456,0.0,4098.117892883764,4109.529397075796,4109.610514745753,4104.692280139905,4093.7358912588556,4096.16176448615,4086.4234587062333,4110.77922914701,4104.638430974445,4104.91761793895,4095.2094584630727,4103.005083982609,4086.611660773219,4087.0434347571827,0.0,0.0,2.0
1696836355.5703125,457,0.0,4085.020795086414,4105.191998075241,4102.638189411715,4092.784651334044,4098.842626387118,4086.925338060614,4089.4054123250744,4103.485483772105,4115.584724259836,4117.72606193469,4086.125551895494,4116.118217676772,4089.523811810512,4089.523212372789,0.0,0.0,2.0
1696836355.578125,458,0.0,4096.140855869258,4099.845998022429,4082.9762602434535,4099.1950346016,4107.945319928237,4086.068800170389,4081.565288811156,4103.05463955798,4100.9777734736335,4102.535932071676,4102.0950894192065,4087.104084300777,4110.987272723205,4088.4440017821394,0.0,0.0,2.0
1696836355.5859375,459,0.0,4100.326259075339,4100.023985091873,4101.71538587559,4106.961952732769,4117.675440412396,4116.881053726202,4088.1522034502123,4095.4964573626808,4103.04536902843,4109.362242863371,4086.1766570403415,4119.397866786748,4111.137347412321,4102.415022209988,0.0,0.0,2.0
1696836355.59375,460,0.0,4115.6535050619295,4082.2930783487614,4091.223343461275,4097.953379733722,4093.7034398353658,4099.9148102916515,4094.905537615528,4084.6476616479076,4081.195589623474,4117.309534914273,4113.911685336281,4117.626585544956,4099.458777021354,4098.033715022466,0.0,0.0,2.0
1696836355.6015625,461,0.0,4117.6107430790635,4080.8709333724773,4087.202374715242,4081.1983194081968,4084.3285104590323,4087.9394585703626,4102.720017018174,4097.767200516947,4098.090133378814,4089.7571576706323,4108.488138555577,4091.1711901577805,4112.502627502043,4112.8972757543015,0.0,0.0,2.0
1696836355.609375,462,0.0,4090.9061670800197,4100.432896896892,4080.1424009231573,4099.124201883285,4115.878309316017,4116.485204189226,4086.0954951335116,4086.3249525911933,4108.903859522567,4092.7128913526053,4094.069102339352,4107.141265184829,4096.554615632874,4082.5173858081043,0.0,0.0,2.0
1696836355.6171875,463,0.0,4097.247963902151,4111.321533185827,4112.486464215347,4096.223248551493,4100.953783760832,4100.369278867544,4117.253136994927,4084.580578358629,4099.482896088289,4092.5231808752833,4088.7194627532404,4102.1252899476685,4100.520984372856,4115.895418206162,0.0,0.0,2.0
1696836355.625,464,0.0,4112.929829080381,4088.385728111089,4110.606090112153,4105.455313753542,4100.133406623504,4081.5467099498283,4094.6807734181198,4104.38831472112,4099.097807946505,4098.635579537307,4117.448985924546,4112.749635048611,4099.391330317005,4088.7192948596166,0.0,0.0,2.0
1696836355.6328125,465,0.0,4114.9872506646125,4090.36118046776,4105.141842649281,4090.1727638372395,4085.0101214358847,4102.736364019032,4086.411533870508,4085.670439875216,4096.165917714689,4107.28094716223,4114.987880478784,4113.447317861072,4107.3020804107,4092.0964189472666,0.0,0.0,2.0
1696836355.640625,466,0.0,4111.695842243973,4112.824017254528,4090.6427883046304,4082.021349859538,4107.582169530769,4098.872382234549,4086.8196295714197,4087.1486512185315,4080.9046355659502,4086.506534259602,4113.312490519935,4116.496769001369,4105.7084098687,4118.57454671892,0.0,0.0,2.0
1696836355.6484375,467,0.0,4103.20506131625,4109.884578699983,4088.059645430153,4097.94393335582,4088.0007197344416,4085.7499832954677,4115.055339849008,4108.828429272837,4104.057593969039,4111.700250686657,4114.3316031264785,4116.446589555045,4086.191484889524,4086.707556304736,0.0,0.0,2.0
1696836355.65625,468,0.0,4100.3437644184105,4094.0374885097735,4090.2726308990714,4088.5510726817183,4118.014636972944,4114.690854033789,4093.535062404702,4104.650648438178,4109.64832530615,4107.971643088438,4096.060986533039,4104.823597943805,4102.719951071686,4095.8222780339947,0.0,0.0,2.0
1696836355.6640625,469,0.0,4084.30844822366,4084.3741492377258,4107.558121274382,4102.596113142684,4117.95963052768,4100.085807720447,4098.521782514446,4096.205421149452,4082.686710056965,4116.071474263388,4108.449807726661,4090.483635416669,4086.5173946791897,4097.6229026713545,0.0,0.0,2.0
1696836355.671875,470,0.0,4090.599755411779,4100.6739689220585,4107.209115150541,4096.690521235796,4084.266811041225,4083.909772353131,4091.318855454827,4084.703148004911,4106.701720728444,4092.2316884174284,4101.846977077825,4104.9195951063475,4112.2778122509,4115.872854525467,0.0,0.0,2.0
1696836355.6796875,471,0.0,4092.649324194744,4094.799128870256,4088.888199073831,4085.0195286333,4097.667765418881,4105.9511301805705,4081.13011202749,4090.48225980131,4113.965986851853,4081.0257308660784,4096.384771995026,4085.029338602452,4119.241081292047,4102.822889721216,0.0,0.0,2.0
1696836355.6875,472,0.0,4102.74798291757,4090.6763780095475,4096.16463252311,4089.316999374042,4110.861908010481,4110.3938771921985,4095.7707065539826,4118.896214823536,4103.115199254166,4084.3375574879774,4080.521364182359,4117.822524312197,4113.297094201346,4101.6220443138845,0.0,0.0,2.0
1696836355.6953125,473,0.0,4089.0981107535404,4100.926047624081,4099.848919573473,4093.660591032014,4082.805828526237,4093.441641658846,4100.664983801385,4095.2066173526578,4111.3726823177285,4099.204702099049,4115.326151620382,4107.212031212907,4109.566561431758,4086.2032793070666,0.0,0.0,2.0
1696836355.703125,474,0.0,4088.180952667778,4100.147084633653,4093.272125052158,4104.645121415702,4089.438436398166,4115.079394586136,4110.177766280356,4106.445230521271,4096.183329679753,4083.6036100432143,4086.0640838959707,4107.61389873094,4109.6683090426095,4095.4865861427406,0.0,0.0,2.0
1696836355.7109375,475,0.0,4089.0830444527464,4114.991168537179,4102.3930677711905,4085.250801346298,4102.002558620711,4097.39809937088,4108.142051374787,4112.31200410189,4095.9980777156075,4091.969393712098,4116.82278912226,4115.574676157707,4094.529109468877,4082.202542845291,0.0,0.0,2.0
1696836355.71875,476,0.0,4092.0034066379676,4117.297432550206,4090.18369887046,4102.238493931986,4104.301812993567,4116.009485007966,4119.0663833011895,4089.2232753787284,4112.2769942419445,4107.931166599423,4114.34318838775,4080.222497313111,4097.394022926917,4109.948451239445,0.0,0.0,2.0
1696836355.7265625,477,0.0,4119.21610085013,4083.1055879453734,4101.136617369852,4116.672217267936,4117.984905599115,4089.3531501309094,4113.139176371962,4091.56835333884,4091.871789930831,4089.911802729597,4084.5299154514846,4109.030137153113,4106.178192676417,4080.698834199365,0.0,0.0,2.0
1696836355.734375,478,0.0,4088.062352595256,4115.631778063087,4086.8618744408336,4117.139537211623,4111.854116555444,4109.764575450067,4080.621252247344,4104.874519596683,4102.433302535552,4082.0179562929416,4104.464599462815,4090.918112241864,4101.430318950141,4089.0633082286645,0.0,0.0,2.0
1696836355.7421875,479,0.0,4084.066463127559,4104.736977802443,4098.106583980241,4119.128545696038,4082.125544340023,4084.7172104251003,4109.590969882157,4106.921853086795,4080.695053242934,4091.9385660311027,4115.987234890148,4117.535591404542,4118.486802335917,4082.0550952775925,0.0,0.0,2.0
1696836355.75,480,0.0,4108.205296659715,4091.4245604175044,4086.5812614269053,4090.1584147580675,4113.692633638299,4094.6137012481763,4102.24927176989,4119.956074914901,4107.030945757251,4086.8363781873495,4094.868560167046,4095.4770768326634,4097.628908748887,4116.83863307821,0.0,0.0,2.0
1696836355.7578125,481,0.0,4080.9120438479645,4096.322894452991,4113.327857176721,4098.221514589354,4117.730043171892,4101.083732428187,4114.999366137406,4096.170625014668,4094.630785577036,4085.7584971053006,4093.7567142855373,4101.424988924899,4109.42847092395,4118.2293061040045,0.0,0.0,2.0
1696836355.765625,482,0.0,4109.949096084942,4089.2726591506184,4093.8604676018012,4116.466661320276,4100.80110764074,4113.755811884976,4107.14671572604,4085.549878196295,4083.023503717034,4117.75176126818,4087.1619762743594,4111.493852548294,4118.386221729186,4100.911799962035,0.0,0.0,2.0
1696836355.7734375,483,0.0,4080.576559349183,4095.9894767779697,4095.9337794107764,4119.721838982118,4103.463553959002,4119.5886947677745,4090.7847712821454,4117.847717827241,4110.117272631064,4118.4105690925435,4112.618002051591,4118.272218497198,4103.886652958846,4113.620928348437,0.0,0.0,2.0
1696836355.78125,484,0.0,4115.9335702731,4106.798171849358,4109.2454653417,4096.18987637531,4093.8738690827035,4104.767887975796,4110.290219019231,4092.926382456766,4105.462620676206,4107.054801341328,4113.473941031077,4106.860105533499,4082.233002633955,4099.530684833943,0.0,0.0,2.0
1696836355.7890625,485,0.0,4089.061677667035,4105.082754360076,4093.5848131867538,4119.880818397646,4097.33159005796,4084.5707929699474,4085.9313618806705,4085.975990629088,4097.056233849075,4106.402893339822,4081.9161020597817,4097.069128514728,4092.269921628313,4090.9406471422176,0.0,0.0,2.0
1696836355.796875,486,0.0,4109.5623957394755,4095.699664100883,4086.256729509611,4114.148337816191,4108.969274304876,4109.230581603164,4105.646736117494,4086.9228928533375,4082.256574434995,4107.598953748481,4097.07688468304,4118.055642764178,4115.119844979135,4083.043058278879,0.0,0.0,2.0
1696836355.8046875,487,0.0,4086.7587150725103,4119.4880089858325,4108.0948927104655,4107.530283506902,4118.265234170885,4091.6821236200667,4085.779149460017,4119.56789961414,4092.8148613777753,4100.532393133441,4110.13395319253,4101.741082044163,4093.167344639363,4105.493404231316,0.0,0.0,2.0
1696836355.8125,488,0.0,4104.635618732905,4113.032761141903,4102.329684055764,4105.509985641662,4101.61440366111,4094.300030621843,4113.825876727009,4081.0479836553836,4108.533743261157,4082.6946686364286,4117.593119629953,4112.699411544243,4084.826089994755,4089.0637411728053,0.0,0.0,2.0
1696836355.8203125,489,0.0,4111.824142036046,4101.487979928034,4084.643917439944,4084.9999288406593,4093.305526317273,4115.891835660057,4088.4702503034823,4081.0343838940735,4109.60267049961,4109.3604065917,4087.047950581054,4104.170658911288,4113.692013562948,4118.2540119737305,0.0,0.0,2.0
1696836355.828125,490,0.0,4084.9971284268,4082.696201720542,4112.9181725531325,4098.65846949146,4093.57243084421,4083.4662062912166,4108.899080221638,4104.819494582087,4093.0997025053334,4098.967157291713,4092.449961564654,4094.5296753530406,4114.96457938484,4089.704526349072,0.0,0.0,2.0
1696836355.8359375,491,0.0,4081.905840577154,4108.913485694872,4095.5228177206927,4098.413045304686,4091.459935502529,4085.081231627239,4119.536896196071,4115.537342008943,4107.936785654564,4082.282578377446,4104.433550883272,4099.980300875659,4105.329308118938,4098.306924266742,0.0,0.0,2.0
1696836355.84375,492,0.0,4117.849169790416,4103.891974335892,4093.313161418695,4100.31201804607,4105.846080096318,4089.1938781486633,4099.736461080148,4105.599286110074,4102.832425410797,4095.2025910524103,4087.6567444128814,4110.175880897964,4118.405562548439,4091.1046984021477,0.0,0.0,2.0
1696836355.8515625,493,0.0,4093.404730276415,4115.643877399917,4103.013227500761,4100.3909397852185,4084.283457818195,4082.590339519302,4102.464733589286,4090.25774352268,4096.694625761,4117.040366684937,4106.115203370071,4119.051672382924,4106.131160344267,4103.990417298051,0.0,0.0,2.0
1696836355.859375,494,0.0,4102.508204544585,4116.729981858509,4109.385178550413,4095.626365620566,4082.5182857875266,4094.957219242628,4096.088668252024,4111.714532933466,4104.45136286486,4089.5849944614356,4088.22459728929,4107.083009980541,4118.262418557663,4098.04457892017,0.0,0.0,2.0
1696836355.8671875,495,0.0,4113.500094933178,4115.391420661312,4095.5408437234605,4107.723247086863,4104.087335956787,4098.309173245922,4095.860899185809,4118.662638057361,4083.7973450606783,4103.723500932185,4101.76431159841,4099.389987785325,4119.472059136021,4104.708961896039,0.0,0.0,2.0
1696836355.875,496,0.0,4097.054515442058,4115.9437629890845,4118.945055943844,4101.6997144612815,4090.288204736324,4086.47443465749,4083.6907543509246,4107.736234900815,4107.452509531296,4100.358014159714,4109.152478024177,4099.991527381719,4106.764366508904,4090.1688582982083,0.0,0.0,2.0
1696836355.8828125,497,0.0,4082.403922448695,4115.384742854523,4118.880920128918,4091.066859744898,4110.6410167892955,4113.391752928263,4106.654897233693,4108.165918986525,4099.706548117257,4094.207128678,4086.0031157088283,4087.158801454196,4114.741251211914,4099.431868508544,0.0,0.0,2.0
1696836355.890625,498,0.0,4112.002921633146,4119.5803337210455,4113.139553002602,4097.821470822541,4118.820433800689,4113.948951131922,4088.2695818043953,4092.309382848452,4113.973206070736,4101.202594481008,4087.6523628386835,4110.134048247778,4100.3736252692415,4101.988198774527,0.0,0.0,2.0
1696836355.8984375,499,0.0,4113.027917781782,4080.073382855155,4082.824428985179,4092.6539151351,4112.1803152613375,4095.9256804454894,4114.521303629153,4107.626711067794,4081.7781154203885,4100.940803816268,4100.602222117137,4090.7600878010735,4096.2165220824,4082.367456021674,0.0,0.0,2.0
1696836355.90625,500,0.0,4109.039389747107,4096.467536694759,4104.242763223762,4090.823868593645,4088.351528723828,4104.012848418598,4080.191586665441,4116.1931385600565,4115.357893188135,4109.856127659761,4103.232945262379,4110.369289422318,4113.402003579634,4106.230917519759,0.0,0.0,2.0
1696836355.9140625,501,0.0,4119.222340605805,4087.215871866627,4092.9530485318837,4089.2591524536238,4119.66323228711,4102.937192387664,4095.7970759571494,4101.1753580004915,4105.255350131683,4118.252306390814,4080.5413006618096,4111.730036199378,4102.905802081402,4119.658977884381,0.0,0.0,2.0
1696836355.921875,502,0.0,4093.2314659601243,4086.2199635694087,4089.085970198816,4118.894575440039,4115.255983303958,4114.661762561427,4084.6653406929386,4117.101747201673,4119.2250289481,4091.929122687857,4106.8121889208915,4088.726668931433,4096.702003591657,4116.820835820968,0.0,0.0,2.0
1696836355.9296875,503,0.0,4108.109996918942,4111.015727827343,4106.707232337983,4110.0924454852575,4110.756314759026,4095.198950511836,4109.816272933897,4105.334008726944,4117.331428403933,4105.557060179124,4104.969403481621,4113.852823685535,4093.000665522902,4091.8305597973326,0.0,0.0,2.0
1696836355.9375,504,0.0,4091.8682717245665,4113.82583136815,4083.12044365708,4097.220995268584,4088.532481539585,4088.135992845842,4090.2393155104933,4087.2891824155295,4118.605901254638,4119.991191751672,4112.375047463535,4098.115525284852,4102.277599998828,4102.517427466018,0.0,0.0,2.0
1696836355.9453125,505,0.0,4086.9071929185434,4112.408338406285,4080.769611564552,4101.763528948841,4112.761173857016,4103.259261325411,4105.951415334923,4113.414688433658,4107.411721207844,4103.131263039588,4098.606083278607,4114.484512836175,4114.217992660127,4080.5350213356096,0.0,0.0,2.0
1696836355.953125,506,0.0,4099.941671328307,4093.018624125249,4094.233518150021,4104.929856233342,4118.34298798612,4094.588665066595,4101.337922659281,4090.680196686179,4081.2124997921846,4118.419865631977,4114.577680073565,4102.507142399094,4107.500891816706,4081.382860044216,0.0,0.0,2.0
1696836355.9609375,507,0.0,4104.375408363091,4094.0749244159333,4080.726386805046,4103.502828994854,4102.145428585255,4118.48230588261,4098.566861320377,4110.9698787152165,4116.325677664714,4096.473870324477,4094.8007578049765,4109.937639341618,4110.282837063773,4085.537541829901,0.0,0.0,2.0
1696836355.96875,508,0.0,4102.355315901173,4084.645454461721,4085.39545418447,4096.533511963666,4113.64736314157,4108.412956758418,4113.842551864536,4083.3023678035056,4084.420263948135,4093.734691743534,4116.753616617704,4081.79130584672,4092.793971345663,4092.6821703128785,0.0,0.0,2.0
1696836355.9765625,509,0.0,4096.4168685783625,4099.360472284092,4081.9464562130356,4106.5079954281455,4082.7125830081354,4119.694337302237,4101.860164554483,4084.2472843768896,4097.64934183023,4098.145969019717,4088.6574070651905,4110.795249458139,4083.7930512782345,4104.38101685391,0.0,0.0,2.0
1696836355.984375,510,0.0,4085.296138750755,4096.136314058594,4102.2177019981345,4098.1501825542055,4111.233011126008,4109.360725392609,4108.824887231929,4096.392295386398,4105.318837723633,4093.627912850061,4082.8375420028738,4107.446436040154,4109.403760454002,4080.7523442055376,0.0,0.0,2.0
1696836355.9921875,511,0.0,4108.0422127354295,4085.042023661384,4086.9124650603717,4089.2906148644515,4088.140357913761,4088.501079790275,4089.3611254874227,4099.890927846075,4098.024634166603,4110.583915115551,4093.5184890468886,4112.6438449949765,4089.257388826764,4104.464793530694,0.0,0.0,2.0
1696836356.0,512,0.0,4080.0528367431607,4111.6198189248325,4114.883021708795,4096.605216731073,4101.490804185421,4083.369290825425,4097.221421536956,4105.774231937971,4108.239478870884,4116.220955099069,4106.761834211146,4093.6500825730973,4109.970768378309,4116.059573775737,0.0,0.0,2.0
1696836356.0078125,513,0.0,4102.585035085303,4100.841595591326,4105.146308939307,4101.358454912068,4113.179895911679,4097.498348089179,4090.5480774686357,4081.5444579479904,4099.262574137567,4092.7710017208874,4106.772061228863,4094.9486721941335,4090.752744630195,4105.2291661671625,0.0,0.0,2.0
1696836356.015625,514,0.0,4087.3089619201605,4093.2062042406096,4095.662277766606,4099.101947683653,4112.815797327047,4094.6654946937147,4119.473314813614,4091.303201811415,4081.4938827073015,4109.5983992777765,4113.2256601475865,4086.863483983421,4104.923820494634,4089.0477404370745,0.0,0.0,2.0
1696836356.0234375,515,0.0,4109.512278766469,4086.9202290744033,4098.675719917824,4109.529365399061,4096.960074434688,4103.99249279238,4087.1815236189645,4080.5866912034444,4094.762737555382,4083.958918300857,4095.3844124846387,4119.44676853259,4096.107487843577,4108.985363294635,0.0,0.0,2.0
1696836356.03125,516,0.0,4080.1290014551414,4104.6622527800655,4081.1293834395847,4114.571570421212,4084.1581346229927,4104.487147839615,4108.01553571013,4119.980958324782,4104.049529630555,4112.299198454482,4091.486362333148,4113.578218138878,4106.345093821308,4108.048968732407,0.0,0.0,2.0
1696836356.0390625,517,0.0,4095.94122494309,4084.1941058868906,4097.742750688349,4105.636834959483,4107.762636874657,4084.658750328911,4100.109686686114,4104.497804027164,4091.5383715924327,4088.882557869817,4096.133391055914,4118.827209520227,4118.810262678214,4092.2071225674276,0.0,0.0,2.0
1696836356.046875,518,0.0,4096.627131714671,4083.140835010997,4080.656157476547,4085.8188765261766,4109.16436345799,4089.117628423278,4091.1736843390163,4110.995403439605,4113.399935666375,4118.166048789488,4112.1244192693375,4111.51519309908,4113.630273594552,4112.048564457186,0.0,0.0,2.0
1696836356.0546875,519,0.0,4103.560985742748,4116.49574144642,4081.2743795775928,4107.464708384153,4084.325347525339,4118.131266171225,4080.435217987993,4094.7638949005054,4100.434392687769,4101.653172477622,4082.2362607559503,4117.612878080091,4086.324533021514,4097.815460239971,0.0,0.0,2.0
1696836356.0625,520,0.0,4088.6239018852352,4099.254353301821,4091.972372301265,4094.669300532674,4080.2706255366766,4087.196667456667,4113.739259430647,4111.289643367769,4083.342596067512,4096.925760218581,4117.272094938833,4098.934553918099,4112.0183898955165,4097.651792480204,0.0,0.0,2.0
1696836356.0703125,521,0.0,4101.793862983961,4102.7738403338535,4081.4790176104702,4087.280301836412,4081.270349862757,4092.6701055860362,4096.638398039688,4089.06568662653,4098.915894886137,4093.3164842732485,4083.713673978509,4103.8653653940655,4112.422058794662,4081.629728903036,0.0,0.0,2.0
1696836356.078125,522,0.0,4109.016576664862,4112.858549298881,4111.962728234664,4089.48228739312,4098.363387435234,4111.1505603499545,4097.627296108653,4084.7932868606467,4105.480004590716,4095.1536538602427,4093.1483397666116,4104.17468150804,4098.179455360969,4105.168875342772,0.0,0.0,2.0
1696836356.0859375,523,0.0,4102.322049082913,4091.232130677991,4098.979005013399,4109.930601188136,4100.947049854805,4098.540542898815,4091.0143452946904,4105.946729038038,4094.022835215417,4116.261243553765,4089.2714841669617,4098.13035761311,4103.201062671704,4086.052080250027,0.0,0.0,2.0
1696836356.09375,524,0.0,4100.193318072748,4091.611437117651,4107.6892811362695,4099.143245949701,4119.00797532761,4098.378816261418,4092.754586571453,4100.360075675828,4088.5690407923644,4099.398593628841,4101.3453727658425,4108.5513353258875,4117.9195017021375,4083.133094028308,0.0,0.0,2.0
1696836356.1015625,525,0.0,4089.9031922753557,4090.03071544543,4093.7293118515404,4096.399912121516,4083.0500950453766,4097.3477840356345,4107.797960237433,4093.024014315505,4091.731168005783,4095.3821026629385,4092.545389810867,4080.571058637693,4100.707418604399,4108.067076021656,0.0,0.0,2.0
1696836356.109375,526,0.0,4086.133859427516,4082.811200467509,4085.997930889928,4102.028696152201,4081.5995827630422,4089.867027064294,4086.388992220311,4100.760855922438,4111.217244960346,4119.014340570259,4082.7986792544534,4101.581939670045,4098.532912404247,4080.537115770941,0.0,0.0,2.0
1696836356.1171875,527,0.0,4112.899629966725,4110.292900947906,4087.6637076942216,4114.840582865287,4094.013820826937,4105.664006243331,4111.474858346862,4088.0372711331665,4102.212139326948,4088.6022728419157,4108.693019336232,4114.597797978907,4086.2338386109436,4087.2969098338554,0.0,0.0,2.0
1696836356.125,528,0.0,4113.929813291026,4087.7359118918544,4095.9085717894723,4098.180270031092,4090.038040912119,4113.02193650027,4088.9683734259443,4081.439084099767,4100.045472553307,4102.0393641478595,4088.582858972555,4081.8402745847297,4116.900992551104,4097.869809443735,0.0,0.0,2.0
1696836356.1328125,529,0.0,4107.249515216317,4115.797661323434,4111.34912371916,4111.812986972825,4119.536211302323,4107.12759532736,4108.16217394596,4089.743474813323,4105.699978300991,4101.4395205018245,4109.137824072907,4114.563078257425,4083.795736319615,4096.427795910424,0.0,0.0,2.0
1696836356.140625,530,0.0,4093.6988560239993,4082.147027657877,4095.7287368663874,4119.775043495579,4102.948401860207,4109.987626403132,4091.4268105851897,4109.244819964888,4099.9033611675495,4114.873822310136,4095.8297985542686,4106.7099811105245,4098.304742625417,4083.312968804336,0.0,0.0,2.0
1696836356.1484375,531,0.0,4080.1786598736553,4093.5481803567227,4115.219718658228,4081.1948638003155,4113.781833549723,4094.9089792613017,4095.8495508740234,4082.6014439100186,4116.593996561275,4084.3020956599394,4089.277846389282,4104.689658120001,4081.279378945524,4109.443679298343,0.0,0.0,2.0
1696836356.15625,532,0.0,4086.919076893227,4113.272576399561,4094.689906923304,4097.595370715353,4098.306408297917,4085.385717322587,4102.758384363565,4114.639415639356,4114.679318138003,4104.77588057913,4091.4209093015074,4090.8746975988943,4105.6096531156945,4105.211016229716,0.0,0.0,2.0
1696836356.1640625,533,0.0,4100.3780139352475,4082.4290594661807,4110.56769176406,4107.072605873868,4111.210985179018,4095.295981613704,4086.7505537044904,4110.4911403486185,4104.85837607596,4091.8410808968342,4088.039678217145,4096.042187864155,4101.660169505692,4115.247479082348,0.0,0.0,2.0
1696836356.171875,534,0.0,4095.394482634833,4113.2637811471295,4080.0599540163685,4109.351878130378,4095.9693829209546,4109.929270555836,4103.225107788909,4116.209797642929,4095.1991844027402,4113.424442796533,4119.899492457498,4086.0829359723693,4096.386354580104,4101.816540502277,0.0,0.0,2.0
1696836356.1796875,535,0.0,4094.2545070202373,4107.594726982478,4103.411831174567,4082.044340467926,4082.120960908155,4087.986506644734,4109.9141335595705,4096.701725683794,4111.169719655221,4116.85608384192,4101.726512057148,4084.198099435908,4096.210137544517,4105.119068598884,0.0,0.0,2.0
1696836356.1875,536,0.0,4101.500814531889,4096.782608958837,4080.947072579773,4105.677026520977,4092.4228914698183,4116.163982447723,4116.159700948773,4082.1780226536357,4095.2509373298,4084.4703738118174,4107.3447915153965,4100.447341419546,4082.941103477471,4110.726374778309,0.0,0.0,2.0
1696836356.1953125,537,0.0,4089.8795763815488,4080.0923069246264,4095.593638015988,4080.4422023681013,4103.942064601764,4086.9568371034698,4116.594269531053,4105.697138349783,4096.425242941996,4112.3361774761415,4083.606109903462,4099.323321721184,4111.410105364497,4107.2246525552055,0.0,0.0,2.0
1696836356.203125,538,0.0,4103.095609891286,4080.1449028824386,4102.179375223569,4103.630133418601,4116.162849411483,4097.70141974979,4109.843782755995,4080.7296757742497,4080.664909654052,4102.8731380481695,4119.37117569299,4092.0405372868954,4086.389790100133,4092.00134381342,0.0,0.0,2.0
1696836356.2109375,539,0.0,4088.3039124970837,4084.203271438704,4087.6069889183145,4089.6745340325906,4099.082524399751,4113.35471302836,4093.463863963013,4116.359420696436,4101.784769655808,4114.463256794701,4115.661240092959,4092.4342243058054,4116.548009072518,4117.156383801099,0.0,0.0,2.0
1696836356.21875,540,0.0,4116.254766837964,4083.526619670357,4099.786259757282,4093.339526320688,4108.468601693806,4117.4327322551335,4105.507762105804,4118.457300107192,4108.885152779425,4111.207962029477,4119.4826114747375,4105.168863983697,4080.336949143273,4105.809474315938,0.0,0.0,2.0
1696836356.2265625,541,0.0,4103.165926453118,4104.011915223868,4089.998272033123,4093.5035376955643,4090.553207155772,4119.116216477179,4101.755696408332,4082.436777262658,4083.823408711337,4081.4854673764426,4080.6636017550204,4108.307798165551,4093.3316297422475,4110.891688548013,0.0,0.0,2.0
1696836356.234375,542,0.0,4090.15614069699,4087.2154200669584,4115.965965354498,4089.90940121554,4086.992144265557,4101.8161774442815,4106.252021399116,4099.682602115219,4081.7109544197288,4080.5186723683005,4093.4378749930315,4107.091399355971,4096.438600830516,4105.070833064957,0.0,0.0,2.0
1696836356.2421875,543,0.0,4094.6632499548264,4083.6456216429074,4095.777907412592,4117.9281423918455,4111.151011360602,4102.918568244502,4107.451340684274,4112.600054898642,4100.191727774864,4115.996101691625,4108.29142653313,4115.896805526241,4094.2994697819736,4109.443584269035,0.0,0.0,2.0
1696836356.25,544,0.0,4086.1171324998677,4109.412808168226,4108.307935104871,4110.715125941752,4087.972773562477,4085.3599763487787,4086.5691670779966,4100.454513403189,4091.0385388293125,4103.4368404628285,4102.1455402564,4105.403349213036,4100.443998485405,4097.354598645581,0.0,0.0,2.0
1696836356.2578125,545,0.0,4119.680986315894,4100.803106953102,4085.730832283426,4114.7668072355855,4114.007833194804,4109.517364877003,4111.29551897168,4084.7395082717057,4105.018484792575,4093.218868941376,4092.383998921402,4105.667940486781,4114.699254368415,4119.595709425437,0.0,0.0,2.0
1696836356.265625,546,0.0,4112.834510126342,4091.0039720014174,4092.7610735894596,4089.4650893924536,4087.1050708608127,4118.701133191563,4093.784976647532,4108.040615352031,4114.742475729562,4117.415985080026,4094.410221924351,4100.3129578406015,4085.1218209721524,4104.235264719442,0.0,0.0,2.0
1696836356.2734375,547,0.0,4097.901995229675,4114.245498324357,4080.0322069313484,4085.017212302231,4116.397135803781,4114.208858275404,4098.755591440822,4087.187726196404,4106.896309288664,4102.3658941682215,4117.143278580436,4105.867816366746,4091.042772355521,4092.0493631084573,0.0,0.0,2.0
1696836356.28125,548,0.0,4082.7239254402803,4104.203476717221,4098.909511929998,4081.953617978466,4103.910235700891,4114.277367347744,4089.6135560727835,4106.215810430407,4101.17051549171,4099.2871621960785,4099.164229109178,4102.331353679293,4092.040181930084,4108.483712560611,0.0,0.0,2.0
1696836356.2890625,549,0.0,4094.779800818417,4118.757708987752,4097.3580690444705,4095.826661669432,4109.921504763813,4108.480170252378,4113.966757841488,4104.501738448101,4082.0842063106825,4107.872636175097,4093.845858189918,4112.493623003555,4084.3430139456855,4090.4318335279386,0.0,0.0,2.0
1696836356.296875,550,0.0,4106.362957322907,4110.887954811973,4081.1827648785984,4093.545689930955,4096.868162596647,4111.595596607658,4112.3812774611,4119.081461402426,4097.346374951792,4083.719261835112,4092.6876911270683,4098.704743422536,4089.1918481020875,4114.135926915641,0.0,0.0,2.0
1696836356.3046875,551,0.0,4080.450154755905,4103.681620589043,4105.6106423882575,4093.2820830567994,4113.907660895898,4081.036886125182,4080.317890869563,4089.0739933014856,4105.638846396285,4097.04432839547,4108.490898046166,4095.1737152197743,4118.189409139933,4080.1640038033315,0.0,0.0,2.0
1696836356.3125,552,0.0,4103.940956238122,4104.314363664301,4089.005606261452,4090.5665326170815,4115.691494557601,4116.770486551959,4096.796803564288,4093.663033782431,4097.3253962243325,4114.769272604218,4084.773915924995,4095.7391917757504,4093.0408874744658,4097.57366183669,0.0,0.0,2.0
1696836356.3203125,553,0.0,4091.48646645153,4109.5581354880305,4117.5005507474,4096.865217597904,4107.328882139705,4098.0474614504565,4112.422450425079,4084.4236965186024,4107.401973626042,4085.2772309350134,4105.045232616418,4100.7032588030825,4116.6284616381445,4103.74500394637,0.0,0.0,2.0
1696836356.328125,554,0.0,4089.1845603016295,4096.4194302749775,4087.071919929548,4112.177010363128,4101.835627175847,4091.219867426613,4116.919092399041,4087.699799380655,4119.925301285948,4080.2888386598456,4096.449633640605,4103.153294013616,4087.772996227917,4106.8820918047295,0.0,0.0,2.0
1696836356.3359375,555,0.0,4115.024728786579,4113.579064289963,4110.206938377932,4092.9330252256545,4100.007789025867,4084.32011947278,4090.4249360882195,4114.564953299365,4099.3335508001865,4083.4749618813953,4103.3510941498635,4087.1397801884577,4103.358372601021,4108.047477294986,0.0,0.0,2.0
1696836356.34375,556,0.0,4083.9280539309607,4119.115433316309,4086.6674996176134,4082.783360247771,4098.870341064151,4114.7970152106145,4117.462054562421,4083.8941285428177,4090.790409978372,4118.836359651048,4117.4823012828665,4087.042194530605,4088.043049499051,4106.824924713672,0.0,0.0,2.0
1696836356.3515625,557,0.0,4086.984365099739,4109.3052788718205,4093.9731492636547,4105.40370794701,4100.502653248984,4103.9533088601975,4105.246023182641,4103.1107705817685,4115.1962061442855,4107.466731303545,4104.295450468663,4118.543447410833,4084.1127363665305,4093.932840285622,0.0,0.0,2.0
1696836356.359375,558,0.0,4103.8084381331955,4108.204994470217,4099.55861662734,4086.4200376724557,4089.6532433212597,4089.814941898143,4112.160882324603,4102.712145275641,4109.643034145037,4101.952710452781,4097.481561174791,4119.7014331681385,4101.723352326733,4083.5649325545937,0.0,0.0,2.0
1696836356.3671875,559,0.0,4086.607947305802,4108.06856833116,4103.6357369506095,4095.2156050890367,4107.479605396006,4108.046535891624,4115.262220455707,4108.997948080104,4115.733513961793,4101.955773510748,4090.5456348274324,4117.080810900466,4110.608539037778,4105.627589874622,0.0,0.0,2.0
1696836356.375,560,0.0,4092.55396407461,4108.059801399225,4096.174138110321,4108.120168301039,4111.816582786744,4089.012419762006,4090.473726882563,4080.553135715496,4117.989973865552,4116.9557374897795,4086.576094707701,4112.775778357046,4114.728418703885,4099.812492318712,0.0,0.0,2.0
1696836356.3828125,561,0.0,4089.5435199435415,4086.7055981468457,4098.347022130433,4116.17248926492,4097.579107333073,4088.9332609086837,4107.681835059373,4115.320867099956,4090.832123760818,4094.094880976208,4080.5007658827494,4104.718826641902,4107.7092420403715,4117.66808154584,0.0,0.0,2.0
1696836356.390625,562,0.0,4107.930357586773,4081.8070533981236,4094.834088472829,4106.186313680341,4101.1268370231855,4081.5715280816635,4101.51515816612,4087.4298418912485,4097.047556530731,4112.58781790987,4090.2361537484717,4096.844792937527,4097.352729666372,4093.962911138467,0.0,0.0,2.0
1696836356.3984375,563,0.0,4107.778584920769,4114.505143201247,4098.39476880816,4088.7456054366735,4115.309453241654,4083.219412525407,4110.131403915204,4108.425301563345,4111.983307643641,4103.084234862418,4100.395039992094,4081.149082287311,4115.319220710217,4089.901540521611,0.0,0.0,2.0
1696836356.40625,564,0.0,4100.221579512042,4081.927094212471,4111.425170512167,4091.846803884491,4085.925137677313,4113.485854970405,4113.130837474083,4091.2119505545847,4105.820355114266,4097.597021471574,4116.58047606292,4103.9071715817745,4085.349767928174,4115.696451072739,0.0,0.0,2.0
1696836356.4140625,565,0.0,4091.182644074915,4094.7696204350423,4087.8868110469807,4095.703043718703,4094.176083819536,4115.275807834608,4093.7233566799155,4113.618418702077,4107.082832776875,4084.5994678024267,4100.1766265742135,4109.073777154743,4109.081710420075,4100.524988874607,0.0,0.0,2.0
1696836356.421875,566,0.0,4095.7751101442864,4085.042193324108,4102.224775120828,4107.224731539354,4112.875254293956,4111.427291747316,4111.490133048824,4094.520695811564,4090.630871791169,4082.6790894834526,4113.971986208836,4087.508803857543,4088.6407004903035,4094.293911932807,0.0,0.0,2.0
1696836356.4296875,567,0.0,4084.3753569036676,4101.745665903773,4110.343282407721,4092.0876260195632,4115.849523692299,4100.212027930589,4084.865069916799,4085.6629303938375,4092.087080935825,4101.684564157811,4101.104103301736,4113.994007459767,4113.835702941541,4117.753165471272,0.0,0.0,2.0
1696836356.4375,568,0.0,4108.997737259558,4089.275302690078,4100.097415082416,4112.671537433108,4091.274665636957,4119.204136833166,4093.3978428616306,4105.341108860039,4111.059485949702,4115.7782326623765,4084.7591112807336,4113.9219049780795,4091.619347518109,4103.373247010694,0.0,0.0,2.0
1696836356.4453125,569,0.0,4114.638270452976,4097.158277758114,4093.0081537612896,4094.6316151486744,4101.988464124172,4093.513505476349,4086.529822931588,4113.479577448861,4117.004396188022,4092.2679319443328,4093.379650871078,4114.9512902274,4102.674363848599,4093.5700688966626,0.0,0.0,2.0
1696836356.453125,570,0.0,4110.688389994734,4093.510549004944,4105.341697017631,4080.83811024021,4118.379576201084,4104.7110385143815,4082.6617137718576,4093.1002219623424,4109.196012011063,4091.080232338878,4089.098633759186,4115.31249767589,4104.660798946422,4113.0510304787595,0.0,0.0,2.0
1696836356.4609375,571,0.0,4106.833782922283,4086.222412811042,4105.0069142788725,4081.401942108247,4093.0114462608108,4105.7112573721015,4103.9804801736755,4093.2235976200295,4086.205527935236,4118.614383447525,4095.2196979319033,4080.7457479031636,4100.609971937133,4092.154900341356,0.0,0.0,2.0
1696836356.46875,572,0.0,4080.642469400406,4093.1951719473327,4100.714022910885,4084.9709067048198,4118.421128244883,4110.5504074635355,4088.462732387906,4116.743407767207,4114.262118941446,4090.3021339129095,4081.4990570984337,4082.5224739040236,4101.75796221126,4081.103435180314,0.0,0.0,2.0
1696836356.4765625,573,0.0,4085.234599650709,4113.815459806737,4118.4476779422075,4099.004154463336,4098.756965827525,4105.439336571482,4103.995430216376,4119.606565065028,4103.497746882563,4084.2445150937674,4114.646903776226,4119.3827724447,4098.438369981023,4108.670056999803,0.0,0.0,2.0
1696836356.484375,574,0.0,4111.209524992395,4110.624890251114,4105.736705477913,4099.101568626808,4083.0112653033257,4096.895236834557,4119.598683682365,4083.5469475672603,4116.116234368526,4110.715188493116,4116.024180170669,4108.420604819523,4113.452384105674,4097.331970591081,0.0,0.0,2.0
1696836356.4921875,575,0.0,4105.269303169137,4089.62221291549,4092.59600291138,4087.1667615824776,4115.740457433721,4109.3988555865235,4114.8185282122395,4092.441162788269,4099.712597837332,4106.350192035094,4109.099127499155,4081.5493363740698,4091.7441105061453,4106.153055554429,0.0,0.0,2.0
1696836356.5,576,0.0,4093.2501504028987,4097.465834187792,4108.443968720698,4089.5863750610206,4091.3889927963965,4089.569184984354,4117.893026933548,4117.141910822107,4086.414257007839,4089.2903702608187,4104.04718822741,4105.24892477986,4102.2205971182375,4094.8378739703476,0.0,0.0,2.0
1696836356.5078125,577,0.0,4101.1368349762615,4097.133486634503,4110.927907758544,4085.1835659686544,4102.466612694642,4107.11826748549,4094.4154768082835,4086.000824671187,4096.507689410621,4102.8934637624825,4119.419297562298,4111.507081072074,4087.8626719355316,4113.57612264937,0.0,0.0,2.0
1696836356.515625,578,0.0,4110.946587655387,4101.777740003794,4088.8894669965334,4086.2751436111403,4115.307002071946,4114.563294857335,4082.990478613224,4088.976602591109,4086.205778597421,4082.954905953683,4111.693256225119,4106.210667101961,4102.666590128524,4084.938439174004,0.0,0.0,2.0
1696836356.5234375,579,0.0,4119.158584552027,4083.9637507915822,4104.216831592399,4109.438282328579,4097.482781943763,4084.8043613630202,4088.022229716264,4111.856929798372,4089.8165794623656,4114.400459010525,4098.698561197343,4086.951559262472,4088.054408378406,4088.2405819955948,0.0,0.0,2.0
1696836356.53125,580,0.0,4084.4439421543548,4105.416290401111,4091.9035293382194,4088.9183596346757,4082.5273631716864,4092.7469774389456,4086.3106269480595,4102.435557011357,4104.380656515163,4092.8926610505,4092.823267547011,4086.6534555851317,4108.975281500119,4115.757244755195,0.0,0.0,2.0
1696836356.5390625,581,0.0,4096.203416558722,4090.649777418956,4103.58873956379,4088.464858451808,4117.214509600147,4106.702289110225,4096.899599159232,4117.960222267251,4112.977372714461,4087.183941683743,4085.1600263739365,4100.84315205443,4114.703012527589,4119.147281571726,0.0,0.0,2.0
1696836356.546875,582,0.0,4093.7956366424455,4119.00848332891,4104.825639343729,4089.125017827087,4102.71318583289,4086.303794448119,4115.955305954792,4104.2708744467445,4085.425906709205,4102.463102704541,4088.724425147818,4102.550962597883,4083.7785084601337,4112.009095467213,0.0,0.0,2.0
1696836356.5546875,583,0.0,4094.118714032852,4090.102530480739,4083.243804135811,4115.390946766234,4111.025444172495,4081.6119771934905,4097.103136494978,4081.489675238256,4084.280676444778,4093.959893406201,4096.732038005365,4090.5371628873404,4081.510486524987,4108.554046160496,0.0,0.0,2.0
1696836356.5625,584,0.0,4091.788175429985,4082.842261870212,4111.992922766555,4113.120392862562,4115.026431691114,4081.0770543724107,4091.653284755856,4112.95330852282,4110.780854444383,4114.248682828154,4085.7838360647834,4096.451932897409,4084.543050059589,4114.24780995101,0.0,0.0,2.0
1696836356.5703125,585,0.0,4107.673314852723,4107.272839680742,4112.0955856431565,4103.787846628982,4119.687710115413,4118.458554932593,4115.235349883552,4081.535675816058,4088.274710225949,4106.58190648793,4113.583820597116,4106.219536708304,4083.4802978883954,4096.402813676427,0.0,0.0,2.0
1696836356.578125,586,0.0,4097.120537171449,4085.0569392837847,4083.417099734192,4115.865976075381,4085.121423173343,4102.523438000317,4082.118883784196,4102.4992152772165,4096.635035881317,4117.783315726964,4100.998822287257,4115.128802460772,4106.572781203375,4087.8695041198084,0.0,0.0,2.0
1696836356.5859375,587,0.0,4109.035671873504,4106.325131483756,4093.6155915411787,4088.827769358862,4084.326318986792,4092.227718103745,4081.942419943877,4114.625444669312,4107.496603718012,4089.9470974640863,4102.62740238859,4110.935805805657,4094.1335229904635,4086.485980607009,0.0,0.0,2.0
1696836356.59375,588,0.0,4116.596576845782,4080.1818880968954,4097.7194520397225,4106.7753922087,4092.820264866123,4103.215198263474,4108.194405282836,4107.66995996217,4108.514486171984,4116.415424789308,4102.811655233387,4118.517742295248,4116.548689155235,4085.6547247729864,0.0,0.0,2.0
1696836356.6015625,589,0.0,4098.962498668296,4102.630966373919,4108.538105348272,4092.86107680439,4106.383542405703,4110.734665937857,4086.9307417070377,4082.680476165824,4093.500544026004,4105.130943065537,4113.152495091158,4080.6655083535334,4106.058405041813,4112.837119020412,0.0,0.0,2.0
1696836356.609375,590,0.0,4096.689370791618,4083.627306691815,4080.075757579287,4103.747591239401,4094.1504938524095,4097.999249102452,4083.543547988586,4117.899945872375,4090.3263985196477,4091.45364226194,4093.381294453614,4103.179398558315,4090.351716632091,4082.855814741446,0.0,0.0,2.0
1696836356.6171875,591,0.0,4089.517883933674,4116.895719536883,4089.2682821042526,4104.224110908017,4105.770597601888,4110.820662909223,4117.085968130975,4089.661402456216,4114.395832455653,4089.95600684177,4087.553906862882,4101.690616922712,4086.824576466778,4102.614147126332,0.0,0.0,2.0
1696836356.625,592,0.0,4107.146673325829,4086.1941147176726,4119.860637257991,4101.046459586804,4089.293013826722,4102.2627808863745,4119.404484754361,4089.124490231782,4108.768155799308,4081.3169891854673,4102.186555060562,4111.244689403186,4087.321804446839,4099.834891056376,0.0,0.0,2.0
1696836356.6328125,593,0.0,4089.7787873464226,4092.34252802925,4119.423352070591,4092.2679288261106,4087.071465822904,4113.080736930757,4114.0895377553015,4083.1750233834023,4112.144914859355,4094.311845117698,4096.393955128587,4090.339657567715,4111.648319447997,4088.294780879726,0.0,0.0,2.0
1696836356.640625,594,0.0,4082.590887431826,4092.44874055049,4085.954937809891,4104.8772838195455,4095.6955889959236,4115.010596515805,4099.611421736652,4099.253298916647,4108.068192555889,4102.298353000117,4089.661575946298,4110.122735695195,4096.267913311847,4100.51695507112,0.0,0.0,2.0
1696836356.6484375,595,0.0,4094.7640242968882,4090.6849795090643,4110.626317350537,4098.068477548326,4090.011364444984,4100.130105001567,4118.7926490209165,4099.652786590547,4109.873609033799,4111.891107483263,4115.306062540044,4083.1283375387975,4080.4208266160285,4080.668656564706,0.0,0.0,2.0
1696836356.65625,596,0.0,4081.6838783954786,4104.754681110403,4108.032184563015,4087.212027569232,4094.6687545191053,4112.94981411853,4106.502149178381,4106.396802587921,4116.431394794468,4098.562570713274,4086.3212719402673,4093.3446432129663,4098.847933951854,4094.0722678064362,0.0,0.0,2.0
1696836356.6640625,597,0.0,4085.922934838716,4092.293609779457,4096.961473406269,4096.251725750767,4094.0471123029797,4086.5475071203973,4092.594434141053,4098.970568935103,4118.98178855979,4117.4214649960095,4100.8469400501635,4117.462224655256,4105.127354818255,4100.223160176893,0.0,0.0,2.0
1696836356.671875,598,0.0,4096.0053267966105,4107.352840841486,4119.074194431696,4085.730647264525,4091.241608575028,4094.1720522510354,4085.27286459228,4098.840332050018,4085.6980908851833,4099.804361956252,4088.2306987494517,4088.8165735379316,4089.317507782225,4081.4218620192582,0.0,0.0,2.0
1696836356.6796875,599,0.0,4102.141856100397,4081.6397721447074,4117.578277549332,4106.376948722642,4109.706008176296,4081.244153322068,4090.869451483301,4087.542766873427,4112.302747753345,4096.267164810605,4097.270585694451,4081.0664770373496,4101.267710766103,4102.258900221554,0.0,0.0,2.0
1696836356.6875,600,0.0,4080.5597672029444,4099.271271657874,4105.211921916428,4115.515484125836,4089.0542305416047,4108.410115209762,4109.0737147351165,4096.177736739492,4086.530972080606,4099.671754135006,4086.750057304183,4116.653150067313,4088.8470088087224,4093.8338222847437,0.0,0.0,2.0
1696836356.6953125,601,0.0,4113.2328421806415,4080.2440183025246,4081.262652045678,4094.0344593209634,4114.529553168475,4103.761516531421,4111.435066807739,4113.783472130425,4091.2492361187446,4102.950278885604,4117.515519039473,4108.355135555051,4096.238082936758,4101.682566226907,0.0,0.0,2.0
1696836356.703125,602,0.0,4109.309354084173,4098.198857142514,4085.3897158898194,4107.3424084648,4104.548832164346,4105.521985241636,4088.3996787742535,4118.28581140176,4100.584033924059,4083.0895864310864,4110.193536339783,4080.2691460091387,4119.580095879924,4089.5689750111997,0.0,0.0,2.0
1696836356.7109375,603,0.0,4100.212701502974,4084.814273543564,4087.324916748279,4111.311319302003,4119.084702882695,4087.9766450894476,4089.978237633385,4106.895342529831,4085.469106401416,4094.321647347652,4098.811755886455,4093.3959602657133,4081.9912996166768,4104.49193639549,0.0,0.0,2.0
1696836356.71875,604,0.0,4088.3028247653283,4118.335137878511,4115.350852119192,4116.831653255407,4091.662666889043,4088.500896488937,4116.505468735237,4087.122182090541,4085.2015048284193,4119.720059146058,4119.817757445177,4089.578165117068,4108.322573322293,4100.602878759048,0.0,0.0,2.0
1696836356.7265625,605,0.0,4081.4780239003035,4097.757186605732,4110.431725806689,4110.459504431815,4116.785665781931,4100.530859506979,4110.108655874866,4087.365861679991,4084.468560135219,4112.551786990366,4084.5123205963123,4112.575605545824,4089.804072173039,4085.4091182465527,0.0,0.0,2.0
1696836356.734375,606,0.0,4107.596931949836,4112.8362039402455,4118.671878935855,4110.791572556097,4104.124365211682,4098.112791731849,4109.9170606190555,4112.016198482525,4107.7291642106065,4110.92638146165,4114.793380423636,4094.94738229028,4119.922624404892,4082.6177604179265,0.0,0.0,2.0
1696836356.7421875,607,0.0,4082.359023494315,4107.687747152701,4105.770402370396,4101.937607600164,4087.125058940457,4098.493699878407,4083.915914222745,4084.51197495007,4108.994951862765,4118.607089476386,4113.163896626209,4089.25755648402,4118.923311211846,4088.729892623538,0.0,0.0,2.0
1696836356.75,608,0.0,4096.882373355157,4104.57417004154,4111.881265599269,4106.96920787323,4105.295641512938,4114.498679050321,4100.766742264764,4094.6061207225243,4098.381471609621,4104.862182574767,4083.5126986987952,4080.772091910715,4102.309087867769,4098.880916827312,0.0,0.0,2.0
1696836356.7578125,609,0.0,4112.253860009134,4109.575321386405,4111.093741377503,4108.605887165905,4093.228628967748,4116.6752003874535,4090.086396981817,4086.6454097263354,4105.191256973998,4080.763895755138,4105.743043110957,4118.47847333415,4117.6288149907605,4086.9162529836503,0.0,0.0,2.0
1696836356.765625,610,0.0,4081.116106129758,4080.278529637272,4106.884407163078,4113.915598016763,4102.958823349797,4107.976614207138,4110.430547830134,4086.678667185409,4112.70376339074,4119.812707015124,4087.4055628764327,4098.803522305564,4080.6896772072073,4111.658153211333,0.0,0.0,2.0
1696836356.7734375,611,0.0,4095.0645465782745,4101.865880444973,4109.9972312040845,4103.0146721099945,4084.713821173329,4088.4536049786598,4116.321927546079,4109.244759253331,4085.7945296270354,4088.721083500808,4112.130748018218,4082.5521585522947,4113.344047835008,4107.365879715355,0.0,0.0,2.0
1696836356.78125,612,0.0,4115.284473360815,4089.9032361353134,4118.595178522642,4099.942245532972,4112.156906770593,4112.644489931493,4090.1984089884722,4100.958620366663,4116.996939596224,4099.425248006215,4089.072835330255,4103.750396985036,4092.61668874178,4088.700481543613,0.0,0.0,2.0
1696836356.7890625,613,0.0,4106.563587871069,4092.294798395986,4107.987658631061,4102.958275321882,4102.4643324449535,4085.1546720728556,4090.0115405320116,4088.467281139716,4086.3581637011703,4099.090425186824,4102.293101540147,4097.0685118228575,4096.891805429331,4088.5847694890153,0.0,0.0,2.0
1696836356.796875,614,0.0,4081.992566304322,4101.158074879815,4098.0733767013435,4112.958898833973,4111.566860538894,4083.9826402136637,4101.040166670997,4093.791447366194,4094.249132848314,4083.363332924027,4087.6199677440673,4103.153071512935,4110.9649541394565,4114.036507272245,0.0,0.0,2.0
1696836356.8046875,615,0.0,4082.5143844842933,4114.331538397883,4117.145151566271,4092.7449589680346,4118.0271998857,4112.218111033642,4095.443569498649,4097.572557152543,4117.912395621179,4111.932463449072,4107.030684270853,4091.7329626262435,4098.045699870349,4097.098753473605,0.0,0.0,2.0
1696836356.8125,616,0.0,4107.783716560581,4095.7417165445077,4094.063511999028,4095.2793347114084,4096.481902730198,4103.851594921257,4119.094531571673,4082.7232582625347,4111.682197189102,4110.181579436129,4081.2631806328163,4086.30790102411,4088.8706196468415,4108.139455325056,0.0,0.0,2.0
1696836356.8203125,617,0.0,4094.3795775906274,4103.384862843938,4112.627226542792,4095.831670911035,4083.283531764663,4096.15782893449,4082.540692006486,4114.264210448745,4115.746360643592,4101.284518634373,4093.546871629725,4085.6343852945606,4113.3945322338795,4113.117514016425,0.0,0.0,2.0
1696836356.828125,618,0.0,4109.257105028918,4113.677776797374,4108.570483128938,4115.373209782813,4118.6924769006755,4086.639327887226,4089.337595199282,4087.5786373933306,4093.489655962033,4092.0195240929534,4080.596016749746,4117.077802300841,4110.877750007145,4095.0800391685602,0.0,0.0,2.0
1696836356.8359375,619,0.0,4111.505757249925,4110.853084607443,4115.957959387701,4082.601661005355,4119.6872120763455,4092.1754098050687,4118.0668881300935,4110.530178829927,4088.076280612119,4086.8681502811173,4097.724135774136,4090.4399234573584,4089.3919374995703,4081.897313635725,0.0,0.0,2.0
1696836356.84375,620,0.0,4109.263397307447,4084.5742850974993,4090.0135383372503,4119.4982803638795,4116.148406150207,4105.012283846887,4080.018645724358,4116.628383944141,4101.622296293173,4104.412229573641,4081.5245988988654,4095.6130174895966,4108.533083453621,4115.134635334159,0.0,0.0,2.0
1696836356.8515625,621,0.0,4116.377061049821,4095.088679114725,4096.416914529987,4084.1341714749415,4101.9588102107455,4089.0161945489085,4109.535225642596,4089.240551463269,4109.513194244468,4101.530466352251,4085.5698103366485,4100.058983027857,4101.339986385366,4110.480506212343,0.0,0.0,2.0
1696836356.859375,622,0.0,4091.116250781436,4085.44823786246,4086.1868087580838,4100.69257878625,4086.345467262719,4105.8310010452105,4088.9286023811787,4094.1410907615577,4115.847921370058,4118.258931201596,4109.097606402514,4104.608157297627,4096.040039305782,4110.055437526954,0.0,0.0,2.0
1696836356.8671875,623,0.0,4104.251217664053,4112.838144779362,4117.778186075794,4115.24149795592,4096.7686619165115,4119.934239853762,4084.6111469319785,4114.772523104836,4103.931852603956,4111.884070393116,4117.996029669283,4118.003961029369,4082.5190219789984,4119.374293085874,0.0,0.0,2.0
1696836356.875,624,0.0,4098.270132546753,4097.168770431186,4110.189689384182,4090.3131899067666,4100.588688801322,4084.3104330204856,4097.632574774468,4103.601701425925,4080.904253268311,4118.661547370522,4107.654049437515,4106.461582395403,4106.656506810605,4085.5670951284733,0.0,0.0,2.0
1696836356.8828125,625,0.0,4095.1933046781187,4088.349826999081,4118.068455853854,4090.0301699202473,4082.2409565540866,4104.990935010356,4085.6274297423824,4080.3425302377827,4100.063981317878,4093.641000761178,4081.179777734371,4116.5808674109885,4093.774111167395,4096.317479543003,0.0,0.0,2.0
1696836356.890625,626,0.0,4086.367244894764,4100.017294411917,4096.868196399097,4096.257106277464,4084.8157096651585,4089.909264060841,4106.49959275087,4118.439037625079,4084.8110004988325,4109.525245371247,4113.889715046359,4117.995326544029,4092.4516480601433,4098.6794157195145,0.0,0.0,2.0
1696836356.8984375,627,0.0,4092.722877446389,4115.446563918537,4091.1373588792044,4095.639237761467,4082.3429469904536,4101.1410547354635,4105.514571758984,4097.134893643889,4089.650450861307,4117.3742054668155,4103.806717922028,4095.8106009525395,4111.54751278521,4101.536484829943,0.0,0.0,2.0
1696836356.90625,628,0.0,4101.045615607741,4102.586291592364,4085.8372964288787,4107.7976606794355,4088.626023931755,4118.073377129678,4085.5873677307104,4086.1231903185726,4109.138512034977,4119.134058769294,4118.94231715577,4081.5752448623725,4089.5998666252713,4100.711972585032,0.0,0.0,2.0
1696836356.9140625,629,0.0,4114.419153798285,4102.6860259796285,4100.555718820384,4110.787704710635,4104.198770712735,4112.864341342571,4092.695500272751,4112.957080227183,4111.965008050613,4082.58971631948,4101.975388521252,4097.577646404579,4111.870871408741,4084.116252676449,0.0,0.0,2.0
1696836356.921875,630,0.0,4085.788432834082,4109.849198718068,4089.369777034764,4109.048788370442,4105.3285158674435,4087.6830730432207,4109.731805406511,4102.7419520882995,4105.89682433695,4104.723111551511,4113.903295683025,4081.999959378234,4089.5816985669862,4084.582930076889,0.0,0.0,2.0
1696836356.9296875,631,0.0,4081.342867626782,4093.123910259457,4107.229585326913,4114.851208369334,4110.068419243631,4089.6312434348124,4102.643098128575,4088.459854985977,4087.3451656814846,4117.294105827424,4093.8267000821997,4108.075692605084,4117.876771345598,4093.264711649167,0.0,0.0,2.0
1696836356.9375,632,0.0,4089.840136405766,4107.362952587408,4090.919080397902,4115.050305451797,4113.279729279505,4084.162546445122,4085.1148136034603,4119.16253046909,4103.11691032463,4118.49570320971,4104.45957605246,4112.731168207254,4113.267877848349,4111.012017273539,0.0,0.0,2.0
1696836356.9453125,633,0.0,4111.070064191053,4103.769521630622,4108.301366646595,4093.429330033552,4110.639513178362,4101.07970803562,4090.294468469182,4099.852901503921,4114.4506778806535,4088.022023709573,4118.5907428642595,4080.56183273588,4089.3277094711298,4105.256708982327,0.0,0.0,2.0
1696836356.953125,634,0.0,4110.045443090117,4081.108071732553,4083.4458437745725,4109.250858297742,4101.750279950264,4098.247262579357,4106.233609882841,4090.441615379612,4116.474781139496,4119.96844291788,4117.656634025412,4111.568362008994,4102.754538169491,4086.049339106251,0.0,0.0,2.0
1696836356.9609375,635,0.0,4095.395640087444,4110.288171296132,4083.4422769741855,4113.215737287081,4099.262401344349,4109.178176747582,4085.319470762425,4088.913967316367,4101.321199769266,4112.7315441663495,4111.752953247571,4116.158873553314,4115.00322425537,4114.811538230681,0.0,0.0,2.0
1696836356.96875,636,0.0,4119.328456976686,4080.317249375169,4109.73637583153,4116.017727495882,4114.554501487719,4080.202453953921,4091.1636535116836,4082.7019969942107,4104.33501539814,4080.160639440466,4108.794457112563,4085.098552618577,4119.56642760559,4108.009250926415,0.0,0.0,2.0
1696836356.9765625,637,0.0,4082.730857735974,4105.692574824626,4097.370681549546,4104.641962528326,4110.774335104169,4086.7056216119595,4103.9456184962555,4086.5745957819813,4086.3816965049677,4089.0952930143194,4086.744403752321,4088.7870775284723,4111.822891204082,4100.568962675925,0.0,0.0,2.0
1696836356.984375,638,0.0,4089.3505492535683,4085.53194784976,4081.445829820907,4084.9815162896016,4117.039858275029,4118.61251269323,4086.6796883943503,4110.611978046949,4095.83366775757,4106.082988985949,4100.95276818784,4109.496820759519,4116.175329152,4095.796742870199,0.0,0.0,2.0
1696836356.9921875,639,0.0,4098.374184857324,4083.6488150154823,4093.648251309482,4083.851470433789,4102.527200704974,4116.107043100584,4095.42994165237,4095.4350877926995,4094.464672988395,4087.27485658898,4108.461190696681,4093.702324842067,4087.232817340421,4092.2701985042386,0.0,0.0,2.0
1696836357.0,640,0.0,4104.3084388076795,4107.182268557507,4080.495296177557,4091.608937741188,4100.307723178132,4108.331832401458,4089.060713782437,4101.038803858877,4098.284384528468,4091.3272368626426,4093.96524254183,4116.200532008552,4084.9018999416885,4109.4697078832505,0.0,0.0,2.0
1696836357.0078125,641,0.0,4104.415160575071,4107.445870371315,4098.138898530639,4083.51870704981,4105.402588622667,4100.615426560215,4108.334074473997,4094.559494903945,4116.9914500585855,4101.936462109977,4097.539438001059,4114.4487932419515,4111.243444506784,4096.213255076224,0.0,0.0,2.0
1696836357.015625,642,0.0,4083.584431931124,4108.637723750329,4094.291869852692,4099.259781528972,4108.865980150221,4092.9641620592506,4091.685334473011,4080.0699078222606,4107.695631883109,4112.907339338157,4101.170670640136,4083.612569672862,4086.9319716354807,4095.8488669841818,0.0,0.0,2.0
1696836357.0234375,643,0.0,4105.753665128905,4100.030381875594,4092.9686391139035,4083.4905954758487,4082.0618284932116,4094.7339342561677,4096.641981740812,4081.5366515624355,4093.1137370734937,4112.881518155218,4116.690827562868,4089.30930157762,4092.546886514977,4109.736486475039,0.0,0.0,2.0
1696836357.03125,644,0.0,4083.90126314805,4090.6788327667005,4109.865402582603,4106.055399331582,4105.690570482932,4089.336741305456,4090.7464514270823,4091.0320600980867,4085.810601981393,4119.20726876302,4103.699120580644,4103.494425578421,4119.9314572984185,4094.1637720718895,0.0,0.0,2.0
1696836357.0390625,645,0.0,4116.245713651171,4117.690128809607,4097.190908352695,4096.966807989503,4102.782132450144,4087.7665570995478,4114.2569067671375,4083.921214894038,4085.871101156788,4106.324475722383,4096.985486421427,4107.642609524355,4099.785818777869,4107.090449581495,0.0,0.0,2.0
1696836357.046875,646,0.0,4084.2456680638184,4086.6522094502734,4082.9961754704955,4097.787209884368,4087.3199787721596,4089.122888727843,4091.6461456223365,4102.972250331467,4107.266587036341,4113.599683192257,4084.052074994274,4089.8831580303117,4101.746881956494,4086.8246487183296,0.0,0.0,2.0
1696836357.0546875,647,0.0,4106.671955612001,4087.359968325663,4114.604023636587,4117.201440305305,4081.7422923507875,4094.0818853270926,4119.48262673285,4114.2187752323825,4119.517680248707,4118.606952556443,4090.3376048050322,4103.185850295232,4117.740940981767,4091.844918162938,0.0,0.0,2.0
1696836357.0625,648,0.0,4111.352672250454,4097.0953452378,4102.45585287581,4106.93612113432,4110.802974424667,4093.0551997979746,4106.01287889706,4105.436775621482,4096.213065254583,4118.841317622403,4080.238427540506,4092.1715059451553,4094.1316819502845,4098.483751306189,0.0,0.0,2.0
1696836357.0703125,649,0.0,4097.716792137124,4080.1549931943523,4096.134337442926,4088.918493693063,4114.633681075825,4097.307380912183,4102.216053214019,4080.3863622165404,4086.994515097275,4086.9048828296527,4093.5691858636183,4105.169876980805,4101.68260000618,4097.869229933906,0.0,0.0,2.0
1696836357.078125,650,0.0,4102.419110740746,4096.077423388386,4094.193306250848,4114.706915558699,4114.578234389001,4109.265834625467,4105.917390833042,4109.304234572284,4100.58991121066,4087.8047212873757,4116.920977618906,4092.4320964771086,4082.977500062194,4104.829183332857,0.0,0.0,2.0
1696836357.0859375,651,0.0,4094.6323566591045,4081.5131856076373,4119.500508633606,4101.26471624053,4105.486507092184,4105.053037675186,4105.576399176104,4113.855821114596,4106.465277534197,4116.188581531989,4111.746634463498,4096.81670509199,4114.001051315394,4107.067653348753,0.0,0.0,2.0
1696836357.09375,652,0.0,4098.788509058816,4095.6213203030366,4085.020992237454,4113.695680791179,4094.7134224306383,4092.4280357385883,4116.289313536409,4099.116635980657,4096.0941825899135,4090.522664050589,4100.01118337667,4099.735748209831,4116.057540224311,4094.9634679725395,0.0,0.0,2.0
1696836357.1015625,653,0.0,4112.89332379388,4114.417651886845,4105.042762327628,4081.625498330872,4118.717358291307,4108.416727054406,4118.75924679428,4080.5991368022515,4096.678249299484,4109.108817692325,4090.153131119997,4086.136102699915,4116.448764273506,4115.448956488649,0.0,0.0,2.0
1696836357.109375,654,0.0,4106.351604778222,4086.403122862638,4117.198084894939,4093.5697216980025,4105.914602038904,4080.4501650215275,4098.379079259618,4111.369253289019,4088.4755034031436,4082.125093798479,4084.405895644737,4094.121262728251,4103.084190938428,4097.5389979287065,0.0,0.0,2.0
1696836357.1171875,655,0.0,4086.5151374706516,4084.5684628699087,4106.097466124625,4092.6009109740576,4105.9226360758375,4099.04825893052,4111.105744725275,4115.54303540239,4114.360872474655,4116.128763487024,4106.265396429846,4080.0401044564746,4087.7781031295312,4090.6427022986277,0.0,0.0,2.0
1696836357.125,656,0.0,4101.851914041197,4119.452352104159,4103.6338067911865,4102.897301120472,4113.289324072539,4087.492227249102,4105.083292504539,4102.35986183261,4092.528200950278,4097.880894559917,4118.377217945639,4084.9350505898274,4105.1254518271,4092.927349936547,0.0,0.0,2.0
1696836357.1328125,657,0.0,4080.5896935332516,4093.726797221926,4080.0954182476607,4090.1268092120654,4092.7092530538234,4090.636185548314,4093.910064143219,4087.4574791373884,4081.9760811235715,4116.61403059913,4087.3298098381533,4108.916610056891,4105.788532379161,4087.857636961015,0.0,0.0,2.0
1696836357.140625,658,0.0,4086.796995608651,4107.3944622070385,4103.077897874906,4110.479477109382,4081.447276956888,4118.2364434196115,4109.853703135183,4098.152329220422,4100.734749131781,4081.558901899262,4087.57796860193,4119.426492815773,4095.3122415915796,4103.744116152194,0.0,0.0,2.0
1696836357.1484375,659,0.0,4106.125074302399,4111.774934419253,4084.096902409954,4095.002458912621,4089.1849178999964,4089.9882354791544,4091.054685583295,4117.782171818581,4103.201930637079,4114.998926813377,4110.0221720033105,4109.181215739591,4117.366101787168,4101.111596101108,0.0,0.0,2.0
1696836357.15625,660,0.0,4117.430883151595,4102.73164542259,4116.871362703096,4111.765278952336,4093.624228808079,4108.382495508546,4089.922466637695,4097.152968401984,4105.906004172843,4111.659184837788,4109.43188470837,4106.613466781453,4083.137069411167,4091.3170116843553,0.0,0.0,2.0
1696836357.1640625,661,0.0,4080.771711339793,4102.291382849112,4086.3322029630126,4098.6523287975115,4117.656679634634,4102.541712989606,4093.0804546331165,4103.1513619077505,4109.102450045755,4114.392601074734,4081.688065313379,4117.1968985016865,4094.5120880193854,4110.281238172008,0.0,0.0,2.0
1696836357.171875,662,0.0,4112.992378806785,4114.153664107955,4118.911957570063,4100.98966744849,4086.52646119187,4096.659431136109,4090.972835364222,4081.8620148724376,4106.026410002254,4105.927647548864,4112.13773218149,4084.7453368190577,4091.9014875547086,4114.0555581534145,0.0,0.0,2.0
1696836357.1796875,663,0.0,4105.627172102734,4086.563081178279,4083.9286085095896,4082.3736831312376,4086.051948242072,4095.9193834732596,4112.675327781434,4088.645854755563,4093.7994233958925,4081.208821768505,4119.473684080375,4106.522214722776,4096.207185439749,4107.092841772368,0.0,0.0,2.0
1696836357.1875,664,0.0,4080.0399471316437,4095.211319495347,4088.446409610452,4117.144751327991,4117.252249393733,4099.551513878119,4119.124795623973,4107.486931232196,4080.95810630643,4086.7794668776573,4100.33138929416,4089.3829535718723,4112.0153040093155,4104.251552931559,0.0,0.0,2.0
1696836357.1953125,665,0.0,4100.861682361327,4116.483825597509,4105.471812083143,4103.250976649694,4081.9301660354654,4115.577080028216,4113.280813183861,4101.520696362913,4113.05069972559,4105.94132208068,4103.020249245771,4088.8947292256694,4092.553028811065,4119.877960165713,0.0,0.0,2.0
1696836357.203125,666,0.0,4101.553269440441,4114.776973042036,4096.123087995818,4111.406618899673,4107.545623934871,4095.801000073031,4116.96473737861,4116.189006557849,4098.676150118072,4115.137534445893,4100.2495801728155,4109.442355731982,4080.5358832152624,4114.425167187627,0.0,0.0,2.0
1696836357.2109375,667,0.0,4080.0622612473594,4097.255425311321,4100.723218685456,4095.0404381557314,4105.148982809402,4086.9830573239165,4100.3544039020035,4116.469450083059,4091.2257532533663,4116.670322441089,4083.866990822368,4118.613495679971,4117.003535898362,4092.8829867947343,0.0,0.0,2.0
1696836357.21875,668,0.0,4080.799187472586,4104.489213494015,4095.1372544955057,4114.97057697633,4102.100968047123,4110.946099755737,4109.105973620379,4098.419232732505,4098.921274330369,4095.8110861859655,4097.084456710157,4114.801732794325,4096.3523998666515,4095.804424004873,0.0,0.0,2.0
1696836357.2265625,669,0.0,4107.921270021084,4082.755273424273,4098.677459023499,4092.646944322898,4096.906557208286,4104.320843977899,4088.6965565120754,4114.14560966971,4088.48526817143,4094.7169578051835,4102.384682159501,4090.904464552941,4103.870843247557,4084.0532322495187,0.0,0.0,2.0
1696836357.234375,670,0.0,4082.5636286425956,4092.0798778471512,4105.600813357472,4080.4212789525213,4105.265549452016,4085.063938498207,4090.5492209793674,4091.4608978403203,4103.864858006459,4081.447390498516,4087.376687870665,4105.503226006293,4114.239789922942,4116.053384850891,0.0,0.0,2.0
1696836357.2421875,671,0.0,4114.463575748197,4112.988093345504,4100.105904786897,4115.165992404051,4108.511601657956,4096.308357619093,4101.376591068306,4115.829091638871,4108.860421840494,4086.6628187269553,4108.401454765973,4089.688892583299,4092.1155009359227,4096.783316551964,0.0,0.0,2.0
1696836357.25,672,0.0,4080.011649762771,4101.38782051544,4092.102785173232,4085.548658561523,4089.302236681355,4110.9066715629115,4101.775450532305,4098.516415303283,4108.379195955953,4085.1304207933904,4081.879526372801,4094.697150460004,4088.1649013558363,4082.558781458457,0.0,0.0,2.0
1696836357.2578125,673,0.0,4112.827085310869,4090.7614194656567,4118.1132511678,4099.615418451358,4112.868038367969,4102.880798206146,4082.182385370449,4092.447095715232,4080.3106481835193,4112.190766803273,4112.524011945275,4089.633664005243,4082.72042846667,4080.679458933589,0.0,0.0,2.0
1696836357.265625,674,0.0,4104.490734523127,4103.152276907379,4103.108623856823,4097.372823403643,4091.5236765942177,4091.50448735361,4119.7677661816,4087.183588597471,4081.2364853189897,4113.473987976784,4114.226300753657,4104.701890891594,4081.567809162848,4093.170795356082,0.0,0.0,2.0
1696836357.2734375,675,0.0,4092.8411528178876,4119.120600819297,4094.5357684691885,4098.80871837631,4101.972451889058,4094.598357554512,4106.9509041454685,4082.9005876142037,4103.213255262806,4097.640399170364,4105.242667323975,4119.735784212327,4089.7690754731548,4110.199503756159,0.0,0.0,2.0
1696836357.28125,676,0.0,4115.847416460057,4085.628747250008,4084.388064634679,4096.185814179693,4081.9663933498778,4119.395918060015,4108.669037824573,4115.847060006359,4114.1823610188985,4096.549098622027,4089.6271539378477,4087.3939136660274,4093.633657844809,4119.382581013407,0.0,0.0,2.0
1696836357.2890625,677,0.0,4114.361868641109,4100.128346591382,4115.361105327315,4087.307420344964,4116.485336099581,4094.694342568032,4110.386982851703,4092.9916532848097,4116.119505194522,4098.844273676423,4107.380842963388,4101.073933614973,4113.52506000497,4106.545123532269,0.0,0.0,2.0
1696836357.296875,678,0.0,4081.094609754085,4100.994895845951,4115.617750610006,4100.31216150769,4102.898244724868,4088.1491351550303,4092.8600368427064,4081.864089990532,4086.09471615634,4111.89476744529,4112.225337812691,4116.295373732483,4095.3466331176774,4118.320549037917,0.0,0.0,2.0
1696836357.3046875,679,0.0,4105.25577592459,4119.570215389868,4080.520825263956,4115.407689315544,4086.3751234197966,4090.4240103219404,4090.2328843576697,4101.416274395034,4102.028945764702,4114.1085674823735,4112.985267557176,4109.981929921121,4086.1729108382187,4090.2359062663877,0.0,0.0,2.0
1696836357.3125,680,0.0,4109.843771375396,4107.607577995684,4085.8728124081535,4089.2939102337086,4092.5983225275377,4092.365628866159,4087.277751980324,4084.2906465835995,4110.289264617059,4115.6060834694645,4098.88564563448,4084.314487484093,4081.1055103297526,4097.017038989927,0.0,0.0,2.0
1696836357.3203125,681,0.0,4105.330391143431,4084.851957047533,4087.757294477324,4114.22725549005,4111.337769239929,4087.090337662569,4113.065120665395,4108.210962367277,4108.309784079492,4093.3872911114354,4116.538411424994,4094.1740911510456,4099.181207649945,4083.565215721039,0.0,0.0,2.0
1696836357.328125,682,0.0,4084.465315211411,4113.69240887017,4098.378656343938,4086.505145043351,4083.513357065581,4104.969353662766,4087.6746951550485,4086.66264690745,4081.903615997338,4114.314422241833,4115.113459390195,4113.39516592808,4093.23840255309,4085.9268743540806,0.0,0.0,2.0
1696836357.3359375,683,0.0,4118.727705978825,4097.155978937324,4101.011172025987,4090.9410673663856,4091.4377932302477,4093.5528319645573,4087.2287357262903,4108.9589392068265,4085.9991612749363,4084.6420852344127,4090.546819940051,4099.071443792887,4090.853818692485,4105.621684700036,0.0,0.0,2.0
1696836357.34375,684,0.0,4085.1707854327747,4083.3832327688215,4108.125486891531,4091.4211016801846,4106.677750614547,4093.3547703472154,4080.6945193862634,4104.23560161803,4084.263572814929,4087.0529723858776,4087.1266568908864,4094.483949068185,4114.312391159689,4111.800898153025,0.0,0.0,2.0
1696836357.3515625,685,0.0,4110.8684271789725,4102.8214891118605,4096.113959857989,4091.4934676922426,4083.452211532752,4114.698956056751,4113.559837043332,4082.582472342441,4119.054169394111,4081.09015944975,4109.735665718444,4108.533941726273,4100.824839151731,4092.9692096478193,0.0,0.0,2.0
1696836357.359375,686,0.0,4112.661819688547,4104.016171822196,4100.439176464019,4094.926212073282,4110.147029049563,4118.428089736478,4101.613875411806,4108.180191973462,4085.172005892561,4092.31992930753,4116.569163401666,4084.4974440485908,4097.831958674628,4110.745398194133,0.0,0.0,2.0
1696836357.3671875,687,0.0,4087.0993908349046,4083.638538148697,4104.947665190633,4100.418553664388,4114.165369926287,4112.0353860011855,4085.408931627895,4115.027785403778,4116.8116921376495,4107.403761617014,4099.150991019813,4101.868411160116,4106.679809202327,4099.570386791026,0.0,0.0,2.0
1696836357.375,688,0.0,4116.27767851635,4119.86333456343,4089.6763930916686,4113.066965226088,4091.1405925005347,4115.359480089395,4094.6958588037237,4087.0400537617725,4105.92507044244,4089.8529526721322,4103.724925574916,4115.913485780353,4097.316405588005,4115.717868830978,0.0,0.0,2.0
1696836357.3828125,689,0.0,4095.1757231323904,4085.229684705078,4105.832478943192,4093.669214945409,4086.3948431281933,4089.3243558027493,4117.189938125908,4115.572546464999,4080.7571132960898,4114.046647416221,4086.037783090643,4092.5121465884963,4085.141022428755,4106.14252223144,0.0,0.0,2.0
1696836357.390625,690,0.0,4090.268221060791,4115.849673802099,4087.1987664198105,4102.273603023364,4113.792172717591,4094.3826386289907,4091.265485106215,4096.187386455476,4089.921187214106,4082.9618905245784,4112.0386340034565,4082.0129720543487,4099.939161067029,4116.936549316637,0.0,0.0,2.0
1696836357.3984375,691,0.0,4116.160222563364,4104.3554229632955,4105.784515792709,4111.968512500006,4093.8871676018484,4098.889744883401,4101.793023834237,4082.92543283626,4095.4546141260075,4116.696380186892,4102.697917430954,4116.680227511588,4103.282341399374,4084.149436690364,0.0,0.0,2.0
1696836357.40625,692,0.0,4108.003867094843,4089.394387225369,4117.191109124763,4089.99314907718,4086.5204570098313,4095.9730809932703,4115.9520346480485,4116.94505896926,4097.760267859496,4090.2646347786963,4102.868377404828,4087.8449677014746,4086.3726557316736,4098.098058121125,0.0,0.0,2.0
1696836357.4140625,693,0.0,4092.5940433597566,4081.623949253235,4107.7553249074,4116.034546136173,4082.827820294781,4090.4768993202624,4104.619400273324,4093.5245557296107,4116.2409430264925,4091.5408290830046,4086.786350871287,4112.835261970034,4090.2895623598306,4095.8841478111117,0.0,0.0,2.0
1696836357.421875,694,0.0,4105.931860334224,4094.924727289868,4104.686869182973,4107.5202385159255,4102.261965747229,4093.8553124888595,4087.617595821099,4118.262162653426,4092.0198648525356,4086.5419832623948,4081.2033271788523,4116.659454337956,4112.568306960017,4097.808746328637,0.0,0.0,2.0
1696836357.4296875,695,0.0,4103.615884261541,4111.646840443922,4087.0372292542165,4111.165507518839,4110.784419508665,4107.784723282975,4109.830736486486,4109.832045678267,4112.531802564455,4085.5126645269734,4081.885377074958,4082.8491634386774,4096.612341039386,4082.7235280833165,0.0,0.0,2.0
1696836357.4375,696,0.0,4097.516385221419,4087.020772397528,4100.624812979293,4118.4481299026875,4115.5891959662995,4098.117992928712,4095.134958944721,4117.367509966301,4095.589080175035,4082.327929991243,4112.7158994985575,4106.070376964127,4109.471006802969,4084.7297105580146,0.0,0.0,2.0
1696836357.4453125,697,0.0,4083.5866777819683,4094.525730341776,4097.214964556778,4107.887585239341,4098.90424387145,4102.307002672701,4096.111913344189,4106.165653624318,4095.3229744099294,4092.6421254326165,4090.9459852470272,4101.488883913833,4103.644333274058,4086.4730353089544,0.0,0.0,2.0
1696836357.453125,698,0.0,4103.98044219386,4110.391686338292,4119.432502091836,4080.175967057786,4106.565841292291,4093.4200810247953,4106.871084178435,4116.538316533122,4105.784724530705,4113.477835707457,4088.198637942649,4093.090744435911,4098.580582742063,4092.7619108232143,0.0,0.0,2.0
1696836357.4609375,699,0.0,4085.2527033143615,4114.230742355049,4099.0178950473555,4114.773284977156,4093.550937710275,4086.426249894915,4110.741443085923,4080.5225845100445,4091.9234362334214,4116.3273017914025,4098.016195691952,4102.37003272578,4093.8147864223697,4086.7813120351484,0.0,0.0,2.0
1696836357.46875,700,0.0,4116.378099101862,4088.4948762026497,4100.450164381384,4102.397412100172,4088.918552725332,4088.757336498754,4113.760913516207,4117.657187556112,4099.033366232537,4091.606758745672,4102.1394179010185,4092.149927734002,4113.802415205864,4114.748814225388,0.0,0.0,2.0
1696836357.4765625,701,0.0,4089.543496763719,4117.341741065125,4086.156400287998,4094.382873503669,4092.459205306537,4091.0715642678597,4085.6374527814432,4096.425940606397,4086.1802976717545,4117.5828247531945,4118.386423147123,4113.955355833409,4099.402969352909,4108.375225963253,0.0,0.0,2.0
1696836357.484375,702,0.0,4088.936239746691,4111.966599467166,4104.358766302954,4116.609438414978,4096.8584353906845,4093.3967649307197,4080.8252863736657,4084.1775608180546,4096.929411840819,4100.471050081515,4092.2113889349253,4082.9816090014415,4116.49062100439,4113.5170899162695,0.0,0.0,2.0
1696836357.4921875,703,0.0,4093.6555041576366,4084.833263482121,4086.8328313731195,4080.1773416089486,4112.349122054064,4087.585931206652,4105.867951962414,4097.892266924073,4103.082606614902,4095.2485440872856,4112.980412205108,4086.1653891565356,4088.5397837389096,4104.892991217356,0.0,0.0,2.0
1696836357.5,704,0.0,4095.2895344282283,4109.849340206057,4092.6123589452604,4110.132929930636,4093.805444331552,4084.920765777045,4083.7805329697776,4100.152839414344,4101.889981307278,4111.32449394535,4089.4164373439066,4118.99619165871,4088.466785605004,4094.998727690738,0.0,0.0,2.0
1696836357.5078125,705,0.0,4118.499907594343,4111.961381359748,4085.9140494921544,4099.196116861609,4102.1069726966325,4118.853010709416,4088.291651671759,4083.6907000155506,4102.927791154727,4080.2175482068787,4115.05811389082,4087.9900100384793,4086.489043414284,4106.306886075886,0.0,0.0,2.0
1696836357.515625,706,0.0,4096.310706695365,4092.6317282510663,4101.284674037581,4110.816627621607,4119.683141920686,4102.972214680873,4102.787318842285,4091.108266192649,4111.201286556638,4082.5117621925397,4088.984477907765,4098.952907419565,4095.185387300613,4094.753323209362,0.0,0.0,2.0
1696836357.5234375,707,0.0,4118.1009063991405,4092.552931824893,4090.824643441713,4102.081989114712,4101.521946053639,4089.3311330774172,4097.540988218092,4105.143241974617,4112.109017040932,4119.955618031943,4081.1876500510493,4105.702838657985,4087.447648474447,4114.801065711394,0.0,0.0,2.0
1696836357.53125,708,0.0,4117.779658698933,4080.2235963664857,4088.6061541589543,4101.542037310932,4084.3210801715027,4101.893528192129,4088.447400986853,4087.377218988856,4088.5618658050594,4087.644402889843,4093.887990245614,4115.604766737598,4089.099957485831,4100.118111384106,0.0,0.0,2.0
1696836357.5390625,709,0.0,4095.136890418988,4096.941260480664,4082.75443671818,4096.0093410929985,4103.717722026215,4106.122547829709,4118.610824587019,4109.140952813858,4091.7253517650197,4085.524001110562,4089.137079204281,4085.696290099207,4105.618624264598,4081.1851570171125,0.0,0.0,2.0
1696836357.546875,710,0.0,4093.5817032195123,4106.531118442024,4080.6352553253923,4099.532108330926,4106.634984043378,4106.729904769718,4080.600349307833,4111.000352608019,4103.021712186983,4095.5463512227157,4090.105842043689,4088.8033445739557,4111.20515404363,4093.4470319674906,0.0,0.0,2.0
1696836357.5546875,711,0.0,4087.8689052669556,4082.3831711468306,4116.592988235224,4082.160682156352,4083.441514360472,4099.828605226847,4088.571139260495,4082.8372468046564,4090.340475735039,4101.251692744885,4091.099930831567,4094.8019207120497,4114.498291538905,4114.328923600475,0.0,0.0,2.0
1696836357.5625,712,0.0,4082.5096057382084,4095.9771189780226,4109.266131513925,4092.908455695663,4093.1654586956715,4084.23049858096,4115.287434417779,4096.3836411421535,4085.8139799380483,4101.042514259726,4084.6326733661426,4094.684068286853,4118.408791639127,4094.8283572727223,0.0,0.0,2.0
1696836357.5703125,713,0.0,4101.927286489149,4116.353745365697,4080.9019676289145,4104.98023933996,4087.894744512509,4102.9884154853125,4106.399208449596,4094.168838128746,4082.29308283464,4112.836382229538,4113.412413732247,4109.076210753536,4094.9201090501765,4116.221203563098,0.0,0.0,2.0
1696836357.578125,714,0.0,4113.199704289312,4089.881142173137,4112.632506961915,4118.3403368575755,4116.557640770334,4083.9175182304543,4109.175625260166,4089.9828001230235,4107.122620889355,4114.749611268278,4118.996733597807,4113.927585894776,4099.297232602084,4087.646667642845,0.0,0.0,2.0
1696836357.5859375,715,0.0,4112.892296642412,4087.6038825202218,4090.3928259936138,4101.828168782125,4116.207242618316,4102.302260875168,4094.7386255983256,4111.315693831793,4107.157767878412,4085.3873303851237,4086.754327911876,4081.944933822512,4109.986792678149,4087.8173271178234,0.0,0.0,2.0
1696836357.59375,716,0.0,4112.300152141555,4101.8487353575865,4088.3821382612236,4114.357793679222,4085.064139397611,4085.2372045287757,4083.22264566863,4099.940883808996,4083.529330619003,4113.328198820322,4107.194007633537,4107.155333618793,4118.258000648371,4100.899224572643,0.0,0.0,2.0
1696836357.6015625,717,0.0,4107.899966474463,4083.4872663660067,4094.5701560589077,4092.7826088618945,4088.6598030648543,4092.535938032792,4090.4055167111887,4106.0448843047,4096.350125859072,4101.213987998847,4087.2652927379872,4109.15347612995,4084.836381079228,4109.958597512379,0.0,0.0,2.0
1696836357.609375,718,0.0,4084.052739785455,4099.55488412403,4089.7309898503477,4105.31544449757,4082.3065568142924,4088.6650760695443,4098.081422636799,4111.367375192517,4116.010149294543,4099.796708357185,4108.5724256756275,4100.454413605544,4108.6556920568955,4081.4448686436544,0.0,0.0,2.0
1696836357.6171875,719,0.0,4102.878455951637,4089.806475171938,4091.4006907801863,4094.040499532265,4102.486877941564,4099.588797872144,4086.770529953006,4089.729049137002,4091.2216269063024,4108.564024967693,4099.301257437435,4088.9107260767605,4111.3122021326835,4081.8097934723273,0.0,0.0,2.0
1696836357.625,720,0.0,4086.6881538574457,4117.08074029055,4080.447730809493,4091.5557190977624,4102.046794588716,4098.652775545976,4097.34502076945,4090.584756991489,4085.306388183965,4087.5795537264416,4082.2380899125383,4113.677615209967,4114.7905471590675,4114.019196205101,0.0,0.0,2.0
1696836357.6328125,721,0.0,4105.818890142286,4105.900920807628,4097.0548334306295,4107.6885642243515,4082.6809676232465,4103.528099794265,4097.847107084654,4087.242987454718,4100.5612254841235,4103.207473477693,4104.444238003177,4113.822490085793,4088.6228599997676,4083.0232415697537,0.0,0.0,2.0
1696836357.640625,722,0.0,4104.742951043993,4094.7449983837855,4088.136478340317,4083.4251856686387,4115.484194130298,4090.692251560304,4084.2322795576747,4091.268278997447,4103.982237574493,4107.438338182564,4093.7514351265218,4113.994095094867,4117.89768899367,4095.368232667021,0.0,0.0,2.0
1696836357.6484375,723,0.0,4112.627632267383,4092.2128996513798,4098.6494722068655,4111.839580728501,4112.818210506852,4110.466324089546,4101.225213758071,4102.5177692988,4092.0920035725467,4101.86574693333,4089.615906303872,4098.494335045697,4092.91123753187,4099.714942548976,0.0,0.0,2.0
1696836357.65625,724,0.0,4096.3500365971595,4084.2846186910597,4118.069167468541,4112.009524634073,4081.0285136537864,4118.944302892482,4118.884797867446,4110.238085155351,4084.4780934973014,4085.4121020138255,4090.60029105325,4099.6602615405745,4118.883420455355,4118.538372629289,0.0,0.0,2.0
1696836357.6640625,725,0.0,4107.327354840434,4100.219892325868,4111.723825211983,4114.536717637697,4098.196715817691,4119.003743377889,4107.603264246234,4117.330652667566,4115.595048272337,4098.2842749938345,4109.084898617554,4096.903469060326,4097.198762420355,4086.5355584206422,0.0,0.0,2.0
1696836357.671875,726,0.0,4101.519165381376,4083.425037245163,4096.860164567234,4117.748298707893,4088.9142440760725,4108.5367605095325,4106.086906648775,4111.287791652365,4087.478237296419,4105.589447347942,4119.769429240692,4082.9069407496786,4097.998534704808,4117.366820943117,0.0,0.0,2.0
1696836357.6796875,727,0.0,4115.487398926852,4094.889409675294,4096.299069695695,4086.969517737238,4108.273535009764,4111.398372016465,4101.523787012353,4113.909569410583,4095.608189515283,4081.664908949098,4118.290588012537,4110.553649700171,4095.2878047705312,4111.864138097056,0.0,0.0,2.0
1696836357.6875,728,0.0,4113.272418385626,4117.990888423466,4113.50518289059,4090.8847087665017,4098.332426554779,4099.572867157265,4081.904808399018,4119.615391129727,4081.519414318207,4107.026838437011,4088.1095228546524,4094.4834849493404,4119.2892591356795,4094.7113135057198,0.0,0.0,2.0
1696836357.6953125,729,0.0,4110.710552508392,4091.961240009728,4090.867858441973,4108.689059802865,4100.84962430784,4102.335000755166,4097.721149811997,4114.857323095342,4087.2987046055914,4119.716158381295,4086.706421096262,4116.700927664629,4099.248178482759,4101.064550371139,0.0,0.0,2.0
1696836357.703125,730,0.0,4115.844845470743,4101.240819908451,4105.7989610202385,4090.2177371841312,4098.257912846872,4090.037968820338,4112.501011677229,4104.6855359403025,4115.84108005346,4085.4338597139404,4097.424489162671,4117.9728934391005,4116.478570120774,4115.9780448374295,0.0,0.0,2.0
1696836357.7109375,731,0.0,4109.315125059632,4102.820184650033,4108.8333482663065,4104.555971627303,4119.583840966722,4113.92935155568,4080.8646694053173,4095.277032516592,4115.3517298144425,4080.235338237624,4094.908094364756,4089.069119561441,4084.6366508055958,4111.940033766822,0.0,0.0,2.0
1696836357.71875,732,0.0,4084.180553162289,4098.461406089047,4110.72025435871,4116.187726100276,4099.935794912145,4115.091529074122,4091.323344469613,4093.3941768260743,4099.653437662074,4097.084350795649,4115.355338534287,4106.551352253129,4102.572365778668,4108.6822772238775,0.0,0.0,2.0
1696836357.7265625,733,0.0,4080.7680789577453,4103.58063839515,4116.836424954899,4091.796626166067,4116.944624337458,4081.4704798060798,4097.269166045082,4100.850019084235,4104.2330135454595,4092.142672375458,4117.801991894289,4110.575665565911,4093.138760712443,4102.462082117845,0.0,0.0,2.0
1696836357.734375,734,0.0,4112.556030941859,4101.795654475029,4105.550207843161,4085.1527544011988,4101.504797762301,4095.6287253783994,4090.5806037255807,4106.255573597323,4109.076066432059,4097.929757680386,4094.654949087222,4103.389003120941,4112.679983701329,4117.81042884508,0.0,0.0,2.0
1696836357.7421875,735,0.0,4117.906066090166,4086.1448443447334,4098.919671020201,4089.2947276055284,4098.626044704982,4080.343141171384,4101.3715727326835,4089.1982080661346,4117.760165252756,4106.76342439129,4103.584832232174,4115.428979158135,4112.652260992719,4115.370767446436,0.0,0.0,2.0
1696836357.75,736,0.0,4102.963708043544,4093.905580260803,4097.173152845634,4097.188623033368,4098.065561686313,4119.188425637508,4097.545300641727,4088.3561613215143,4095.461338793494,4105.745571514821,4107.878491720162,4095.143553698384,4102.688537203405,4095.5644790032097,0.0,0.0,2.0
1696836357.7578125,737,0.0,4106.8588411704795,4116.951315959682,4082.8942038015143,4114.29969514962,4104.833400158485,4118.640983229436,4111.4558678050225,4109.291105375702,4106.148892525701,4084.0729889337626,4089.534595672228,4092.331375266966,4118.4661905543235,4097.6956199352335,0.0,0.0,2.0
1696836357.765625,738,0.0,4088.5773411426035,4115.537166441494,4092.1694149906675,4091.168084429422,4081.381174508049,4108.139583587428,4093.855367408094,4099.44521288327,4106.752613510969,4107.179347156985,4096.954884991378,4090.6058291673216,4093.015108642538,4107.860180922686,0.0,0.0,2.0
1696836357.7734375,739,0.0,4094.4651324696333,4109.293535113944,4104.979668320972,4086.289876081533,4080.3793137525568,4089.1410581778678,4090.040400700785,4087.9892781905746,4105.674650404263,4098.419145111674,4097.887762428235,4085.421978513263,4085.7922027533295,4089.092145382057,0.0,0.0,2.0
1696836357.78125,740,0.0,4085.0440779233027,4087.933263109479,4093.694001520041,4083.8911264717954,4102.152585357612,4106.487677777378,4085.8212691904455,4111.31883529932,4084.339343676175,4085.605497333307,4117.187524092174,4089.463738998294,4103.0048668136,4081.2123721541493,0.0,0.0,2.0
1696836357.7890625,741,0.0,4101.356113070603,4092.289557477886,4088.8619624692974,4088.1831053912024,4113.643923603745,4118.838367597685,4112.21413264358,4101.602993746247,4096.154733828558,4086.525506879415,4118.242718229417,4100.038931274984,4103.463551602531,4106.991128764898,0.0,0.0,2.0
1696836357.796875,742,0.0,4097.283340130593,4113.587866243418,4096.475755850867,4100.592923097647,4117.00358609255,4111.551787044601,4113.400471574496,4080.643860035415,4084.370389155749,4095.3170629809697,4097.695822221718,4100.3280305469,4105.337220867222,4097.560967597384,0.0,0.0,2.0
1696836357.8046875,743,0.0,4090.7504029596985,4082.763663558112,4113.163008715908,4093.7840675078087,4082.773084883191,4105.175523512273,4111.057240796123,4099.079715228988,4109.600630072164,4094.350469256375,4119.066218023848,4101.0378516002365,4109.389075567599,4101.850558125446,0.0,0.0,2.0
1696836357.8125,744,0.0,4096.2308720693,4081.491579101538,4105.392347983715,4101.083812527054,4113.423530686984,4108.885464943766,4109.204481847059,4098.560314687038,4103.716020888841,4109.231030513075,4099.961107604738,4104.123427094054,4087.136784858277,4095.435100151079,0.0,0.0,2.0
1696836357.8203125,745,0.0,4100.211632531572,4105.7773073961625,4116.533087582875,4097.8357488589945,4108.771041518797,4119.074370833749,4099.786857946867,4093.2113381652543,4081.2766455544183,4101.3549841651775,4113.088562785316,4111.057960728291,4092.333360617576,4119.699051198956,0.0,0.0,2.0
1696836357.828125,746,0.0,4104.5426124754495,4103.991338037077,4083.3594524230643,4102.409759709691,4110.6563629071725,4116.789336607114,4104.087314238227,4102.506049776511,4112.867010900076,4116.520309617282,4103.933534185278,4105.251279678315,4098.25030916988,4091.4733110207867,0.0,0.0,2.0
1696836357.8359375,747,0.0,4095.3012695284565,4107.368881283223,4108.445492893833,4108.598876296627,4096.380569379648,4096.735366368952,4110.888981748421,4090.117690466712,4116.956915798228,4112.686902430541,4117.321143144663,4091.3066483115354,4118.670533731635,4094.5075782347008,0.0,0.0,2.0
1696836357.84375,748,0.0,4089.6655206434225,4089.9846165537606,4087.356351790552,4106.727816740709,4108.140746954929,4095.3410554503744,4098.046198183614,4109.852282730194,4085.0593767310593,4105.614648533884,4099.442842688863,4109.161622008007,4086.755706150936,4101.043658578415,0.0,0.0,2.0
1696836357.8515625,749,0.0,4093.9920797217915,4098.099398962557,4119.341159107901,4094.531430113564,4090.113672769391,4099.932895007243,4102.646225894863,4089.5160772603385,4110.597779824204,4109.466564987185,4097.360823500868,4084.4451329272283,4107.595986771518,4104.434679731051,0.0,0.0,2.0
1696836357.859375,750,0.0,4089.1180158160773,4082.8675530839473,4105.350900136333,4101.656496230395,4087.8046163003855,4082.9787627699916,4081.19635596813,4085.142849058368,4088.0297211627576,4099.398176141537,4089.6948049909606,4110.266763335068,4114.196520010237,4118.063354326099,0.0,0.0,2.0
1696836357.8671875,751,0.0,4116.027356446301,4106.832423870583,4093.8566376377507,4114.643452530923,4118.57959375084,4095.6792097600464,4096.4032659703,4083.107345783694,4080.3484083486605,4118.702238402008,4110.709630750395,4101.849806455433,4098.109465498935,4085.690814749741,0.0,0.0,2.0
1696836357.875,752,0.0,4094.6615826272305,4094.8840875693886,4114.32747988715,4110.050119209168,4116.166981917867,4117.26368637475,4109.220530011376,4085.6100923795852,4115.481014861255,4097.79060936063,4099.44243101212,4088.0999254910703,4089.118741782423,4106.532033158381,0.0,0.0,2.0
1696836357.8828125,753,0.0,4098.9276195768025,4104.725405473305,4108.269392571058,4088.279808433936,4118.338149934607,4105.638526064787,4102.511697546174,4100.905643316021,4085.538932465083,4117.126112955713,4115.896117393102,4094.969277980698,4081.1820454740487,4081.5403959385126,0.0,0.0,2.0
1696836357.890625,754,0.0,4114.663501773053,4087.714852992405,4103.611152132029,4083.670712156303,4087.26181472151,4084.2760523759225,4081.8215331451293,4087.819819594662,4107.70346654716,4091.8259183416585,4098.468676078504,4117.072974276719,4099.86518790796,4084.4809476218834,0.0,0.0,2.0
1696836357.8984375,755,0.0,4106.362199027975,4105.355221264623,4082.1290498628955,4101.303939276577,4119.168146927552,4087.680621142492,4096.97487881884,4112.844885172539,4116.14389953245,4099.375336659242,4110.488908161407,4086.6270837319676,4083.4718173027177,4088.7174557440567,0.0,0.0,2.0
1696836357.90625,756,0.0,4108.96992700943,4106.6283748349015,4117.399008195828,4112.996564710644,4116.9515884388275,4116.561663096751,4089.0642006557723,4118.236221793768,4114.171612560951,4097.196434416843,4117.459118290985,4093.2376812576463,4093.6188333716836,4088.204693401622,0.0,0.0,2.0
1696836357.9140625,757,0.0,4094.556338106244,4095.904062467494,4117.258572415836,4118.349675762862,4095.0355316675577,4097.137459899589,4092.768731443504,4103.448806673032,4085.877838175459,4104.124522217268,4096.053520946662,4114.322608817067,4099.323722941172,4082.1351381442905,0.0,0.0,2.0
1696836357.921875,758,0.0,4115.289051525586,4085.8272677549467,4093.9781959879156,4080.9206812150815,4084.9195730508973,4083.918907071678,4101.685192925009,4112.147667452255,4097.122219917939,4116.734335608343,4119.48694164676,4108.792325530172,4119.640075413482,4109.066118873298,0.0,0.0,2.0
1696836357.9296875,759,0.0,4110.7848136872435,4111.22293292247,4097.048064738457,4086.837444603269,4100.101313679891,4095.809402359226,4110.975185700678,4090.3508301635525,4111.318429769597,4113.326281168852,4119.837828850808,4110.698118751193,4081.5584475642327,4117.056853313976,0.0,0.0,2.0
1696836357.9375,760,0.0,4106.796308275638,4087.5762834904713,4083.156387463016,4083.757575401821,4089.1500311160357,4097.091456568417,4095.2913675562772,4104.099831995516,4085.6863248605946,4117.256069720185,4082.3419503654595,4117.968313677148,4100.188252127855,4088.1565541927957,0.0,0.0,2.0
1696836357.9453125,761,0.0,4099.483133442594,4093.1956457297615,4084.5047770243173,4093.0544548412863,4105.415978370909,4094.4471808184153,4119.159499947481,4083.5773421072226,4099.804016515218,4102.555749278987,4118.222965492594,4114.665908591095,4117.962025579321,4110.392671372409,0.0,0.0,2.0
1696836357.953125,762,0.0,4086.37260341243,4089.3887193484697,4090.9071161555917,4106.258426479259,4112.953788889515,4117.737047377983,4119.639849326055,4111.189241514785,4085.6003821857894,4081.9878095231775,4116.668313566026,4107.4113498202405,4086.1054366927965,4081.753802388615,0.0,0.0,2.0
1696836357.9609375,763,0.0,4106.12895488276,4117.713425365002,4083.782003941251,4083.0646310133957,4116.109827555373,4111.664297448817,4118.2893062287185,4112.566852977253,4091.491286024405,4115.50184603361,4110.49622582512,4084.322338117443,4100.784692540446,4081.5121213158404,0.0,0.0,2.0
1696836357.96875,764,0.0,4089.774363625726,4119.3454871713975,4102.21072621512,4109.1840075988175,4090.04217260041,4092.33506605591,4112.054305059508,4108.382834460293,4085.793321367692,4118.472690866175,4084.1833041934146,4093.516138954946,4108.274652529701,4102.991503813672,0.0,0.0,2.0
1696836357.9765625,765,0.0,4118.834818098218,4094.1993582941745,4117.803314437189,4087.6664115194408,4116.524151349072,4085.8586197479945,4086.367194344849,4090.8797111960807,4103.758214269514,4116.25270136336,4099.195411180247,4091.4268829699154,4111.482698009447,4081.1716403236883,0.0,0.0,2.0
1696836357.984375,766,0.0,4114.147113264997,4096.684125096002,4110.134745183961,4098.287905211985,4117.903422022822,4090.84316330681,4094.647062050169,4102.868994978004,4085.015218285418,4107.014541094335,4083.2857958160653,4100.459905346502,4119.832002468195,4094.7907952774162,0.0,0.0,2.0
1696836357.9921875,767,0.0,4097.033239825201,4110.592727157055,4081.4397516497406,4082.9675343878102,4106.581435486737,4085.8018536918394,4110.284908594661,4087.638983469178,4097.23063188663,4084.2982962385418,4110.121192525538,4102.689355324433,4083.1558652888702,4090.743444584278,0.0,0.0,2.0
1696836358.0,768,0.0,4090.004499128081,4082.381886170573,4107.897397045516,4098.470415404773,4098.130411914498,4089.9975229395845,4092.0466809148184,4113.88401437168,4101.28841686967,4082.1992197648315,4106.1019238524805,4112.40668052198,4095.925081252067,4108.598268557278,0.0,0.0,2.0
1696836358.0078125,769,0.0,4092.0951296756475,4094.8344654398893,4113.80677486071,4117.8081138446,4085.305138116052,4088.662770847783,4082.509421313681,4096.679548434859,4107.272640424535,4083.9270737038332,4095.3590540817368,4115.548561706489,4103.572303033123,4086.114845589544,0.0,0.0,2.0
1696836358.015625,770,0.0,4119.033767401471,4111.852375774164,4091.2080176161917,4114.611578107615,4106.089671173939,4093.3846473019507,4118.166510314304,4109.89835463543,4092.5819975336635,4091.323412749893,4111.335533516874,4092.1491484179064,4097.956069942955,4117.265178200244,0.0,0.0,2.0
1696836358.0234375,771,0.0,4100.22838906925,4086.477989255854,4083.360879820848,4114.520113851032,4081.0355896183232,4080.4547331027334,4106.3705359664855,4104.29377849345,4107.186533487121,4083.5969216159765,4106.889463671868,4105.296108692033,4117.9023252334055,4085.1454374308723,0.0,0.0,2.0
1696836358.03125,772,0.0,4119.438738054395,4091.573288960391,4087.1825230230415,4088.7690395650684,4085.7953336391884,4080.506198082647,4098.290699630429,4110.924396783025,4100.227197122832,4108.291059537976,4111.349222115341,4104.535610440281,4113.190827683736,4110.5944648394925,0.0,0.0,2.0
1696836358.0390625,773,0.0,4092.5059015694706,4088.186522903248,4118.817201827273,4086.6117720666434,4099.444130343807,4119.3405187598455,4110.06868128064,4100.212731253979,4105.99609286547,4097.46440468782,4092.0871996815663,4095.834711388262,4112.609027358934,4115.201978282028,0.0,0.0,2.0
1696836358.046875,774,0.0,4099.908660670992,4082.9772646322367,4084.7453398896782,4095.512556799332,4088.1172876313044,4099.572225110619,4112.637071445792,4085.523483044388,4093.6569818936755,4081.192551880278,4099.468059651082,4108.687764698304,4117.855552696058,4090.5547930355056,0.0,0.0,2.0
1696836358.0546875,775,0.0,4109.98805569475,4117.790075327658,4087.4170806045654,4087.1183348120753,4099.874850201264,4088.687609021045,4100.625044357693,4083.07784965297,4087.028795515231,4114.699260692977,4117.8061120035545,4098.456805224809,4099.036109347277,4094.4238309286998,0.0,0.0,2.0
1696836358.0625,776,0.0,4112.163208729101,4101.806296795495,4086.5240436350255,4097.219201598823,4088.7680067697393,4105.992713745982,4106.5430597718,4100.498529101163,4090.9239997821774,4109.104842612365,4119.514827847034,4105.246251746594,4112.408880152932,4109.78437160493,0.0,0.0,2.0
1696836358.0703125,777,0.0,4098.709489058414,4088.882365292162,4097.645812629934,4105.4014904355345,4092.854011178657,4104.678579572595,4109.812957346887,4096.930979563351,4119.835711227176,4115.088537428105,4086.8676453744965,4097.982594138144,4094.577783836432,4116.183414822742,0.0,0.0,2.0
1696836358.078125,778,0.0,4118.288650710639,4088.7070038953293,4085.748167026347,4096.717315657097,4108.732166401573,4112.354731760754,4115.758900898165,4101.361437118123,4087.7748710035125,4102.557153291535,4097.873698819654,4113.098027241407,4117.095002806006,4081.919196864679,0.0,0.0,2.0
1696836358.0859375,779,0.0,4095.593557836515,4089.4452871364547,4093.57170785565,4104.675041586085,4102.78917691002,4087.736078136669,4103.20960356432,4110.27512275678,4081.405383931846,4111.918963226637,4093.0617615825704,4103.243135667107,4107.404428003474,4088.5441315483536,0.0,0.0,2.0
1696836358.09375,780,0.0,4109.619945171798,4115.96720661303,4109.370954016847,4104.326108375807,4100.0656179818025,4107.150610165558,4112.754364361961,4113.071195609017,4108.806784053669,4090.787165414814,4108.5291230375315,4083.3043856529357,4111.9120700954345,4086.6929097707257,0.0,0.0,2.0
1696836358.1015625,781,0.0,4087.3679751955538,4092.856124696169,4086.4490081560066,4100.378362538988,4106.479863295839,4111.210666383496,4089.1899610395803,4101.080783583219,4088.2301788418026,4107.675039962866,4092.995547705464,4108.4942229764565,4097.4216034977535,4116.308396566168,0.0,0.0,2.0
1696836358.109375,782,0.0,4118.3789289527995,4083.5148334474293,4109.968643407431,4107.683199874602,4102.285977074617,4114.4903923909105,4101.09280124341,4089.428459968578,4080.9676779323686,4096.833581350883,4095.8946925844416,4090.857120212797,4081.635453701367,4116.2363482081455,0.0,0.0,2.0
1696836358.1171875,783,0.0,4118.463287585153,4107.579526767184,4102.296697983484,4115.568403213296,4115.332750272032,4107.878103250323,4118.481098409324,4117.4557318439365,4106.921107391728,4087.6925882022338,4100.973698111823,4118.449898272541,4099.21412507695,4088.4434284716212,0.0,0.0,2.0
1696836358.125,784,0.0,4080.124017592741,4087.3419189977267,4116.786546905246,4097.80962014533,4113.351958917509,4100.170866225931,4100.376717107044,4082.8636318346776,4088.1595076633457,4106.155951987481,4112.778954889477,4091.692944905898,4100.932012990666,4113.0396207704525,0.0,0.0,2.0
1696836358.1328125,785,0.0,4080.1875914018638,4113.248217723349,4118.097665079869,4093.3855747121156,4097.463244012091,4086.9526277230048,4107.03221190439,4087.172243294087,4111.489795698616,4111.544562663376,4087.8641015541957,4087.033403444559,4115.140245350645,4101.832326823157,0.0,0.0,2.0
1696836358.140625,786,0.0,4100.259165012181,4117.282556411282,4098.665208789578,4112.648181322325,4082.459072632609,4106.053135824822,4092.022176949182,4091.327902035245,4110.612094875399,4090.5027955477017,4092.0813433022354,4110.485563568139,4103.363627456155,4084.812528230206,0.0,0.0,2.0
1696836358.1484375,787,0.0,4112.730645152552,4110.492751620302,4104.439442385601,4118.787399557468,4090.183607508768,4111.394616572162,4084.7044438379194,4108.7672754187615,4102.2427682890275,4091.7247022425836,4103.655868723737,4090.7507452718187,4106.70592611316,4097.759771090888,0.0,0.0,2.0
1696836358.15625,788,0.0,4084.47784907168,4111.265913081062,4085.2965644693236,4100.301950548844,4087.7176990586986,4101.355209371136,4098.941533429214,4118.944576162235,4094.415428520993,4109.629192155193,4088.7004243763454,4082.537256967216,4113.287652502242,4105.11957686512,0.0,0.0,2.0
1696836358.1640625,789,0.0,4110.762777277558,4097.29690238735,4087.803661033896,4105.29177838927,4088.245939790837,4083.405812518547,4093.515523839113,4112.938114942443,4088.676657580013,4108.327449266147,4114.1119845856465,4114.453098748577,4106.42380038119,4103.67106189702,0.0,0.0,2.0
1696836358.171875,790,0.0,4114.4944611277015,4115.890090881405,4097.397157048214,4082.2543920059193,4096.80903888926,4090.3405001073124,4115.110944665921,4096.70205554422,4103.876570822255,4102.715634963236,4117.571621140544,4084.3904272264494,4096.777661877219,4095.9224159987903,0.0,0.0,2.0
1696836358.1796875,791,0.0,4107.018553385102,4109.5089839910515,4089.9113881915764,4102.246116617646,4085.2968533368276,4089.1071812646937,4098.027219703255,4096.489574571094,4108.068030121112,4092.596075518694,4119.0356459620525,4086.6241927471183,4109.811449409896,4091.7579865801067,0.0,0.0,2.0
1696836358.1875,792,0.0,4080.4794861629916,4089.3007135463854,4088.9583136932697,4094.00689610836,4098.949715006916,4083.837897208889,4119.54899309865,4111.169010241179,4080.1795570455733,4116.750820621645,4100.470568569868,4099.512490894413,4097.491524028305,4096.327723176508,0.0,0.0,2.0
1696836358.1953125,793,0.0,4097.377110351621,4116.812242560956,4106.206290189797,4080.7430714362986,4118.811894157855,4096.43036796464,4090.070687096331,4091.0253551089554,4111.452882970145,4109.797644040819,4101.55507392343,4094.7051895128066,4102.223585127942,4119.079231539488,0.0,0.0,2.0
1696836358.203125,794,0.0,4107.563525991771,4081.6419372655746,4094.856926160625,4102.391225288897,4084.6188046956945,4090.364116386052,4107.519803558873,4100.680647843271,4094.956879660189,4081.478820932923,4089.5623258736205,4092.9231400044305,4103.77207836575,4104.874557289956,0.0,0.0,2.0
1696836358.2109375,795,0.0,4102.995774184987,4094.368554110686,4099.854461127471,4095.362434332629,4088.731464046003,4081.11166963849,4116.970340061335,4103.28828680207,4080.734407958034,4111.931739877711,4107.300520136381,4084.363541153056,4106.712930080801,4083.0102240687506,0.0,0.0,2.0
1696836358.21875,796,0.0,4113.285837154124,4089.2434476020367,4100.874710364391,4097.602762034326,4093.06288648158,4090.348127792131,4103.56218469236,4093.7814753897683,4096.10940529774,4096.675808156629,4112.644063309996,4104.065652152745,4107.365967289458,4101.322159971851,0.0,0.0,2.0
1696836358.2265625,797,0.0,4107.001756384033,4090.3059419994984,4098.0425439521705,4099.993712954075,4117.324512803967,4090.415211811619,4110.701423928417,4096.144539200908,4111.523947651776,4106.1043470936975,4099.258635305952,4107.424289670518,4085.023882025717,4102.493819694437,0.0,0.0,2.0
1696836358.234375,798,0.0,4112.806759239936,4089.6361722176525,4102.6321325739555,4094.4927519513312,4108.3770473981,4095.461826697976,4088.1455763541057,4105.382972304282,4100.7025197898965,4115.839698883931,4097.276378903749,4088.087497809672,4080.6735784202033,4105.191480911752,0.0,0.0,2.0
1696836358.2421875,799,0.0,4092.756763092963,4118.1373237578455,4089.1523070021117,4097.248809857625,4097.11633873483,4117.671029735552,4096.456206945997,4097.960622540624,4104.459423168827,4101.611425452816,4104.192334465018,4083.052646054648,4113.271206463836,4113.614942394072,0.0,0.0,2.0
1696836358.25,800,0.0,4099.556366861975,4087.791583811161,4111.12999859274,4102.798372227766,4092.7912385772775,4113.684300200407,4118.264526482239,4106.265924374075,4084.450021396264,4087.8643548225,4095.1286282009332,4086.9827396444657,4104.335941865671,4083.5342810580696,0.0,0.0,2.0
1696836358.2578125,801,0.0,4083.626698790329,4091.2935423679273,4112.342911645024,4104.4495628788645,4083.342986916294,4102.014862980442,4092.535902193349,4105.152697718367,4118.037127123642,4090.4159345521384,4113.581370496928,4118.800450727998,4102.277096448006,4092.5303756110116,0.0,0.0,2.0
1696836358.265625,802,0.0,4111.068755985154,4117.615525754503,4110.376068344786,4094.1029011869878,4104.018090899273,4097.957449768133,4081.7392836247345,4087.7116721596603,4118.763081519063,4094.3542772841047,4103.943376103152,4103.541016541324,4105.911932450918,4117.782425786435,0.0,0.0,2.0
1696836358.2734375,803,0.0,4117.033642857212,4092.212395626145,4102.317546463333,4086.6121075365854,4107.036335880026,4103.601700288272,4116.8967582420355,4103.958450596237,4105.795907583987,4086.660272799266,4093.796324691383,4087.522488937738,4119.938466979484,4085.7689127999715,0.0,0.0,2.0
1696836358.28125,804,0.0,4099.685026578871,4107.32905948115,4091.043641626601,4099.328809850462,4102.819961628033,4105.566423872361,4088.6489539274367,4098.907281396029,4084.5260368307795,4085.452278832696,4103.1325480081205,4085.1414068973177,4092.757064479835,4093.3348658104915,0.0,0.0,2.0
1696836358.2890625,805,0.0,4084.3945748921606,4090.331766169279,4082.0011975275934,4091.601289773569,4092.947616581845,4099.342871333149,4115.411325325238,4107.097968809404,4116.094055642492,4082.5574550161136,4113.4060855001535,4111.782995625057,4093.1717052851336,4096.241480595185,0.0,0.0,2.0
1696836358.296875,806,0.0,4119.628434891484,4100.8358556921685,4092.7249860933275,4086.3036761089966,4092.5955686233274,4111.89896448899,4114.008106118198,4103.375184704943,4119.070170534007,4095.5021533891722,4102.379558673938,4092.291385341969,4098.431999700823,4105.101613401081,0.0,0.0,2.0
1696836358.3046875,807,0.0,4119.5649033391255,4113.463186633747,4086.300313786263,4115.66584845793,4091.0503248775935,4118.3823868590625,4091.0298931736083,4090.2851559328433,4106.321367042638,4095.3832049739895,4086.1865503993154,4090.058497389029,4111.201440182325,4099.950535033269,0.0,0.0,2.0
1696836358.3125,808,0.0,4111.223308308224,4102.709228579985,4092.005356379446,4084.140795927318,4111.565741331796,4104.915967659214,4082.8849504724144,4113.171708311166,4088.5651953500187,4100.12638448722,4105.274258923096,4094.5461910054687,4096.417886826471,4117.859703401143,0.0,0.0,2.0
1696836358.3203125,809,0.0,4112.02447067831,4081.5628895639998,4089.2666583820424,4084.076540727434,4095.7255067293127,4113.0909319307875,4087.2001375294317,4092.031179368448,4104.477677893303,4110.509091837186,4088.8909099167677,4105.865298701133,4118.12408507066,4118.51292230994,0.0,0.0,2.0
1696836358.328125,810,0.0,4093.656578265999,4085.3129134794754,4092.7510364431246,4090.6401215218466,4113.059789164176,4086.81217009021,4107.811971065114,4098.605529007328,4098.819449508,4083.1518067397446,4101.890913968927,4081.0503624647145,4084.877581058046,4086.2806828032485,0.0,0.0,2.0
1696836358.3359375,811,0.0,4081.2040443484793,4083.035232071133,4091.701768152307,4098.423437968467,4085.591302646251,4119.537851215798,4102.844066315578,4106.7601746156815,4114.748007064493,4099.779753107009,4083.7850639042977,4094.1376115593407,4105.560348561161,4114.978335191862,0.0,0.0,2.0
1696836358.34375,812,0.0,4116.236842440988,4115.619211833224,4087.1213949747785,4111.659232627762,4118.454641356254,4080.0150707777652,4088.9799897098706,4102.136731751872,4113.436853866777,4089.651927951358,4103.04643559762,4095.555773715703,4086.171131153152,4087.7239396092205,0.0,0.0,2.0
1696836358.3515625,813,0.0,4099.869062157436,4091.8177501983846,4081.3650844111407,4093.762057342506,4112.213995142175,4113.956255909665,4109.716510888812,4109.712425865708,4094.7767541066287,4101.978705756815,4108.2702504686695,4082.7595911813373,4117.971957296853,4089.590835546554,0.0,0.0,2.0
1696836358.359375,814,0.0,4104.040990263219,4111.050624787299,4116.481479062413,4088.734825750549,4119.580499006469,4106.123557197501,4115.957913857473,4093.0692604578844,4104.771044843592,4090.1578856646074,4089.325995746706,4119.744320878922,4106.49219422688,4113.966622232776,0.0,0.0,2.0
1696836358.3671875,815,0.0,4093.9856478617226,4080.647593592101,4080.913251998173,4098.844718144717,4096.859341271074,4111.8411545078625,4102.658309133168,4116.919866289745,4095.534512704287,4101.192724850771,4108.512241456647,4099.539864172664,4107.069200574793,4098.488929969218,0.0,0.0,2.0
1696836358.375,816,0.0,4118.111265464448,4111.031684906319,4088.2321782110826,4100.47588524296,4093.0145023892755,4101.791061358818,4086.309201423283,4096.677193629652,4083.2132434463697,4096.31244815716,4115.462052672383,4117.998540283831,4096.761310379375,4099.684525424373,0.0,0.0,2.0
1696836358.3828125,817,0.0,4109.13458327938,4114.259858717206,4096.911627620945,4116.314371097881,4103.005660054106,4098.713178847684,4090.6701402511894,4114.957996159403,4094.764205259376,4119.427484987657,4084.508948110942,4083.9019157462794,4095.713388420433,4108.652526613507,0.0,0.0,2.0
1696836358.390625,818,0.0,4100.925013787658,4085.364900764325,4094.0780081386397,4096.258464788672,4088.6525290404284,4094.07480404459,4118.843769145022,4088.408530436475,4105.6341403660745,4091.2507845007426,4090.0643835341657,4083.0988205911826,4118.834943461494,4110.536329739767,0.0,0.0,2.0
1696836358.3984375,819,0.0,4109.716623963073,4109.8310390378265,4110.785272799626,4112.642912488354,4080.0607685917653,4109.246033165423,4090.9769595495854,4118.784247640185,4098.242176095656,4105.106345895223,4088.86952153984,4097.456736046426,4086.5214624330297,4104.923601941076,0.0,0.0,2.0
1696836358.40625,820,0.0,4084.5475476930096,4103.876512233165,4090.6538761936795,4110.971494595638,4102.8911427955945,4095.738270342313,4109.016688145535,4111.498651408033,4105.865374966822,4087.4774304292605,4104.156586673666,4111.427596638226,4119.5752796028655,4088.8294826277447,0.0,0.0,2.0
1696836358.4140625,821,0.0,4104.802232704321,4115.847469969287,4115.319468317847,4107.720635934502,4093.089021114726,4089.402086967873,4083.078607605207,4112.334135058125,4089.7039121947614,4102.868676121669,4085.8870531901307,4085.509290978447,4102.791623410955,4080.976170994722,0.0,0.0,2.0
1696836358.421875,822,0.0,4095.39276820573,4096.073850885773,4094.470700541649,4100.109768559471,4087.622301314516,4094.592747373808,4083.2725656448315,4098.839118132369,4105.925265007103,4116.656685865184,4118.518237032795,4085.4706560560558,4089.083324204766,4096.0879779405805,0.0,0.0,2.0
1696836358.4296875,823,0.0,4112.333757804343,4082.279188979003,4093.761541798071,4101.473944666966,4081.47483720658,4116.3867272879015,4101.138723706615,4082.238657962196,4082.9291335496387,4107.148893826271,4093.587557529113,4115.6463820827,4081.6558777887312,4099.011012660886,0.0,0.0,2.0
1696836358.4375,824,0.0,4087.2496911996004,4084.6505545940126,4103.687926020345,4112.369744447362,4107.285703946051,4098.45310143668,4091.0188240623716,4091.561270498127,4087.668169886644,4100.477031113157,4106.788432317619,4107.569988019258,4118.836631969294,4097.625603916547,0.0,0.0,2.0
1696836358.4453125,825,0.0,4091.5227446092063,4084.7702265222442,4102.080947908327,4115.109207652445,4083.6238780805393,4108.31308374461,4088.2218546620966,4118.160989441111,4089.740021135917,4108.650526245024,4118.322134528912,4103.154022078536,4087.8996434623878,4085.16431480323,0.0,0.0,2.0
1696836358.453125,826,0.0,4085.925406569322,4102.794344305334,4115.360704428481,4080.410527562422,4113.994071855239,4083.6368913499364,4091.6984305910596,4091.972236059105,4086.6758305963235,4112.527804062513,4109.014989030073,4092.8340327898145,4086.8499154088304,4111.753118621033,0.0,0.0,2.0
1696836358.4609375,827,0.0,4082.473345109758,4110.510295920549,4103.359011404366,4105.574327959463,4085.493299436388,4103.20308639804,4099.554164028432,4105.975008815599,4098.880108545371,4084.006623315499,4088.031708624851,4116.420985469094,4093.2607649116026,4097.763815807163,0.0,0.0,2.0
1696836358.46875,828,0.0,4086.109234171093,4101.384853289505,4101.628407636522,4113.310480296413,4105.100763363393,4100.878066907291,4100.602114773278,4103.965029677869,4103.635164880679,4085.621348058654,4117.507072914051,4090.6434507403437,4112.463631154317,4114.318718650658,0.0,0.0,2.0
1696836358.4765625,829,0.0,4112.562280017667,4092.66017754432,4111.389886309344,4081.313926449542,4102.1772716639125,4087.2562181671924,4110.118028731263,4116.797622044574,4094.1705053659966,4108.885848411047,4082.9840713744024,4095.1744154006774,4107.030305039974,4117.347115778531,0.0,0.0,2.0
1696836358.484375,830,0.0,4095.1721807361128,4085.998266124516,4096.707294616083,4112.111192615345,4089.5480614409266,4102.8844829545105,4102.819433317051,4105.067795233285,4114.739496941663,4112.730800398436,4081.689930230661,4115.910682549062,4102.868072889079,4114.595063781768,0.0,0.0,2.0
1696836358.4921875,831,0.0,4092.9316894478043,4088.4954950709116,4106.786045424972,4108.930470058904,4092.339096517431,4111.875065647142,4114.060203411501,4090.467800295265,4115.448068738555,4117.639461133813,4111.216030370964,4113.420387585867,4087.280058141678,4098.643295790389,0.0,0.0,2.0
1696836358.5,832,0.0,4117.1437858236695,4085.3916369796134,4087.612548771094,4117.892530425071,4098.156086896384,4092.32693610413,4105.561527291346,4110.668300123177,4109.257196442718,4113.655196368826,4081.4230975936503,4116.020380465123,4084.1472568492627,4089.522115899165,0.0,0.0,2.0
1696836358.5078125,833,0.0,4093.231708512705,4103.74472069657,4101.781962159871,4091.6420290903475,4101.705690969533,4104.445454127127,4112.87589396071,4116.209882510544,4116.630559386071,4113.273924843973,4104.162735308481,4085.5999587975657,4119.99384944525,4107.875014477616,0.0,0.0,2.0
1696836358.515625,834,0.0,4099.97882800148,4096.378114154615,4115.973601787233,4119.292622660331,4106.513531126393,4103.022146042307,4113.772446839195,4084.3534364467573,4082.4427465689846,4083.6678720746877,4119.2002978420405,4083.095793916751,4119.922236137205,4093.984418291262,0.0,0.0,2.0
1696836358.5234375,835,0.0,4097.2950113828665,4099.984031589604,4106.4829586411415,4102.122730343538,4115.32772306817,4104.7931776637415,4116.822460603214,4091.8037546856717,4101.13347218056,4118.352749456006,4111.320985037699,4097.261652086113,4099.55904676246,4103.386847491502,0.0,0.0,2.0
1696836358.53125,836,0.0,4105.600960798302,4108.934495374528,4087.7919790672413,4117.568830106033,4116.573405221178,4112.633176365125,4084.9272267989045,4098.7634428083475,4107.009971789045,4111.295564927241,4100.671239189624,4105.194575489278,4108.672932342027,4117.462410708852,0.0,0.0,2.0
1696836358.5390625,837,0.0,4082.5549993756795,4094.169821767368,4087.1657055452606,4092.7029054414543,4103.2756818507705,4107.092867143429,4112.305296159314,4118.951579881962,4100.099377939633,4095.5517529094773,4098.281918623374,4083.4885834103534,4080.237446881316,4118.348430661572,0.0,0.0,2.0
1696836358.546875,838,0.0,4109.9146503489765,4094.1885181288135,4119.881849286268,4119.742739084155,4104.533357997982,4107.796780621064,4101.381891489291,4093.7713146431606,4080.5593097111546,4091.3703348082,4103.032443846891,4117.970977317683,4116.003054300776,4100.128846156165,0.0,0.0,2.0
1696836358.5546875,839,0.0,4119.390973896967,4084.590321625556,4094.1489529049572,4116.0397539294045,4085.5486505464064,4109.2485267841585,4118.571579260964,4097.121143268626,4102.940845971202,4104.302708270661,4084.6495870748563,4099.839717621025,4116.406363190962,4119.431298959672,0.0,0.0,2.0
1696836358.5625,840,0.0,4083.1259889289845,4106.133926527353,4109.715062946721,4092.5464962865276,4108.096188235114,4108.975841176828,4087.1956102187664,4114.636138435618,4103.90316951156,4085.200340087648,4116.151302342413,4106.2061692417,4096.4779500817895,4094.601963538915,0.0,0.0,2.0
1696836358.5703125,841,0.0,4096.902002756102,4108.381043022119,4111.491110132964,4092.8955149466337,4092.628332194216,4083.6096286331995,4096.435266477278,4108.2838780379325,4102.691175724845,4082.5796999886793,4081.9863132483815,4111.764938834568,4115.8778635067665,4096.421996570452,0.0,0.0,2.0
1696836358.578125,842,0.0,4083.704928235074,4082.7370969122044,4104.321209576214,4087.687337770182,4081.719407258861,4114.65542113622,4106.826820359629,4100.99168076551,4082.8052127611304,4116.5970565103235,4103.341855902146,4106.802954510411,4083.359294276726,4107.4690547551,0.0,0.0,2.0
1696836358.5859375,843,0.0,4098.8367336367955,4101.737406991732,4083.604776853332,4115.620759565395,4087.22873866038,4102.846867060361,4116.572026421319,4118.579849642906,4113.730860958577,4117.458592878813,4106.1550791374475,4102.666476437979,4113.516694778882,4095.6156995026777,0.0,0.0,2.0
1696836358.59375,844,0.0,4080.5212115978425,4108.391338394904,4118.849104752517,4083.3364702585254,4085.984235837021,4108.6299785998635,4110.1396842998565,4104.557655773368,4082.990929264239,4088.3376402552226,4101.72356290272,4096.220083995152,4114.849068174216,4097.907146266713,0.0,0.0,2.0
1696836358.6015625,845,0.0,4113.765285923017,4105.598951037255,4096.7537452819015,4081.6286011189923,4085.382700951001,4110.578901026108,4110.635157602583,4095.9144187145844,4091.122938504667,4115.28277732028,4096.856997026629,4086.2340619838005,4119.919899499249,4102.655377303083,0.0,0.0,2.0
1696836358.609375,846,0.0,4096.946925259222,4094.0079086724327,4119.964007196016,4119.395158159854,4096.662885371003,4113.931961282416,4117.307198709545,4101.152596459891,4101.4635991660225,4113.805004170017,4084.4721266973747,4080.868414924766,4110.377614657374,4112.258770348874,0.0,0.0,2.0
1696836358.6171875,847,0.0,4103.223089074681,4109.602368971068,4094.4343219385114,4104.796318948436,4093.0439242306747,4102.1279137853535,4113.1482472269,4092.036947608291,4098.2913736536475,4112.027712658578,4109.45041804136,4113.516600800788,4099.757850257238,4093.7760934225125,0.0,0.0,2.0
1696836358.625,848,0.0,4115.62839927018,4101.901467772699,4112.9313785143295,4095.1453616210256,4098.0569723264,4092.278564974525,4112.9071927409495,4114.449244285328,4097.338114431968,4089.8444204495454,4110.194015561626,4097.40054842788,4113.062590277953,4112.0783857071565,0.0,0.0,2.0
1696836358.6328125,849,0.0,4105.310637868779,4105.55766916774,4087.765244559387,4115.958979142336,4087.8803120617445,4096.027065709236,4117.6730736793015,4080.5004526496605,4094.2745884192514,4105.997466785054,4087.849171404021,4097.05275959486,4109.132968220397,4086.6561746194798,0.0,0.0,2.0
1696836358.640625,850,0.0,4103.43750045622,4107.656015031561,4095.340131625501,4082.2434420286704,4082.971191334208,4100.368959436649,4117.9283778234185,4082.396991871055,4119.026446672217,4087.9593654818696,4090.6576828236202,4100.487605028584,4109.789457106218,4092.4245155747476,0.0,0.0,2.0
1696836358.6484375,851,0.0,4118.431827568203,4118.008237445833,4094.90187416805,4118.505486501839,4083.6494689611923,4104.145412826952,4116.328692836715,4104.718120572893,4091.645516541148,4095.860151704005,4116.599273956807,4092.8795612353806,4115.743775378199,4090.8292557170384,0.0,0.0,2.0
1696836358.65625,852,0.0,4102.546259958896,4101.749446833415,4100.970745019502,4102.476559208011,4117.19206117992,4089.4374043320545,4110.671224697574,4107.223890023633,4098.828559888242,4105.380905215638,4084.8355636549345,4117.395894188192,4116.1638753852685,4117.542415615972,0.0,0.0,2.0
1696836358.6640625,853,0.0,4086.564523140319,4107.963848558945,4083.8348955449183,4103.112292619291,4101.487383592801,4080.6244462953982,4109.908153852945,4101.667186501772,4098.856598622993,4085.746061623794,4104.285014845028,4092.4028058770537,4103.152200759936,4085.543492490754,0.0,0.0,2.0
1696836358.671875,854,0.0,4094.8069891989044,4116.08196036344,4087.8750541349154,4095.9096988016763,4087.454256722299,4114.160313863766,4084.3365623487675,4083.6669743658285,4086.7422407386657,4102.223110269751,4096.7215468604645,4094.3600529519194,4086.3787306713907,4105.637394778745,0.0,0.0,2.0
1696836358.6796875,855,0.0,4102.57748238543,4081.5127520790143,4093.757206711432,4110.92264357801,4080.8958337227396,4110.153845634279,4115.734917135343,4087.6766076561566,4091.157105625042,4080.0141110532736,4102.5715721153165,4085.9029287141284,4112.178122605125,4099.805062363712,0.0,0.0,2.0
1696836358.6875,856,0.0,4086.8782357885207,4105.556780498545,4107.630851183179,4101.017103069351,4087.144556335525,4104.060777860261,4094.762164356159,4094.1390301174088,4114.418577420909,4097.756033843583,4085.351244734521,4116.086362134727,4115.354299312228,4105.279675393677,0.0,0.0,2.0
1696836358.6953125,857,0.0,4118.180085269704,4112.563596372941,4113.398042167043,4097.849511418551,4104.085482182926,4109.523736312122,4098.551600325483,4085.11921140898,4105.207155064612,4086.764956799847,4104.237604958993,4091.548038711804,4094.367215694007,4082.446308728913,0.0,0.0,2.0
1696836358.703125,858,0.0,4090.7905057336116,4110.740987837597,4113.323229393898,4089.509918517577,4109.7592302116955,4109.957451424093,4118.302587391615,4106.053321221878,4080.7756481438128,4096.625600466763,4084.7216469132977,4087.855496195921,4106.953855268712,4093.1601913761433,0.0,0.0,2.0
1696836358.7109375,859,0.0,4080.5999389069893,4100.660876028116,4082.611549943893,4095.2806987761505,4098.946960976944,4115.849182525218,4092.372810879342,4106.822661408787,4098.970416454827,4080.4203224039306,4103.893822517509,4101.01070346087,4105.313268048711,4080.1197881985645,0.0,0.0,2.0
1696836358.71875,860,0.0,4101.035733554538,4088.5867692793154,4080.6622822718314,4101.812000366414,4096.829632229001,4115.52890233408,4112.756538750401,4080.0964513593526,4118.632060047515,4105.206752880135,4082.018491796363,4097.4757050633525,4106.454951366173,4106.618503436901,0.0,0.0,2.0
1696836358.7265625,861,0.0,4111.860147842514,4108.136329796739,4097.917209916881,4085.010337085322,4102.103111071192,4103.376827434036,4109.330119336584,4097.977215714481,4088.358783208389,4109.334356116291,4116.134257072605,4093.9011234173063,4103.5502090247655,4100.467900406694,0.0,0.0,2.0
1696836358.734375,862,0.0,4084.100770518227,4101.035279871738,4110.613536842682,4090.4129599741423,4087.4488225077325,4110.567907044474,4101.557221736208,4084.79100383373,4100.533816683022,4109.109683287053,4093.4553407199724,4097.979765194107,4091.4051347074446,4109.571353776074,0.0,0.0,2.0
1696836358.7421875,863,0.0,4090.582421257227,4083.646067459836,4101.385868669505,4117.953935938377,4093.544243867236,4087.4756905407967,4107.005414932429,4095.182252521481,4107.251490796212,4113.133327600766,4116.00796911316,4118.102949021964,4102.557412078632,4099.763344292569,0.0,0.0,2.0
1696836358.75,864,0.0,4099.050115560745,4105.207721074047,4087.937342259142,4112.314103840042,4115.802325482596,4113.930347625612,4095.7684410460697,4107.236214439891,4100.902409622581,4117.5951903020705,4098.918231402649,4092.915165799983,4100.0615216904025,4118.863741324463,0.0,0.0,2.0
1696836358.7578125,865,0.0,4088.6417137082185,4119.504562072494,4094.411023003685,4112.187955976513,4083.392601104259,4119.468942791436,4103.059499822528,4087.676623709796,4117.663893863008,4103.009378396069,4102.971860559387,4093.1463207165693,4111.979823088881,4099.322181978418,0.0,0.0,2.0
1696836358.765625,866,0.0,4117.964068956025,4098.758205744326,4091.867975351483,4112.42829159516,4109.391857798444,4088.323615913472,4116.463967546303,4102.332854103935,4110.883846143659,4112.27531569757,4087.8750745962366,4090.7306492145062,4087.570900554258,4100.604451063518,0.0,0.0,2.0
1696836358.7734375,867,0.0,4115.335524490945,4113.222908150334,4107.5655378699785,4105.37136566032,4104.030134880592,4083.9263686470804,4098.493462601676,4106.152067828516,4116.2426966949215,4089.2826365860487,4097.357301673975,4090.2115453701476,4095.7788188293716,4100.254642674343,0.0,0.0,2.0
1696836358.78125,868,0.0,4099.412188910836,4085.9788314686816,4089.590173918216,4114.936187671929,4096.227966842237,4104.145104805739,4110.402955013889,4083.6789915698064,4106.7064018925985,4117.703853775897,4118.994836164872,4088.5196222275067,4088.5031799450653,4100.201700048236,0.0,0.0,2.0
1696836358.7890625,869,0.0,4083.033417652271,4100.650397748519,4081.2183989718433,4108.38712881227,4096.635979385817,4114.679781584836,4114.475169238291,4112.150151764426,4101.146096875227,4107.450904876494,4100.768552901285,4087.8028673515532,4084.8276261325504,4114.604462874446,0.0,0.0,2.0
1696836358.796875,870,0.0,4085.8410166133094,4115.056338894288,4090.298300293513,4103.144724182139,4111.83124115218,4085.170507968591,4089.8546763675768,4118.064387576854,4097.191140897657,4092.0055871058476,4084.436826535988,4098.686703479549,4095.5098166141565,4097.44378113493,0.0,0.0,2.0
1696836358.8046875,871,0.0,4086.414050687425,4096.293069542896,4090.483892698828,4107.852132784315,4083.531274027959,4083.8999308054154,4117.025850135249,4105.169899310123,4106.488110339868,4117.442543907192,4088.894328342007,4113.357507118085,4107.055404479888,4098.92368584198,0.0,0.0,2.0
1696836358.8125,872,0.0,4101.510260682271,4098.777065305653,4082.687228549392,4101.34137950944,4098.48528716454,4083.45569397636,4116.449668021493,4116.877317827369,4083.619040777641,4088.3024480524846,4097.541547489361,4102.420446442633,4090.905477091038,4088.33636730187,0.0,0.0,2.0
1696836358.8203125,873,0.0,4088.4144813607413,4102.3609125391395,4105.830821984571,4086.7758622082065,4114.311512327854,4110.851762450116,4087.513460663261,4096.105833981426,4089.564716429016,4107.534640384246,4097.852274984335,4091.5443898924254,4118.862732603806,4095.274418800667,0.0,0.0,2.0
1696836358.828125,874,0.0,4095.9041236933713,4116.873901779929,4095.47209984225,4098.209491768228,4090.105007838534,4118.645073132771,4111.544367722399,4093.934115425078,4085.602904303275,4098.259000454479,4090.640304083744,4089.4490994394528,4089.286240344212,4103.594849459004,0.0,0.0,2.0
1696836358.8359375,875,0.0,4093.81509830325,4080.566150404781,4103.915750277879,4100.521230457406,4112.316044321777,4109.319289822807,4102.723373656018,4094.063496266105,4081.2722031960648,4108.998705140154,4111.200735701552,4118.076956925309,4083.969979826448,4101.189691056894,0.0,0.0,2.0
1696836358.84375,876,0.0,4106.2089002443445,4093.1786912716598,4110.738457430334,4091.9439998164607,4087.175702181643,4098.090321047709,4082.6367048467487,4109.824697649494,4108.8711473205085,4087.803647796638,4083.1657853393863,4095.1227481690416,4093.292746142206,4111.039507693192,0.0,0.0,2.0
1696836358.8515625,877,0.0,4114.503005222084,4090.7424133297454,4089.118864605406,4080.8924546911994,4098.79899288789,4080.9273688465887,4086.3815085977567,4109.132131261467,4118.398326927988,4083.994548382122,4088.145665383803,4100.8136208521555,4092.601672292814,4086.4055533898572,0.0,0.0,2.0
1696836358.859375,878,0.0,4088.570629315461,4091.0164805793374,4091.78103941888,4094.521573787438,4109.267327321498,4102.533315557405,4097.557084404181,4092.5806471830324,4085.09139353677,4098.433812969582,4109.448995995077,4080.715089850909,4089.942453408563,4088.9936019704473,0.0,0.0,2.0
1696836358.8671875,879,0.0,4097.1935345183365,4085.4958975476684,4085.891785527581,4106.715199308995,4085.7926449920433,4114.78555635637,4106.670608725792,4104.279190561086,4114.867372329055,4084.2058802013225,4103.579259174829,4084.6860191905103,4114.741965180975,4110.1219392256,0.0,0.0,2.0
1696836358.875,880,0.0,4094.0829249761855,4092.1770942990797,4111.429713814313,4112.670901740704,4087.490675047444,4119.889397267858,4099.382187172356,4080.6781674611,4095.7893464435383,4095.889795689409,4088.847244732159,4116.242179460329,4089.9703121696857,4097.318011244951,0.0,0.0,2.0
1696836358.8828125,881,0.0,4117.371443276228,4117.406162156596,4084.570026548407,4110.926131417299,4092.482781036223,4081.2474872724342,4111.364994863428,4085.8533845231796,4118.844638193891,4110.007779300441,4105.0624805548,4084.429837229813,4111.856628381723,4104.836570270531,0.0,0.0,2.0
1696836358.890625,882,0.0,4118.355136192423,4112.098454910048,4087.953508735476,4100.106733216119,4115.429363761148,4095.02800522978,4086.991417615915,4085.9521073850783,4102.318184628587,4101.740921630804,4114.268263089136,4113.438642197603,4107.989026000874,4105.6924271862235,0.0,0.0,2.0
1696836358.8984375,883,0.0,4091.116421742985,4119.125704150427,4108.663239544258,4111.890850623443,4096.708173843094,4112.018098668697,4105.104303661176,4112.955406448534,4116.955980649171,4104.923517157391,4110.315631872947,4091.6548742053787,4115.221958518026,4118.063199925867,0.0,0.0,2.0
1696836358.90625,884,0.0,4080.224009751884,4108.533121990712,4116.06025176709,4115.985536004647,4096.450934788937,4111.496218139032,4113.40951741582,4086.8226830263548,4106.135403665259,4099.033731373948,4103.027512029872,4113.304216500077,4114.497824943739,4082.1102922026284,0.0,0.0,2.0
1696836358.9140625,885,0.0,4110.650828746794,4091.003392597933,4112.9283914085145,4083.448111957341,4104.498337024012,4086.2279736822147,4105.614475734044,4098.993355676903,4089.807351295358,4116.97466129588,4083.741095705068,4113.064307773214,4101.393187665629,4081.7869169879423,0.0,0.0,2.0
1696836358.921875,886,0.0,4087.919850980805,4102.616368059995,4101.736808912303,4105.725751687267,4101.371554393719,4118.452658270353,4102.388129063943,4094.549334327299,4083.0436740953555,4099.625874215025,4110.942255059819,4085.6183997697835,4111.139083834228,4092.4400331563957,0.0,0.0,2.0
1696836358.9296875,887,0.0,4080.2103736475397,4095.634178181132,4088.387486393675,4116.484505525811,4103.007820332721,4091.354455260216,4097.251488013117,4113.28462744362,4107.546623831562,4094.0730614461804,4105.7462296646545,4106.80937764737,4098.451038389385,4094.0385656528065,0.0,0.0,2.0
1696836358.9375,888,0.0,4088.4244050046163,4110.678076492507,4109.984998510879,4095.160895518237,4095.817970253698,4091.705873957039,4108.812409039571,4083.8250466110394,4113.8262833769195,4105.0808708477425,4090.32988236264,4099.083430625539,4098.116867328951,4117.735318865536,0.0,0.0,2.0
1696836358.9453125,889,0.0,4101.982979735308,4109.720719930693,4110.181056963234,4101.0536732145065,4095.986548343055,4107.150483203216,4103.358000373673,4114.765128102023,4115.0258053234975,4110.08421663921,4083.587522739531,4097.998420243402,4092.168207100031,4114.274693369181,0.0,0.0,2.0
1696836358.953125,890,0.0,4086.6748635637696,4082.089631698352,4087.5363578249903,4097.3658307522965,4081.166345834389,4093.2997723493495,4085.4736851226626,4101.389660164301,4093.0771164570083,4116.731166181677,4110.025701473478,4112.872616712831,4104.375231738986,4103.231642675328,0.0,0.0,2.0
1696836358.9609375,891,0.0,4101.768238062808,4085.701732557271,4096.812574888189,4080.7560260971313,4112.687084582987,4113.684180532293,4109.810067846305,4109.433091400282,4111.756011906718,4081.868010664515,4082.549987876359,4099.304165334687,4100.921116571808,4107.60059725639,0.0,0.0,2.0
1696836358.96875,892,0.0,4082.82742962068,4116.216403107418,4109.107053511431,4087.641581987255,4088.5330629699665,4110.978323481538,4082.6789667093094,4098.069213713679,4113.16955585466,4117.486703548218,4101.8710610867165,4085.2175545222713,4084.5742225331232,4117.606801155813,0.0,0.0,2.0
1696836358.9765625,893,0.0,4085.942531277077,4119.546992780579,4104.304291583515,4110.203563386393,4095.7325959612954,4087.695855825792,4107.385865612595,4096.507493658018,4106.395346254467,4115.772819106282,4096.646655561169,4091.05571662318,4093.4877425043424,4100.678731847946,0.0,0.0,2.0
1696836358.984375,894,0.0,4116.567812146175,4110.062072545435,4093.7433360540836,4104.874353769769,4096.601970036436,4097.526914487998,4107.748873352523,4086.1245621962203,4084.6092729742836,4101.2313174747105,4101.501098482893,4080.797139810881,4106.806304160594,4084.5774160737496,0.0,0.0,2.0
1696836358.9921875,895,0.0,4089.3642018066143,4112.977098094394,4088.289598469277,4089.4354516020494,4099.003612750346,4104.212642016076,4088.501792097959,4103.131678442207,4092.8759180417205,4099.250199103411,4097.380959549922,4093.528785368628,4091.5860506789318,4096.959556536609,0.0,0.0,2.0
1696836359.0,896,0.0,4118.249328790615,4107.128846604621,4100.6627413306005,4087.418799699182,4092.572489101277,4098.697284325085,4113.930485403979,4114.933622692689,4085.441434443043,4094.9453788587753,4112.629766986757,4083.7468284408747,4091.464556024414,4104.918874105002,0.0,0.0,2.0
1696836359.0078125,897,0.0,4096.476857530696,4099.196111906375,4102.593531327431,4119.814240320065,4097.4337365639285,4091.7832566775705,4116.681257698037,4080.1266852930585,4111.361789568545,4105.314616283589,4081.584895684367,4089.5274383252627,4091.6350378787592,4086.225463918027,0.0,0.0,2.0
1696836359.015625,898,0.0,4089.112990856195,4113.824974039249,4102.985199349204,4091.2935542586592,4085.4877046228103,4089.9358590626393,4099.786470327552,4097.266008914368,4105.623156770154,4111.816611637981,4115.080183093998,4081.9767440080423,4119.339766677405,4091.382888732931,0.0,0.0,2.0
1696836359.0234375,899,0.0,4100.377492314841,4084.500937423216,4108.82093961181,4101.700425475821,4090.1306913575313,4112.587102718198,4100.7393754639525,4083.3906662050153,4099.985723138093,4088.22477944769,4092.832946612506,4090.6211495664993,4091.4705334393975,4098.159857127948,0.0,0.0,2.0
1696836359.03125,900,0.0,4082.192852426008,4090.258743223886,4090.482998331978,4118.484181406209,4112.78271648619,4084.529592277875,4094.6302737007863,4100.338662587041,4096.294870971403,4111.614632423029,4080.9169170080418,4099.28703358929,4103.780451352721,4099.861866224309,0.0,0.0,2.0
1696836359.0390625,901,0.0,4113.1542944545745,4103.279219695613,4085.2545415081736,4103.389640422282,4099.417472118287,4093.7335467781613,4103.77994803931,4110.302465126895,4114.831422109956,4087.7360454437544,4085.352983768769,4116.643136220226,4103.30530551917,4080.159201055962,0.0,0.0,2.0
1696836359.046875,902,0.0,4112.520808455835,4100.672924865568,4113.760964883187,4096.7912451380935,4114.81181340819,4095.92068627367,4106.572744458246,4091.492522177128,4101.978683047032,4119.418797113987,4102.2120701632875,4105.508892467428,4114.2426637279905,4116.186182959112,0.0,0.0,2.0
1696836359.0546875,903,0.0,4110.960315978328,4115.549576176774,4082.2113612613985,4118.584671405456,4086.7253388627755,4084.713197980246,4095.75893121509,4086.179122504762,4084.0893877721933,4099.477622456271,4111.185302566868,4089.422241776176,4108.472252956468,4087.38090073122,0.0,0.0,2.0
1696836359.0625,904,0.0,4094.907565284302,4107.435304070462,4087.7186377552184,4093.844394627491,4090.0364306608703,4100.883300933538,4092.6590563235836,4086.069336403484,4107.4400089517385,4099.824481825824,4118.170443771019,4105.561140661724,4112.210762947005,4099.031304804159,0.0,0.0,2.0
1696836359.0703125,905,0.0,4100.14949090365,4085.7042082850694,4098.95407018389,4117.742548398885,4110.253401467404,4105.814076441366,4084.452587699103,4104.519570220324,4104.510928979228,4101.478800539351,4119.0322035147165,4085.7674084396053,4103.636933842581,4085.6893982123443,0.0,0.0,2.0
1696836359.078125,906,0.0,4095.2378772424136,4083.8216985987465,4115.44583726265,4090.210473243444,4097.820788689866,4106.526185570603,4083.291792294602,4116.210470984872,4100.930734728566,4080.372937800752,4098.49304743797,4091.135897489081,4096.476847887736,4088.882682381056,0.0,0.0,2.0
1696836359.0859375,907,0.0,4104.2930718736125,4105.210122903424,4095.7730520801856,4096.260316237676,4111.400061847612,4109.51037597823,4081.5923022727143,4087.4300620411377,4103.530486106901,4095.424843288386,4118.721028093977,4104.878841685898,4115.166265124697,4083.820113121341,0.0,0.0,2.0
1696836359.09375,908,0.0,4118.012052683376,4118.00585009108,4101.405930123084,4118.309344609219,4082.07653037262,4096.564680205493,4106.428848853055,4089.0229631151024,4082.116576381411,4111.567211601733,4112.4914318686815,4116.823532058544,4106.90259817597,4080.363597309594,0.0,0.0,2.0
1696836359.1015625,909,0.0,4101.747988868425,4100.679724900286,4106.256128881806,4099.1810788713965,4080.2610150161345,4109.400393640062,4119.848403186597,4090.611542539421,4115.108225605324,4094.1497079465116,4105.380977340486,4111.860139841965,4111.8930522338405,4113.35691387414,0.0,0.0,2.0
1696836359.109375,910,0.0,4084.986861380827,4085.2367905961664,4095.408039093675,4108.335805923496,4108.941675226495,4117.847469829376,4107.58906876005,4081.421019863542,4116.922859435674,4088.643453613086,4081.201363160769,4119.460663470452,4102.423235875611,4081.486618108942,0.0,0.0,2.0
1696836359.1171875,911,0.0,4094.884350902969,4098.9653601941245,4114.34005204825,4099.701537784415,4105.431164919988,4102.726196605448,4080.6941535704086,4113.063419886854,4101.49961849373,4114.086245978182,4090.404830653086,4101.945894169838,4088.559664060159,4112.647214894908,0.0,0.0,2.0
1696836359.125,912,0.0,4081.076193190845,4115.321648614161,4107.279683946955,4082.8818113725983,4108.18423284254,4083.6181408655284,4081.3999498878497,4082.8912343050774,4091.084810474351,4084.9598671100416,4118.446588960181,4099.763340132543,4116.550566367906,4105.481572193165,0.0,0.0,2.0
1696836359.1328125,913,0.0,4110.580161698908,4097.764128400767,4115.894603377253,4103.911642026759,4114.436756404463,4113.765281806506,4088.8570178541613,4099.445709261847,4110.504301755394,4086.40999307245,4109.792564274992,4085.1696820825555,4112.009262549545,4108.777211933953,0.0,0.0,2.0
1696836359.140625,914,0.0,4083.760605265333,4081.809778491709,4087.3211216707446,4106.891230377088,4093.5706418806826,4097.596395205089,4096.546410687661,4109.313074056425,4093.5262893562053,4104.501879204434,4102.012068154381,4112.40320001079,4105.827850111373,4098.45098177164,0.0,0.0,2.0
1696836359.1484375,915,0.0,4097.496057017518,4114.582785057088,4089.7783338349723,4115.143687051391,4087.8405997091922,4106.429101290109,4093.654172907031,4110.33267299611,4104.9258584374575,4084.143042433677,4100.318467936508,4104.617347903862,4084.9319815233443,4101.904051614511,0.0,0.0,2.0
1696836359.15625,916,0.0,4090.80683868433,4095.0673548234217,4109.505367526393,4085.1227189043807,4086.308027689694,4081.0390904789065,4093.2770669878673,4101.3043980890625,4088.872446154438,4110.228212888953,4097.06729046042,4098.347049042558,4097.4792472800755,4099.978503143622,0.0,0.0,2.0
1696836359.1640625,917,0.0,4090.7681730301056,4080.432163195416,4101.048673037768,4095.6953845301123,4104.030201776586,4114.235243413872,4105.704059015316,4087.458998686128,4112.263021056429,4108.098824980486,4107.651633105977,4107.036868408379,4100.181833439631,4096.837484234017,0.0,0.0,2.0
1696836359.171875,918,0.0,4096.097486402786,4112.466198408072,4108.41464779982,4094.9831926037614,4107.796360632773,4112.44346401826,4081.0520361152553,4113.884698407817,4113.793042057199,4097.285903494045,4093.166817592191,4090.577079497892,4117.857709724478,4082.9679603214468,0.0,0.0,2.0
1696836359.1796875,919,0.0,4083.9434050745654,4107.258808823366,4093.919811697718,4116.4029926444455,4088.299898506187,4101.967544158935,4113.318403845128,4109.730127137213,4084.597311631065,4095.310107127995,4106.437576934183,4111.819482334756,4116.690813130353,4095.369040379097,0.0,0.0,2.0
1696836359.1875,920,0.0,4117.292418635856,4114.384717308491,4118.587032085668,4083.6119674701235,4091.1847955697604,4084.7594585598436,4089.8184988050666,4112.720472661703,4093.7804795122,4119.585306081993,4085.566269467998,4094.8244995159184,4110.654201542022,4100.723484342122,0.0,0.0,2.0
1696836359.1953125,921,0.0,4117.359552188492,4113.268184418151,4119.231890074816,4085.1949509068627,4114.083376739892,4081.513508806302,4089.548533050637,4101.220722285693,4113.410104176955,4115.096865777292,4088.7276528563602,4105.365222193238,4091.9296008592755,4080.198661263331,0.0,0.0,2.0
1696836359.203125,922,0.0,4090.953560548728,4090.780848561448,4113.172636457034,4093.3194143117003,4119.326368790943,4097.177658453582,4083.7824609726713,4110.445351645732,4093.952013710038,4108.758694554515,4106.142968824524,4086.299422409122,4102.140999055548,4099.405456239478,0.0,0.0,2.0
1696836359.2109375,923,0.0,4100.864957163545,4116.486785055744,4084.417132100316,4086.8214012691697,4118.488409543635,4106.080351276543,4081.3094888570513,4082.1889140138305,4111.841799730577,4111.012846752544,4084.216858235388,4107.951028866129,4096.85759278773,4100.449708434765,0.0,0.0,2.0
1696836359.21875,924,0.0,4106.811179684036,4099.650861696666,4105.807355198759,4091.3989470406254,4118.774344406377,4088.732608840121,4116.063943736252,4100.014100666128,4114.65797294843,4082.6293548259955,4085.1970845050037,4085.456637866322,4082.9001760195656,4096.027011817146,0.0,0.0,2.0
1696836359.2265625,925,0.0,4102.713737302721,4098.9790669695285,4104.506456552629,4109.038641812497,4103.801871977519,4084.5031666230357,4102.911103657167,4081.919049160149,4106.631171108724,4109.145613223321,4101.21414846148,4090.0688790160166,4113.512220873283,4095.584596233148,0.0,0.0,2.0
1696836359.234375,926,0.0,4103.653371315839,4109.224443975969,4085.5255985443973,4105.862445769196,4087.120828424176,4117.209824418937,4110.562246460624,4109.20106763548,4090.8539883394183,4080.5949751697717,4111.003688155775,4102.456041655625,4110.256637200805,4081.733697771548,0.0,0.0,2.0
1696836359.2421875,927,0.0,4106.299522872433,4110.6573199874665,4086.512255168119,4080.759162085423,4092.551826160724,4110.302684348379,4089.892262719891,4109.134451284046,4105.536481867769,4103.301091104503,4118.908663867294,4113.647065902254,4091.230177496964,4102.278060243499,0.0,0.0,2.0
1696836359.25,928,0.0,4080.430023479795,4109.324621779883,4090.5234778398167,4093.9774936830186,4113.996866264878,4117.37243642989,4117.499710898635,4113.838555955033,4081.349221315498,4091.9546114411905,4108.651248148965,4097.597821280143,4102.261555103331,4101.083478806399,0.0,0.0,2.0
1696836359.2578125,929,0.0,4114.770921010389,4080.9435104793424,4091.7963055802043,4082.3253668082425,4117.174070190673,4113.666466232213,4099.575356983882,4093.1155399285203,4093.80404075225,4104.5574110236375,4101.772854974316,4099.013076287495,4100.977294660059,4117.4971346099355,0.0,0.0,2.0
1696836359.265625,930,0.0,4098.562709826068,4112.039109611225,4111.75692618315,4102.355880512875,4091.929533769807,4092.3950506821743,4082.202962265305,4111.419930061029,4107.021292201259,4102.753872163797,4086.902742827743,4111.624326429401,4086.52327303198,4087.9451047923217,0.0,0.0,2.0
1696836359.2734375,931,0.0,4107.6860681351045,4111.041379119466,4113.203862430021,4081.952649102494,4080.73823594858,4094.0942875336473,4088.6027521696387,4110.3805995764105,4109.448795511084,4098.488422424296,4114.28255044731,4113.296242035167,4114.244457598643,4088.358823605745,0.0,0.0,2.0
1696836359.28125,932,0.0,4084.9827967400856,4097.216649705471,4118.631149098155,4100.057488172184,4108.017703791405,4090.127652317049,4097.897126959722,4095.112385991164,4109.209733873126,4119.522118438906,4085.7542104099093,4097.493356768396,4115.4219459522965,4102.463816624568,0.0,0.0,2.0
1696836359.2890625,933,0.0,4114.975787582374,4080.2402374707544,4090.756403840707,4081.341300467525,4099.3801994157575,4097.353757315864,4095.863341974835,4088.2219435598117,4094.7657494581335,4108.71181564852,4093.114488994155,4080.1303745326213,4081.6939611469074,4092.7469755659786,0.0,0.0,2.0
1696836359.296875,934,0.0,4091.627268998217,4110.018863292555,4097.428671186368,4097.5080500727145,4114.89421592515,4117.959143985155,4080.815150301583,4088.550199161936,4093.550285509125,4104.75689860734,4103.435446827102,4096.3176012404565,4114.186747794815,4108.747354255958,0.0,0.0,2.0
1696836359.3046875,935,0.0,4081.8021388523243,4093.68014157004,4094.7415079205953,4106.7094216672485,4102.935527360713,4099.116595699551,4106.401684832514,4093.9314901209787,4113.449087569385,4112.645676276421,4115.91715745755,4108.12117321348,4092.3499172956913,4084.1638191902825,0.0,0.0,2.0
1696836359.3125,936,0.0,4096.718128005651,4109.326864713484,4104.609644754303,4111.608130583778,4118.561256390326,4094.2016905824116,4095.5547993993946,4092.2917987604874,4108.625482586401,4117.3054030073,4106.504366011659,4106.649133060851,4115.254137667703,4104.533030347191,0.0,0.0,2.0
1696836359.3203125,937,0.0,4117.8992635703735,4081.951535898582,4082.252428858577,4093.542723338021,4100.527235388662,4119.056103498619,4094.8987091226563,4083.2702772890925,4109.209842366999,4101.616301582508,4104.494124433591,4100.2017662170165,4083.0503772138964,4105.9209214402445,0.0,0.0,2.0
1696836359.328125,938,0.0,4117.66008674512,4113.585245504463,4091.648528654974,4090.2424349809053,4115.619822909699,4088.7630875897767,4081.105717659501,4103.867614753954,4092.390911473144,4094.4655802271473,4094.344530779228,4080.7242164523254,4118.640886228787,4116.157600653434,0.0,0.0,2.0
1696836359.3359375,939,0.0,4084.0506843902667,4093.2622032670315,4109.371994269579,4106.833158402339,4113.476253292455,4084.3913366360553,4087.3492819488033,4095.005656394303,4080.768641462993,4100.997589760109,4086.4233402665404,4119.287358704577,4086.0133307107726,4110.370859270003,0.0,0.0,2.0
1696836359.34375,940,0.0,4116.194056164255,4115.05289888315,4107.577921070285,4102.151383726858,4082.4106431259,4097.031005479851,4090.891348545886,4092.045263820235,4115.406207373069,4094.412677138229,4087.8204523280806,4116.298335657641,4089.1548863201956,4117.1032559735195,0.0,0.0,2.0
1696836359.3515625,941,0.0,4102.459754264392,4110.4272682578885,4087.1489368705616,4111.80392170649,4113.541444688431,4099.330415453413,4116.175071239084,4083.39596261329,4116.549680261859,4093.7851745844755,4102.21919605217,4098.279261927958,4109.494242339177,4088.2974949808126,0.0,0.0,2.0
1696836359.359375,942,0.0,4086.7252891946923,4087.6482302116065,4109.215964934107,4086.1810168601937,4115.904176947997,4092.232701224141,4101.32900556736,4105.871326481292,4089.009420929558,4113.664426651307,4094.441026660689,4085.337634638798,4114.556328730301,4095.0345139684837,0.0,0.0,2.0
1696836359.3671875,943,0.0,4086.006440708026,4101.085373810488,4114.134234412417,4112.194325110437,4080.30440233516,4116.133881556871,4100.794295949596,4101.257518273261,4113.5807125054,4095.2401647475936,4119.445505202024,4082.203750065819,4113.880863246228,4096.919894209358,0.0,0.0,2.0
1696836359.375,944,0.0,4087.353505177281,4086.8717400879464,4106.6258438399045,4095.554383647655,4104.435614347852,4083.810535402651,4111.917918530068,4089.862300395143,4112.110302268287,4087.31732251762,4117.960821849606,4094.4561875842674,4088.0392219631353,4115.481959018712,0.0,0.0,2.0
1696836359.3828125,945,0.0,4080.555996467356,4086.939702399983,4106.8094937427895,4094.5951950723424,4111.876252113937,4085.7302590731956,4099.837233617196,4093.139790090611,4107.921173623101,4094.7221471727275,4094.9871072806254,4108.393325776601,4113.8489016837675,4094.0749331357856,0.0,0.0,2.0
1696836359.390625,946,0.0,4102.194984835229,4101.656706173308,4083.410055456466,4105.054059380045,4119.316189134453,4101.093937105335,4095.6114590377792,4110.162299291718,4118.698007642062,4085.8283842123474,4086.510465536289,4116.007387089552,4081.236173828069,4092.284912022378,0.0,0.0,2.0
1696836359.3984375,947,0.0,4089.6169470955747,4119.450616966966,4088.80639436955,4084.7710801145804,4092.867079278083,4082.521414793152,4102.214378764146,4107.431137574256,4083.7483430240354,4116.9478396240675,4085.3817051801943,4111.434963995176,4100.929007290799,4089.798392818315,0.0,0.0,2.0
1696836359.40625,948,0.0,4109.469146622283,4097.8840462897,4119.566773310786,4086.470442724681,4116.853613800355,4117.472155959289,4110.195649901935,4095.760342602684,4103.503011477539,4085.5801380526314,4112.092071065741,4094.56951497631,4111.400457513916,4081.724903215079,0.0,0.0,2.0
1696836359.4140625,949,0.0,4080.231948738221,4102.261615739724,4097.539415526774,4084.168681134339,4089.4348860925534,4084.3045610101844,4094.6699229395244,4101.240891640287,4112.94609334693,4108.8545588546895,4111.059827798411,4091.072314558736,4081.0891193499588,4109.646560644817,0.0,0.0,2.0
1696836359.421875,950,0.0,4103.142428730519,4084.3327992873656,4087.3654560520063,4100.703249247677,4105.88556631098,4094.5744915036516,4104.025826064702,4107.29278865395,4087.097101215899,4087.8609051496674,4082.3254742697422,4084.292076131495,4107.406984919402,4084.8268361766727,0.0,0.0,2.0
1696836359.4296875,951,0.0,4085.724716063037,4109.2063619208475,4080.506148515323,4114.079113548996,4088.146822167216,4081.8985377150043,4106.702704186433,4081.7489948930024,4100.107889283141,4103.688452176281,4084.4523383006576,4096.22507288002,4083.65017261334,4119.221701170824,0.0,0.0,2.0
1696836359.4375,952,0.0,4116.514720888567,4082.3866925145117,4089.524276573705,4095.1134298395627,4102.759650249605,4111.8508546353305,4101.685172248694,4109.106529970537,4098.18846335066,4110.332961161604,4099.253618318752,4106.685327150327,4096.944691160277,4097.565429318214,0.0,0.0,2.0
1696836359.4453125,953,0.0,4090.9862488132726,4081.9268722998077,4112.1574822571565,4116.483470439685,4108.5468634344425,4096.323481376459,4091.060334939809,4094.7692940522975,4083.7851426756506,4094.552523597479,4111.223292180064,4088.904503690415,4088.026545937729,4117.897503959129,0.0,0.0,2.0
1696836359.453125,954,0.0,4081.483938869462,4101.527313784533,4094.5677228284485,4083.318260264806,4102.25062898799,4093.875618182803,4090.4947078629525,4087.8120166520366,4104.7538468762095,4091.67021439614,4097.758233948912,4081.1557155843875,4105.192120493962,4086.8511500308528,0.0,0.0,2.0
1696836359.4609375,955,0.0,4118.713496219643,4093.6467377522285,4112.117035360614,4083.000909926172,4106.289355246508,4104.021832066963,4114.857960441208,4118.370236844289,4096.914362737057,4114.240882638886,4106.879301997946,4094.688177910071,4084.795357242088,4109.580826055098,0.0,0.0,2.0
1696836359.46875,956,0.0,4119.081393395895,4084.33646910096,4087.349615396314,4102.1806941593595,4101.996275003412,4096.5224057505875,4104.046846654705,4091.644456790576,4105.543413946254,4097.974819065015,4106.618761542145,4103.446545588203,4081.7877355397936,4088.9571426396583,0.0,0.0,2.0
1696836359.4765625,957,0.0,4095.5222941271704,4113.465962543915,4112.219359961573,4080.166349807963,4087.085057980961,4099.523166264541,4106.989965403626,4080.3999960313135,4088.2718155187504,4107.36649416885,4100.697116549064,4112.512196764944,4107.381756648601,4101.013141126922,0.0,0.0,2.0
1696836359.484375,958,0.0,4100.415490956492,4086.5523820170215,4085.9387405109655,4116.238138633904,4105.3947322315735,4083.211959018318,4114.811338112923,4090.924889659771,4112.075311730584,4096.080469240682,4088.423014212211,4097.038440168858,4119.444976315289,4083.0106021300385,0.0,0.0,2.0
1696836359.4921875,959,0.0,4101.202367813449,4108.197697198465,4082.9033718632463,4117.2341208812395,4098.179276771119,4093.7022252866336,4094.8419910059897,4101.440825637404,4105.705613716722,4082.7545697842647,4119.117462751014,4102.693930989032,4083.992446243068,4110.456942061422,0.0,0.0,2.0
1696836359.5,960,0.0,4081.063887120628,4096.596353623665,4094.0664015556445,4110.969626474144,4086.943503100862,4084.923473710067,4096.791511855518,4115.230063625918,4099.980263091579,4084.0614528274045,4107.71184279726,4099.193040502523,4113.916947617568,4087.253835132743,0.0,0.0,2.0
1696836359.5078125,961,0.0,4091.8561356890486,4117.931318547757,4111.050925923165,4112.519277831063,4096.1924395686865,4095.049560526249,4102.122051040982,4113.238012125301,4117.522191210541,4115.022391387341,4091.1176627704135,4115.582337697581,4110.184155223434,4089.313528708923,0.0,0.0,2.0
1696836359.515625,962,0.0,4087.8196857196895,4081.701856321431,4102.688530587512,4105.671904574606,4089.0522242697375,4084.9247486329186,4102.8221958985505,4116.862782674241,4083.6726934878566,4115.270699150637,4098.46512843381,4104.845262963575,4112.547022586391,4086.6284713111504,0.0,0.0,2.0
1696836359.5234375,963,0.0,4116.956154369077,4088.9391408457186,4106.449835255097,4090.5385289935266,4099.251475189071,4099.239616996319,4108.391547090773,4109.806503602661,4108.526496082932,4085.1155007508837,4119.608349459185,4105.7658524969565,4085.078625582043,4109.300962696583,0.0,0.0,2.0
1696836359.53125,964,0.0,4088.6932802169354,4095.1756030886795,4115.4463566502745,4110.935907586476,4119.555869876843,4112.804492338907,4117.282659615661,4113.470367541435,4105.003579458752,4087.6521599658167,4109.401512341381,4088.7671910581503,4109.808734596658,4096.001249349138,0.0,0.0,2.0
1696836359.5390625,965,0.0,4086.26292510793,4082.9930199803885,4103.51608428593,4106.737689111844,4110.7237235860375,4109.294474715546,4082.5498320941006,4082.6464671455574,4087.5953492414337,4118.681020296184,4111.539821966658,4081.5487995694016,4110.605157834663,4088.162571137519,0.0,0.0,2.0
1696836359.546875,966,0.0,4115.095676344088,4093.721452009429,4110.580314818146,4111.987203465192,4100.017502335987,4098.610605254051,4104.795212378327,4118.320759097115,4089.125846578231,4117.512295638943,4087.0558264955407,4119.979781606158,4088.293095415872,4109.319256883191,0.0,0.0,2.0
1696836359.5546875,967,0.0,4083.4656184346177,4086.9761713471626,4108.897181253027,4091.3694213830195,4094.3699156667485,4117.056462439594,4095.5793403831303,4089.173939433163,4090.1406197171896,4099.335989493037,4113.0262719045195,4080.887138581231,4080.2420504061747,4104.4860031356575,0.0,0.0,2.0
1696836359.5625,968,0.0,4096.934450712841,4101.918331404171,4112.25327718095,4114.328040733764,4112.919771840933,4095.795943658687,4083.35339488522,4116.147884376132,4114.9672027526885,4106.556248731024,4085.154778720872,4088.0073722325374,4116.246749036675,4094.596641382592,0.0,0.0,2.0
1696836359.5703125,969,0.0,4087.0198495438294,4098.536990185111,4092.796514431495,4099.674064719089,4092.094720740983,4098.848933436352,4106.548587087642,4104.687623901752,4115.654954271602,4114.033649129195,4087.509455484696,4092.899463896344,4087.826642050785,4100.733833589534,0.0,0.0,2.0
1696836359.578125,970,0.0,4115.646386091177,4110.940182435448,4085.189941776474,4114.314391813632,4089.3415041997496,4100.065871068527,4101.341493778054,4083.7705949636625,4089.2157534372523,4081.9813650659016,4109.135764525891,4119.32891951215,4099.2663990048595,4097.459448663347,0.0,0.0,2.0
1696836359.5859375,971,0.0,4098.1044127671,4106.010007068125,4100.418678141981,4111.063337989533,4101.167645087405,4118.931301807443,4118.968718360764,4109.4720379715145,4103.658405662164,4087.845641555743,4108.720957723937,4101.310234026862,4093.705783261584,4113.288125010659,0.0,0.0,2.0
1696836359.59375,972,0.0,4093.3252790388683,4087.7690844415515,4115.690687189464,4097.69006274192,4094.5598204998687,4082.53367910996,4119.511630545841,4095.152996723161,4089.556887233656,4118.0073342899495,4104.961095761368,4117.170569807832,4110.951978231308,4093.35886015058,0.0,0.0,2.0
1696836359.6015625,973,0.0,4109.639444489908,4111.445034583869,4089.0775484330197,4113.904463638226,4101.8397374583865,4102.957143271352,4110.597477774446,4102.049657364014,4085.5121932869856,4117.123149813586,4111.501658081177,4115.470940866447,4101.208657221842,4109.97964611636,0.0,0.0,2.0
1696836359.609375,974,0.0,4091.090076486595,4115.938214566699,4118.668520721512,4089.5476670624043,4105.438125313589,4094.683852807233,4085.655634355261,4097.05448945191,4086.670990243627,4086.8948267771084,4098.246852646919,4117.512027858975,4108.638209256506,4099.47113744257,0.0,0.0,2.0
1696836359.6171875,975,0.0,4089.8656126903074,4094.221933025608,4117.832816294531,4090.6077890751912,4094.1503318462915,4112.358635684209,4087.320303364685,4119.056389699172,4101.585422595214,4100.828180990136,4112.320379539467,4109.135720090187,4110.7482751277785,4101.203249039424,0.0,0.0,2.0
1696836359.625,976,0.0,4084.2588673024684,4103.8079453722985,4081.2781029507696,4099.428542891137,4115.5948862126725,4092.0354665776676,4103.845317038842,4100.692856646166,4081.3027501247157,4087.9621369589017,4082.6683665699,4099.574239490558,4095.6092905350733,4117.684143617459,0.0,0.0,2.0
1696836359.6328125,977,0.0,4112.48433357893,4090.052582184851,4109.663723007718,4107.303499390706,4116.921225337645,4082.9368351632547,4115.305425294575,4119.739738077229,4096.252497603058,4089.8777719250475,4107.4818544558975,4090.5235709521157,4092.5172585565088,4104.592621855653,0.0,0.0,2.0
1696836359.640625,978,0.0,4101.94942290639,4090.0994985464285,4102.071982451407,4096.991375060978,4096.588821803484,4116.9931029042555,4098.943666606095,4087.427950564611,4089.1239133927415,4098.024502950111,4096.533976332097,4117.26077913244,4091.0024613748246,4109.484156351535,0.0,0.0,2.0
1696836359.6484375,979,0.0,4083.976254847135,4080.4553489581904,4107.154862575298,4104.826546254758,4099.9223996271985,4112.310340835571,4114.055519040069,4083.498207394086,4113.832060311485,4103.795863087931,4095.943090612504,4099.673174106267,4118.9801000183215,4097.037066938002,0.0,0.0,2.0
1696836359.65625,980,0.0,4102.184951796672,4114.836652430481,4111.355151086885,4101.278997438842,4118.936144004118,4104.104224133237,4090.1561221109387,4102.200156280586,4087.8401491004774,4115.430416601347,4080.948555734244,4119.4018334602515,4119.710465662113,4088.145703732411,0.0,0.0,2.0
1696836359.6640625,981,0.0,4091.5165896343974,4094.1906046732734,4089.537125291582,4118.157016824686,4085.4061671568647,4103.27597565756,4115.199121365415,4083.2219446474915,4113.598522222277,4086.914305661721,4092.3373361265712,4081.6435688552274,4082.1170951924933,4082.239824776103,0.0,0.0,2.0
1696836359.671875,982,0.0,4080.345162845704,4098.939259392373,4107.631358259106,4082.770641661498,4081.1318070806774,4085.421974198767,4119.553468773084,4093.6384821678334,4081.2784287960485,4107.580611274481,4089.4138236027425,4101.553365025745,4107.878665573155,4115.656958422246,0.0,0.0,2.0
1696836359.6796875,983,0.0,4115.201406714679,4119.342222351596,4092.3729191776188,4082.5452079400097,4118.829687681385,4087.7115584535172,4114.548333245998,4087.4574738788324,4108.160683674604,4091.6950773945186,4106.784451634349,4118.186525511228,4109.2634961711965,4080.1437894618834,0.0,0.0,2.0
1696836359.6875,984,0.0,4106.029561353818,4087.734854072229,4114.527649108073,4104.743244253081,4095.5886997678754,4091.5360687989305,4095.7832788405512,4091.4847783540076,4102.836327228154,4094.6658827701217,4109.792667757304,4101.918278887094,4084.028829152434,4104.945616564799,0.0,0.0,2.0
1696836359.6953125,985,0.0,4105.932341149527,4088.0497070604233,4099.90941646659,4093.8457236972736,4111.857592773462,4083.95418611503,4090.5319529793405,4096.170012282388,4116.208031443791,4096.640573113425,4105.96681308787,4105.776840202537,4093.349901599738,4108.1169320033205,0.0,0.0,2.0
1696836359.703125,986,0.0,4095.939550962371,4111.670018076788,4107.426129830557,4101.418135439194,4099.844951349378,4119.1354971943965,4091.9431547447743,4105.03941789519,4084.499764694334,4101.469243453557,4112.931060484754,4095.7402071943216,4083.892994859933,4090.3950285413816,0.0,0.0,2.0
1696836359.7109375,987,0.0,4103.037251643227,4111.8659444037985,4089.2135090411894,4105.700318093356,4085.5162822240045,4111.496098127322,4113.670357836948,4106.874204257908,4103.081689347113,4100.930887366243,4099.8402822671105,4115.195474689891,4091.6164924455543,4105.328360906786,0.0,0.0,2.0
1696836359.71875,988,0.0,4104.090229051608,4107.189688461104,4085.3254342280025,4085.2325704485825,4109.084052225719,4106.363533237919,4114.841882270429,4105.4958106196145,4097.558761827192,4116.187285747375,4098.341963949586,4110.010948362066,4100.447517303381,4084.8658476277515,0.0,0.0,2.0
1696836359.7265625,989,0.0,4082.398965284426,4102.828254122486,4108.187500365493,4089.2594621439152,4102.081625340857,4107.266583338709,4114.883857829079,4109.68950968754,4115.680330337755,4118.418314702888,4119.310214585911,4107.244162074642,4091.333407752301,4084.437845230925,0.0,0.0,2.0
1696836359.734375,990,0.0,4097.239328137542,4089.725923268204,4114.505172835269,4115.210854852882,4110.108538458914,4091.6642376689065,4081.265853973429,4083.47789861748,4098.446665455675,4099.51578857276,4104.878695652063,4088.584367593679,4107.568583071069,4095.227222463138,0.0,0.0,2.0
1696836359.7421875,991,0.0,4104.748737106344,4105.798643072399,4107.519167063752,4115.902602092564,4112.879291468915,4114.118094674217,4092.8757761516767,4083.484117588023,4119.829411390037,4097.131217921768,4084.679218959154,4090.444922674219,4100.2951836256025,4102.916657027369,0.0,0.0,2.0
1696836359.75,992,0.0,4111.524777645313,4092.914326215474,4116.455347227818,4096.176114906304,4088.0324159471106,4114.361062609894,4093.338534492448,4106.452296843569,4095.8637382052334,4116.549788692867,4099.051717475228,4102.096951745608,4104.2506777022545,4115.055281629349,0.0,0.0,2.0
1696836359.7578125,993,0.0,4087.9892527279235,4083.4276147191904,4109.263851625973,4118.161314952855,4099.241667534831,4105.727928347361,4091.9897120969886,4091.1864187158562,4106.119580475679,4109.940835536708,4116.361198005784,4094.114238393051,4118.711028674406,4117.098158947029,0.0,0.0,2.0
1696836359.765625,994,0.0,4101.168600797254,4091.8980220603908,4113.698194284586,4085.7682997258917,4103.500115589369,4097.15519386286,4096.185046978513,4116.510131299566,4110.323999858556,4080.698168895366,4117.769339094967,4102.918468334282,4104.1677966179805,4085.002239666505,0.0,0.0,2.0
1696836359.7734375,995,0.0,4096.904219552282,4115.7584559676225,4116.10673760562,4088.5189134370526,4102.91228895348,4097.644542187276,4085.0756640244767,4083.262250013168,4115.884832531136,4102.859684272586,4092.4954047013366,4116.193704006016,4090.9288852645423,4082.329715376869,0.0,0.0,2.0
1696836359.78125,996,0.0,4101.1485851153075,4110.906442691506,4113.3201551399925,4119.3472016957585,4083.525825043904,4092.646894448971,4081.554773899528,4110.953065321099,4089.5787873084746,4090.820877872803,4092.9853614697145,4086.3409718515577,4093.341891365959,4080.1366877322985,0.0,0.0,2.0
1696836359.7890625,997,0.0,4111.597673305606,4098.281533369464,4109.000184882641,4106.663051016338,4097.209468898224,4096.619695221559,4087.4164571719384,4090.643184062328,4112.406459892308,4106.496948253892,4099.452955470439,4086.6033235003906,4095.3341016334844,4081.97032547858,0.0,0.0,2.0
1696836359.796875,998,0.0,4108.954761034906,4084.75069336711,4112.204872157693,4088.7059025818394,4092.7728570774666,4085.165984889842,4085.664506844898,4095.819102039308,4084.908814826368,4102.314365090506,4095.7850196749223,4109.14487785371,4087.4334875307886,4081.499904352956,0.0,0.0,2.0
1696836359.8046875,999,0.0,4116.862505869438,4086.3464345975426,4119.300288783212,4095.5392699639724,4119.29836010656,4105.905482140471,4112.246882837517,4092.323721386733,4108.389339496906,4112.861063575237,4084.6004936795284,4104.800666165542,4087.043853726842,4080.583387678991,0.0,0.0,2.0
