1696836352.0,0,0.0,4026.8658410185362,4132.346595323125,4130.4030132308735,4117.846907478982,4085.920633037823,4014.7272669585327,4055.2859109688875,4016.998718725554,4089.383301950961,4167.240443846209,4199.682366809467,4194.804052572074,4095.484277328562,4074.436235583432,0.0,0.0,2.0
1696836352.0078125,1,0.0,4102.598767023376,4103.631273184503,4049.820123487529,4196.656501642767,4188.618212883714,4060.768608124755,4137.786063128103,4175.355435516148,4095.027894829878,4052.304271562787,4086.406685462092,4144.977687742825,4110.642783894769,4096.653618227785,0.0,0.0,2.0
1696836352.015625,2,0.0,4069.0233174338387,4182.8677616393825,4178.133951164293,4093.498613119186,4045.8969157944193,4135.475473674087,4096.312102587732,4173.696837806616,4157.257583638737,4156.4094588482,4104.441173768458,4188.226601912864,4081.9649968085887,4131.919005187126,0.0,0.0,2.0
1696836352.0234375,3,0.0,4044.1594575645404,4055.7488085335026,4022.9133617003085,4018.5346682483882,4142.358211128057,4038.973607390592,4033.5501748503984,4087.42753317789,4187.127845360674,4191.204678247113,4046.916628782199,4047.3044238841057,4155.656582303795,4001.7994258697136,0.0,0.0,2.0
1696836352.03125,4,0.0,4066.6317971511075,4007.3284422952643,4062.2700498916224,4043.7719984094792,4013.8004830869413,4048.081367739463,4037.58591419115,4110.7544760392575,4013.000959806078,4115.887636849161,4010.012840170851,4068.394820381403,4174.502549655759,4076.883178688242,0.0,0.0,2.0
1696836352.0390625,5,0.0,4083.6763787754917,4033.9918838026415,4063.1237832667084,4033.0650231034483,4094.937298355243,4198.435254199217,4186.659828012522,4187.896354417904,4030.44199153143,4154.927782381462,4025.736145685566,4091.5987258362416,4067.1827635521136,4100.468049405888,0.0,0.0,2.0
1696836352.046875,6,0.0,4116.099702561226,4189.568197144027,4182.548619850119,4171.88044103197,4178.594105831302,4029.2369312077803,4134.184801711721,4126.5660862012555,4027.962897970642,4045.7538374513097,4059.232515739329,4053.09618140982,4006.1556437538356,4184.914690628547,0.0,0.0,2.0
1696836352.0546875,7,0.0,4137.199496166551,4026.967114710382,4165.431467765832,4155.236210973372,4171.197872474736,4113.167594942268,4011.0248431503946,4044.622575492619,4172.199366958933,4061.5237151378833,4045.8907997717647,4182.76605049749,4100.901445749532,4113.993252810248,0.0,0.0,2.0
1696836352.0625,8,0.0,4160.452043448543,4057.4740783427806,4122.748129517195,4135.102515654974,4028.2260162762836,4192.175786497948,4039.529841485171,4145.256581526033,4183.559019446913,4138.043732942265,4153.467786288928,4122.711330169993,4172.018943133358,4175.089026500472,0.0,0.0,2.0
1696836352.0703125,9,0.0,4104.614944138586,4004.5926336732437,4194.208484269922,4085.376517548493,4067.8565863733224,4089.9351215853476,4048.0220827870885,4123.948998707154,4118.118891208904,4006.885347292082,4002.3485013045156,4090.5241499180192,4094.0258784242533,4060.2944035949718,0.0,0.0,2.0
1696836352.078125,10,0.0,4127.346715080226,4167.814419129711,4137.037682129563,4142.233447473879,4052.221087688126,4091.0101610871816,4037.6203401680696,4019.986445675858,4002.1598723686357,4007.003392698043,4194.969822040429,4184.641650681256,4094.6348773319987,4114.381473762902,0.0,0.0,2.0
1696836352.0859375,11,0.0,4158.866391267315,4055.168204126866,4007.1902830641106,4183.262238062092,4038.3082644683823,4142.807189069349,4065.1352809172104,4040.5797824673773,4148.852444170181,4128.961168265618,4126.477331287857,4000.9811055163655,4142.992015985749,4025.134409020616,0.0,0.0,2.0
1696836352.09375,12,0.0,4105.876027386618,4085.2399837293206,4175.422186270789,4142.716236470811,4001.8011151209785,4157.078183342913,4126.9383318558575,4061.640731946735,4147.787146280995,4167.285035721049,4048.430320810764,4110.797266395681,4170.988934889667,4007.0242448890112,0.0,0.0,2.0
1696836352.1015625,13,0.0,4079.293397711709,4130.979143978747,4067.404225705072,4071.667892134675,4182.023084320435,4055.74810664167,4029.037183734877,4151.330262437291,4041.3488410054947,4072.1022743617677,4117.722578447826,4117.7140720471325,4019.5705372979382,4014.2947622117154,0.0,0.0,2.0
1696836352.109375,14,0.0,4164.231620944254,4072.6085070117897,4164.558533095275,4059.16185688585,4035.4878162527475,4066.2869688125575,4115.689885985591,4192.2836025380975,4177.0957568872145,4065.1966699728514,4179.988299123117,4116.849138082171,4117.81533161349,4183.259049908763,0.0,0.0,2.0
1696836352.1171875,15,0.0,4122.7648819554515,4022.65946497678,4033.7792050188164,4139.7011095831685,4173.719778639433,4128.021329463949,4082.74937690593,4024.600537808073,4176.381632347865,4102.719677177491,4186.316586580364,4134.154323731923,4058.681937741767,4182.05973766573,0.0,0.0,2.0
1696836352.125,16,0.0,4140.499593330077,4096.13551195506,4031.8821924065383,4111.666052877435,4170.152410272645,4033.240627885885,4074.0232698977884,4040.2265557652713,4132.060897175648,4111.1848142790905,4161.357748054154,4184.096657272959,4193.697532760629,4182.320132636816,0.0,0.0,2.0
1696836352.1328125,17,0.0,4179.285591857665,4094.2024610546027,4048.78559754577,4048.033572401557,4029.400410185277,4072.643382950738,4137.1794579453035,4124.8960543616395,4141.027616266052,4017.779141445571,4157.432074846735,4174.222253529441,4121.959997807594,4099.405533754039,0.0,0.0,2.0
1696836352.140625,18,0.0,4012.999451150911,4147.892488883043,4064.270165309216,4118.126563351306,4037.292897638922,4048.3130451335137,4030.936925755784,4077.4521740668742,4107.085025831588,4043.319807600923,4146.0324834533485,4175.587182427814,4012.311941909535,4162.2942828729765,0.0,0.0,2.0
1696836352.1484375,19,0.0,4086.8314071965933,4133.380310616485,4012.319604327584,4142.155923819246,4175.004310751801,4187.9246043352605,4080.4178122415724,4162.526583572661,4097.0169899634,4159.666154460702,4131.781935676286,4014.5800377839514,4092.842711620381,4052.243369674076,0.0,0.0,2.0
1696836352.15625,20,0.0,4188.8371681919025,4195.1055486547575,4183.2246106442035,4192.776148349762,4070.0091136336996,4079.4826997524874,4006.49034359103,4028.6079972893053,4194.438266247211,4183.525284087892,4051.4287000804225,4015.697540343677,4192.59660782142,4049.2644322320375,0.0,0.0,2.0
1696836352.1640625,21,0.0,4030.0573953774606,4179.469320011756,4031.893608959247,4168.715246051442,4059.8577632356496,4078.209940641884,4043.574646503252,4007.788523252527,4037.9660875380505,4009.670865416865,4180.896751733935,4152.018509433883,4065.1797593610427,4063.7173352552677,0.0,0.0,2.0
1696836352.171875,22,0.0,4008.6568214490526,4132.011600215084,4112.182834741629,4154.702326068404,4008.9256733240045,4033.420681170778,4178.85143025489,4089.2008634206513,4023.511705946937,4085.911015534615,4008.07279248917,4016.8123375482032,4095.677741593559,4123.328215845366,0.0,0.0,2.0
1696836352.1796875,23,0.0,4054.200384643245,4175.055765977074,4028.4110966227713,4063.519386045144,4176.159595969938,4058.40209121051,4140.863476400494,4034.1826780660886,4193.395487210226,4192.7413511771065,4193.119522252798,4184.371248799627,4130.094802727259,4137.777734156922,0.0,0.0,2.0
1696836352.1875,24,0.0,4193.193495066775,4066.5721205940263,4119.072020986308,4093.6881856725304,4111.710697307104,4057.3475878313807,4036.8599573282554,4144.73623019123,4186.355699755615,4040.0959440292877,4086.2622178306756,4014.219461836193,4084.543088300533,4183.274809174188,0.0,0.0,2.0
1696836352.1953125,25,0.0,4122.2335112005585,4005.922787069207,4199.298113922964,4164.943176002147,4138.55438528464,4173.431443063842,4067.9489044850484,4123.945023316122,4107.697974382717,4189.807892919773,4052.680829922638,4057.882253662075,4109.154731857976,4032.4079203077936,0.0,0.0,2.0
1696836352.203125,26,0.0,4111.3580269690865,4129.9651062671255,4061.277736476686,4197.025057426494,4081.6124828098964,4111.467677675824,4061.233362212144,4102.458356527711,4197.246397562914,4185.7377134427015,4029.880004209794,4111.758141298574,4168.613396784379,4144.517074913137,0.0,0.0,2.0
1696836352.2109375,27,0.0,4006.95419601942,4014.4462743436184,4141.489058108177,4181.340046314178,4182.092779291269,4199.733652641916,4160.675368540775,4055.8936295376575,4033.5769388781086,4098.8870274689125,4156.107784898527,4004.8365324277706,4159.392401746334,4091.9054836819887,0.0,0.0,2.0
1696836352.21875,28,0.0,4043.657023208628,4017.69134860621,4003.6128308485727,4061.378952375328,4186.565440549137,4158.219763025036,4096.935680100303,4047.9298983698714,4154.340313867004,4005.390251429825,4185.568509676705,4104.532675841208,4006.02253995504,4062.4019164327774,0.0,0.0,2.0
1696836352.2265625,29,0.0,4077.8681337837643,4052.7261846733604,4034.7244341302803,4128.442321047937,4184.268280680424,4085.9109763954402,4189.974239765796,4028.4406311485172,4151.20327093212,4191.013554328911,4151.446405259434,4199.468201918404,4146.26941617643,4097.712948778845,0.0,0.0,2.0
1696836352.234375,30,0.0,4130.63224802977,4100.018230157594,4122.936532647132,4181.604331879909,4172.602425606399,4007.839892119064,4199.794430416002,4171.638971294225,4018.783010751954,4129.848086748997,4054.4206195291936,4181.49792013035,4048.0485155855017,4108.568650239073,0.0,0.0,2.0
1696836352.2421875,31,0.0,4135.208475987146,4042.7552363603213,4033.342895527815,4153.57254608128,4036.4339067632736,4014.9058418942827,4069.673116673832,4126.865919788763,4115.239963236192,4117.059082546859,4137.55904296309,4146.057325045315,4161.088598757736,4148.917147986874,0.0,0.0,2.0
1696836352.25,32,0.0,4144.709661371017,4160.7247174411605,4008.768315116977,4001.661844082038,4161.578072728709,4093.0670197814147,4077.9465230330165,4026.5879464735813,4068.4373519387223,4139.868760402411,4017.8397097982456,4051.5915885888007,4182.451004584291,4159.676224217697,0.0,0.0,2.0
1696836352.2578125,33,0.0,4133.469851630405,4107.773851490734,4072.1481052547047,4194.10383711219,4024.644904158271,4186.051956305152,4041.1093656202297,4130.389490102362,4078.4736231172874,4124.310714033368,4189.309310851103,4196.800694222948,4077.348291914714,4073.0722859888665,0.0,0.0,2.0
1696836352.265625,34,0.0,4198.072446578629,4111.038661858175,4055.8802199901193,4172.2566887500925,4099.882258142704,4053.2614757253987,4009.4025853276194,4150.545960733047,4050.9491524133578,4046.2505576005124,4025.323039489408,4143.8632301144935,4087.2972369397025,4145.849683116381,0.0,0.0,2.0
1696836352.2734375,35,0.0,4068.518428832336,4151.724084528277,4019.9266552851877,4156.930628229993,4021.4542882619876,4072.554170978033,4014.9770579066494,4148.489954958589,4007.039934856145,4015.2461845423486,4005.7181985572843,4057.6844008865355,4131.646203846568,4188.532868995409,0.0,0.0,2.0
1696836352.28125,36,0.0,4149.407485461422,4083.970730278348,4019.791154687474,4090.887668430618,4106.327684082376,4130.514958387387,4183.64768927662,4161.308735088904,4125.300061305031,4056.073462080402,4190.364887834329,4132.39535266754,4196.341521717136,4083.1826936388475,0.0,0.0,2.0
1696836352.2890625,37,0.0,4080.4686630675683,4084.4531465761816,4002.6406654265693,4007.803575055369,4188.535405256454,4079.8237937139406,4055.810487447411,4049.0686487943067,4198.614848203741,4174.761950772019,4082.794235663067,4073.4971569698914,4027.297943942593,4093.7011202199105,0.0,0.0,2.0
1696836352.296875,38,0.0,4192.0152734928315,4108.13599555719,4191.363970287289,4177.911575720425,4127.426939239019,4159.317975988163,4179.8732056877825,4141.866695239683,4175.564401885953,4030.135598613584,4017.0692103838765,4145.925427944092,4132.376046844482,4053.3833983507093,0.0,0.0,2.0
1696836352.3046875,39,0.0,4012.4035423481355,4071.6154501570095,4061.4132020689526,4190.232119764458,4128.285916068514,4091.3081034760385,4049.417149230766,4085.1455299200156,4138.834229857053,4074.9581172342405,4081.2082971414256,4196.459014121713,4091.059021365429,4026.360239384023,0.0,0.0,2.0
1696836352.3125,40,0.0,4016.304067049793,4028.0246134155977,4013.179790851095,4125.464850195227,4156.959402066623,4198.468827645888,4023.833309174771,4015.5006041795336,4132.2409606789015,4031.1747346912903,4127.882453347015,4161.544739032481,4028.7705542048466,4092.302913309565,0.0,0.0,2.0
1696836352.3203125,41,0.0,4154.799756831323,4030.0384211658184,4098.406763751128,4149.585194136778,4107.465584797603,4062.618953715311,4132.704048503193,4033.4626825359155,4153.386598572016,4167.42796785771,4074.678724955284,4191.510186999606,4173.120006192134,4019.281672073203,0.0,0.0,2.0
1696836352.328125,42,0.0,4062.267737879862,4008.111731394461,4149.687434332237,4068.19984234297,4132.801521045724,4120.924022256467,4057.842419141498,4046.99594294005,4139.017981670958,4118.4520357433685,4194.5379711170235,4056.0187093686013,4001.2921945453827,4067.497228665695,0.0,0.0,2.0
1696836352.3359375,43,0.0,4116.234290404828,4078.3203820032354,4195.826973383007,4090.1223663523324,4143.816911160473,4161.250324895105,4045.9491632689937,4148.798035856053,4052.7769575619477,4010.6693185005706,4138.78799913227,4127.3756960303635,4158.251215511135,4068.261220727613,0.0,0.0,2.0
1696836352.34375,44,0.0,4186.899406390812,4101.357431036235,4055.119537143075,4117.8304375593225,4129.70779731085,4049.761033766504,4134.771961882744,4052.251278569961,4127.178599632029,4168.125279262616,4116.717859516676,4178.221749486361,4082.0944201528,4043.8727807828955,0.0,0.0,2.0
1696836352.3515625,45,0.0,4161.286287649884,4090.5607488369496,4036.491513923104,4162.056173744835,4182.809833596262,4074.552240107222,4095.2112769551077,4022.640482333771,4056.4024744474928,4135.94513119573,4111.5542929500925,4087.0574375191118,4096.512694716249,4176.295628812984,0.0,0.0,2.0
1696836352.359375,46,0.0,4115.622640441961,4173.287658191883,4174.007883598449,4145.115498841809,4075.4519666815977,4106.98272894576,4130.558847223783,4190.502154568008,4172.524376299568,4064.0531811196925,4153.9881579506855,4198.388864815678,4121.339148528956,4172.704634013376,0.0,0.0,2.0
1696836352.3671875,47,0.0,4057.8747785024884,4072.0172094976856,4000.430177878728,4128.523609957251,4116.841562513923,4142.790743129049,4008.664023521297,4109.4255536303535,4159.009029417741,4075.060689494414,4151.009848002487,4013.639363935554,4176.007119763776,4009.2691062969607,0.0,0.0,2.0
1696836352.375,48,0.0,4033.3219106088463,4009.987595277078,4069.439360321235,4110.868152892122,4149.928933266579,4052.935043784286,4146.460172399775,4185.251687129625,4119.236989608694,4186.018496161417,4106.149749002458,4180.425780949773,4067.64315060641,4117.420400005138,0.0,0.0,2.0
1696836352.3828125,49,0.0,4049.7736300074193,4021.331532842627,4111.823830492667,4000.6335597943794,4114.006648513907,4028.9124660794937,4024.448771262212,4121.543193630914,4170.694815072176,4037.8484138954223,4166.658413152335,4193.290798464297,4082.229117354102,4090.146736806994,0.0,0.0,2.0
1696836352.390625,50,0.0,4008.0862917620707,4048.27542445237,4132.141302190611,4059.150235569518,4124.018747483528,4062.0735382697417,4127.861988976201,4026.367344202213,4097.995270657462,4157.606047306556,4164.223848158173,4054.115027484518,4093.2265938399305,4099.233814651081,0.0,0.0,2.0
1696836352.3984375,51,0.0,4091.5350306694268,4000.462724091903,4021.0375174936044,4112.111641970827,4070.162794268575,4088.073906624964,4109.8875666000595,4006.466762305205,4101.027284922165,4010.3350173135045,4125.513690220039,4142.734224266529,4028.3642903285067,4130.7217709007455,0.0,0.0,2.0
1696836352.40625,52,0.0,4093.751245275942,4199.236590930437,4134.982020918935,4049.229872255919,4054.739102101138,4066.1237075236027,4026.7510549644894,4199.979015157663,4007.5968821259335,4040.8233700942096,4140.589863178113,4021.8008584144177,4000.670382640475,4167.053310072303,0.0,0.0,2.0
1696836352.4140625,53,0.0,4173.665429313271,4161.65798610305,4107.746746986802,4173.537455539712,4005.48332669204,4007.0917742665397,4132.723853375691,4124.24576336574,4101.309196581065,4061.430015947603,4042.897996263903,4177.661961880134,4165.984689791144,4114.444966081597,0.0,0.0,2.0
1696836352.421875,54,0.0,4147.2534313607985,4141.105735768569,4129.884343300486,4148.714998966424,4140.831616557939,4150.524024262406,4088.9255956752527,4175.510133697837,4005.65785592329,4091.0615918385465,4179.499807690441,4106.944390457916,4126.891906169618,4187.29953048706,0.0,0.0,2.0
1696836352.4296875,55,0.0,4097.788772859322,4031.083339894324,4144.444998174759,4012.509483205038,4121.082567980087,4035.2630803525262,4117.960072373131,4151.641647844159,4048.462616910216,4156.378066847257,4178.18258183716,4182.416748447792,4155.811048722371,4141.19270483372,0.0,0.0,2.0
1696836352.4375,56,0.0,4185.0631693162395,4106.025508451259,4105.869277463024,4144.295422327646,4024.247115893248,4117.9034558888,4097.827611713318,4132.662879556104,4010.1460841773037,4183.957084622159,4115.768572396334,4139.513913512326,4079.1123740428516,4043.938858681266,0.0,0.0,2.0
1696836352.4453125,57,0.0,4014.5137361356346,4191.821315258453,4083.387484633681,4041.8566011970834,4166.864857148403,4052.1768733039285,4192.423911773929,4096.556145951392,4120.047246505887,4084.45896366683,4159.257922129492,4163.124845773973,4075.977349076143,4086.34432054776,0.0,0.0,2.0
1696836352.453125,58,0.0,4116.505324881666,4198.1863487559585,4119.250037340535,4003.33451161802,4064.540610985068,4008.0749697160204,4036.196066465734,4046.2785454908353,4035.4874801702363,4164.903627995435,4033.115086562555,4037.283797087459,4195.339824106254,4071.485425833312,0.0,0.0,2.0
1696836352.4609375,59,0.0,4047.7393311343358,4152.686894437845,4129.619400344606,4120.908375830893,4152.442709297915,4091.4559042315213,4127.942302823589,4193.559478540722,4076.2227283911748,4070.5518390485267,4071.30908561622,4009.630985599334,4172.656148810699,4098.63346337588,0.0,0.0,2.0
1696836352.46875,60,0.0,4054.321663163285,4019.2032124911143,4048.66210145894,4180.624898829577,4020.6798022040043,4184.94210222946,4015.851876677578,4043.431811740954,4135.765481365554,4199.692702156372,4050.328248803272,4016.623351714392,4052.646377220711,4100.88696717994,0.0,0.0,2.0
1696836352.4765625,61,0.0,4041.143185146111,4049.8370327955913,4089.5383468387727,4014.2747392285396,4193.549772895607,4116.263091427179,4046.64554892366,4139.642854459675,4019.583277182857,4117.659430079452,4047.3868086539806,4100.2560458244225,4058.8358814208054,4165.238922708338,0.0,0.0,2.0
1696836352.484375,62,0.0,4023.8519988149333,4020.471847651026,4115.867311141533,4190.410504374392,4036.7325507449036,4024.500858636314,4011.7343251106063,4056.7669068087125,4036.0427274581493,4056.853274761459,4005.3312564613325,4138.272882754506,4110.707966349619,4006.322204436807,0.0,0.0,2.0
1696836352.4921875,63,0.0,4067.3570086881373,4098.699923648117,4042.1125221269754,4057.7225190605614,4048.4346385024883,4158.561770187557,4047.7082667819277,4169.9608494731865,4134.901916377165,4160.603578998075,4157.8563888380095,4140.758717478403,4065.059639895733,4165.210622977874,0.0,0.0,2.0
1696836352.5,64,0.0,4065.209645080938,4068.3297471389783,4149.388789056956,4168.276567068995,4099.427247681414,4052.556786389688,4098.964339061338,4182.289103413397,4117.963929167492,4194.727586844803,4062.6864924248116,4135.53998278064,4176.4212597604355,4159.416563328566,0.0,0.0,2.0
1696836352.5078125,65,0.0,4103.925230965983,4155.977856207892,4174.434644946525,4162.461628715577,4156.4536053009415,4150.796497120307,4051.9301133508825,4149.816767292882,4018.422522419628,4030.101503572039,4141.522171999684,4150.921693204458,4048.619085046845,4081.694584197907,0.0,0.0,2.0
1696836352.515625,66,0.0,4105.105038787911,4147.236165746078,4135.990417505717,4038.443533326151,4120.410168740311,4012.017637833091,4087.838703880456,4063.3864524259116,4160.18100357003,4012.1092366017424,4021.5436731979403,4039.2499730972813,4141.890762691919,4065.431064687909,0.0,0.0,2.0
1696836352.5234375,67,0.0,4129.967658916409,4019.572416823502,4086.619965141649,4070.2787645738726,4038.7517128907093,4000.633014166602,4088.865802307416,4139.895630954978,4085.6002882550283,4192.604876361611,4013.954224263415,4099.76131780353,4013.7819202718865,4180.039382338521,0.0,0.0,2.0
1696836352.53125,68,0.0,4141.545124210476,4090.8951285906633,4011.909555336333,4172.624226987414,4006.404352292586,4030.4178617064545,4197.901246122901,4006.8353987119503,4014.095065852162,4035.8768607575116,4026.3391292482875,4118.398185525803,4171.077206795565,4141.332053103226,0.0,0.0,2.0
1696836352.5390625,69,0.0,4138.120621375107,4019.997266402507,4090.4559823716927,4149.5742293959665,4035.259811148941,4170.777684553023,4161.486206092369,4001.2912600560644,4146.941440522869,4091.5459795087436,4018.6121004274264,4093.227111494555,4157.836295981238,4062.835139636381,0.0,0.0,2.0
1696836352.546875,70,0.0,4135.047409967279,4079.357588567005,4155.776492723165,4082.278343665645,4142.743310251907,4055.981061281544,4138.471174139899,4041.1338067668576,4150.559503058367,4155.758837638611,4163.644322676762,4064.1039769520894,4005.379368056098,4074.682462865237,0.0,0.0,2.0
1696836352.5546875,71,0.0,4067.8302021953295,4179.840390071135,4137.3326351390715,4083.1930099670035,4135.639682004458,4105.931665461078,4164.796382584983,4111.865790880961,4185.959182736541,4135.418675224944,4057.0089303300656,4165.060790412604,4120.97626020705,4049.437366939483,0.0,0.0,2.0
1696836352.5625,72,0.0,4175.591282760498,4070.1678966718296,4087.8315113596054,4071.7118130955487,4191.392809776695,4014.3720454096624,4097.693392676515,4183.656468201052,4047.0363783891275,4037.0937285924592,4055.138047905194,4182.531656380421,4169.797747647023,4067.547823283007,0.0,0.0,2.0
1696836352.5703125,73,0.0,4022.7139119122144,4065.4321126838063,4060.2415015372203,4028.3279476594034,4143.940844717767,4090.8421611139015,4162.773148356432,4043.372633426642,4179.890129888143,4023.8463104017537,4181.757655557786,4131.709539170068,4093.3353079008593,4191.670304728251,0.0,0.0,2.0
1696836352.578125,74,0.0,4138.946240289458,4077.548352853778,4114.586326794154,4124.561658140748,4094.023731319038,4188.407636048559,4054.8561483328253,4029.0171810878323,4191.332301997265,4051.291760010795,4089.6325720929653,4199.219465386293,4036.9432876401647,4118.498126207353,0.0,0.0,2.0
1696836352.5859375,75,0.0,4156.440620060592,4120.03739101034,4188.887091449435,4130.70963567249,4095.2143049803544,4119.94351970727,4173.863703173431,4140.808684793695,4173.04450355088,4143.438763257077,4169.999666724585,4158.457033565573,4131.2196130476805,4178.467191270807,0.0,0.0,2.0
1696836352.59375,76,0.0,4142.929201135668,4197.735121708257,4147.687409197883,4097.365884571708,4174.7411149802865,4084.983632369119,4174.977583463247,4068.6172974972314,4083.087558081318,4079.4200445804277,4032.265725033204,4031.239261587232,4008.426595903638,4169.951119817267,0.0,0.0,2.0
1696836352.6015625,77,0.0,4171.891845969797,4030.7101672488784,4151.55014602184,4034.437293010261,4092.6711072286735,4091.731290223988,4070.767100349866,4102.067363103755,4115.986754441422,4161.419581371688,4059.6563611450088,4169.721267850339,4163.968970441443,4146.091096194774,0.0,0.0,2.0
1696836352.609375,78,0.0,4172.355291809875,4128.517879711872,4122.343104320758,4064.4720763954533,4118.617987331498,4091.5538469644657,4052.4249632701008,4179.616972572564,4125.526519096352,4058.9145664102693,4149.611192190664,4172.751885570331,4072.5093238968143,4116.652174537147,0.0,0.0,2.0
1696836352.6171875,79,0.0,4188.761729105447,4018.597159129714,4191.27440704851,4040.9238201667927,4133.813600554546,4199.512285313999,4030.789564093721,4170.295372861659,4193.013634060984,4064.5528771940612,4076.4205916023216,4118.25906207384,4039.39744245868,4149.930053472244,0.0,0.0,2.0
1696836352.625,80,0.0,4125.976022344103,4143.076276952897,4090.502748079884,4148.680550386107,4104.190627776697,4193.528260468237,4034.212925002477,4153.908039140231,4121.72278928144,4131.583599043529,4063.4468776568815,4003.386115425039,4007.298774210354,4195.304204691931,0.0,0.0,2.0
1696836352.6328125,81,0.0,4032.1059524631755,4160.928293833294,4138.473760386958,4038.3390882945437,4189.830837044366,4184.154322334403,4032.7409396656603,4086.705451939902,4059.7060712331004,4167.567484764965,4134.876676315656,4024.589483999521,4094.352792558647,4163.318976244596,0.0,0.0,2.0
1696836352.640625,82,0.0,4092.6522119609754,4083.336255776047,4014.6768102416804,4099.3231217738075,4173.70195599835,4029.97547595014,4104.3117773818785,4135.59936163404,4195.713935153429,4110.283760136399,4070.4305073137707,4061.092055801363,4159.459003963655,4042.6378407877055,0.0,0.0,2.0
1696836352.6484375,83,0.0,4126.28470557247,4045.9932385488623,4187.128891285542,4072.096252348384,4090.0833450315176,4055.1384800544615,4145.271048456477,4178.707997879709,4186.026572633595,4033.7323929368167,4024.790584987446,4111.664160835877,4077.512443050322,4069.6258784954157,0.0,0.0,2.0
1696836352.65625,84,0.0,4005.5353752431256,4053.2877364966052,4079.6666956796626,4064.7366937147676,4161.690871739515,4018.145091982528,4002.221994339979,4093.1745823824,4166.689118050023,4125.9070113404905,4132.274477130832,4084.356538657042,4135.81181307378,4189.798153639638,0.0,0.0,2.0
1696836352.6640625,85,0.0,4156.508402217154,4108.406677853712,4152.531150059554,4162.563256999346,4007.1786599136367,4034.103064248773,4060.4789125982893,4005.0677232346216,4051.149518741503,4193.341052595909,4050.487055074609,4004.8110002668886,4094.4287695540725,4044.103569934537,0.0,0.0,2.0
1696836352.671875,86,0.0,4148.498553046627,4037.863292847492,4155.999370199445,4166.6289544274405,4103.162496286273,4014.003326421981,4045.0771728164004,4153.395361447567,4037.074419521196,4050.9237748929595,4063.8993568968976,4021.5552871052637,4158.796894010624,4106.150855554769,0.0,0.0,2.0
1696836352.6796875,87,0.0,4085.8831658622325,4082.2730960132785,4072.9055385227985,4036.477863577709,4073.567019286927,4140.979418136909,4060.307886822021,4097.718515765791,4153.854113804699,4083.0740429240855,4158.240482037139,4050.4380855817044,4054.8886620940934,4186.920710152697,0.0,0.0,2.0
1696836352.6875,88,0.0,4065.3068490137093,4051.6741618409364,4185.000729558034,4189.993313836323,4153.901462353537,4108.162339967141,4006.3590436994546,4196.932256805219,4060.1334018229845,4181.859382966475,4050.3235458643303,4041.5637029459253,4046.314884011572,4011.77199436779,0.0,0.0,2.0
1696836352.6953125,89,0.0,4012.941611368052,4034.124957015503,4136.631459394121,4195.17155542753,4064.0218179941958,4061.3725111070207,4092.279058692703,4197.217901219434,4181.838007991898,4045.796444608827,4116.915163596012,4126.7224738184295,4185.457196886692,4140.648621628437,0.0,0.0,2.0
1696836352.703125,90,0.0,4028.9363380268846,4139.22365328669,4014.161165998631,4159.389920323374,4193.126976399188,4093.516593970182,4064.842224866135,4158.087446950724,4176.206455883913,4199.828639817644,4097.070350159675,4055.342696318243,4051.485520319136,4014.2895729135,0.0,0.0,2.0
1696836352.7109375,91,0.0,4017.889133922269,4000.4659115789636,4139.164078872772,4056.343004718234,4065.2494070695193,4132.213596234935,4154.897612504416,4103.644298829599,4128.570354942324,4177.421876074488,4061.111218041443,4074.4879518742828,4082.6843614051995,4055.887122730877,0.0,0.0,2.0
1696836352.71875,92,0.0,4105.574200840967,4032.1295867431254,4125.427273802413,4029.4694779058736,4054.3119136839296,4045.197330854975,4175.4744318593075,4105.864928667746,4106.782419593685,4168.936942130311,4011.45056982927,4112.344872217364,4176.274318790796,4195.274147948443,0.0,0.0,2.0
1696836352.7265625,93,0.0,4106.32279164853,4106.942409454299,4135.429377657846,4124.707271212194,4196.889792677496,4192.849463232582,4081.8336281927754,4086.4245932749936,4184.345330326914,4010.8907828811366,4022.229702565336,4058.5038839482772,4177.80605108,4198.3254157845,0.0,0.0,2.0
1696836352.734375,94,0.0,4125.132830093922,4057.011349488605,4065.0340611929155,4161.86753816721,4035.0851373682367,4000.968093382075,4116.855998437563,4157.076495380044,4147.831007881634,4087.9150842189924,4195.304004843169,4073.717164793627,4081.2925444735693,4162.911072778984,0.0,0.0,2.0
1696836352.7421875,95,0.0,4023.079373247877,4041.41328345902,4174.341777924756,4107.659917322671,4130.381027894557,4053.065122495276,4103.2026810585385,4058.959908369061,4048.274039679444,4189.576265390371,4105.478004899644,4166.2369634038005,4061.3318445639966,4044.5405389547964,0.0,0.0,2.0
1696836352.75,96,0.0,4056.543878217431,4125.589215539034,4120.63179150444,4109.42646054945,4122.573635540339,4068.667533825282,4130.869663013399,4199.297098315612,4142.3108430584025,4083.657308540277,4160.389521656488,4034.6171130181265,4116.112561308779,4064.9847517226694,0.0,0.0,2.0
1696836352.7578125,97,0.0,4128.939611893681,4091.4142629574944,4185.767623625282,4070.5510170614043,4101.998497347242,4119.849319835128,4146.694267899186,4071.5297000216187,4191.433396927287,4160.263598151181,4119.811681177476,4010.772298429686,4157.363595781123,4032.2147821429007,0.0,0.0,2.0
1696836352.765625,98,0.0,4133.575879401619,4167.470705427272,4000.890280933641,4055.318433294559,4083.679997888696,4174.85906224188,4051.1318225899295,4176.26944876738,4106.792532890211,4009.992824359798,4146.238915655685,4125.391916269305,4072.4793360225663,4103.459294895497,0.0,0.0,2.0
1696836352.7734375,99,0.0,4165.201160959886,4168.402534561066,4032.6061195924644,4195.445861573088,4093.3903507648947,4053.524677759437,4077.8685719446494,4083.2307493941917,4065.550255494536,4059.779317933892,4176.719981387147,4169.791907115247,4139.303190049673,4022.9427468406298,0.0,0.0,2.0
1696836352.78125,100,0.0,4088.5476995035906,4055.3804310548917,4034.2428075221073,4102.481393929305,4010.119670172955,4155.234051609942,4163.194594593798,4178.792917731925,4147.960537569041,4001.6510771316425,4108.340287865532,4056.250862635627,4094.3991401337926,4017.3976838407607,0.0,0.0,2.0
1696836352.7890625,101,0.0,4001.1513420448746,4020.9544515611387,4194.516899400816,4125.806861373675,4047.133528409031,4196.772292725043,4198.80636462843,4027.584574068464,4034.523763584448,4105.371124801333,4194.421532386349,4125.655420492179,4027.7000754955784,4142.121790980116,0.0,0.0,2.0
1696836352.796875,102,0.0,4129.383732707374,4023.214544066451,4116.1965884175215,4098.139227590212,4161.752624948233,4058.7080249270316,4013.5622388506968,4025.68795717491,4169.250787119147,4000.788483729458,4196.8847528605675,4073.212831499777,4004.7316271112754,4172.602900347162,0.0,0.0,2.0
1696836352.8046875,103,0.0,4081.569181587307,4062.004935783189,4095.3379803277344,4162.191206314067,4163.216436716278,4028.476878858325,4004.0369331133284,4140.057444580118,4160.853232630736,4109.894954278154,4157.297888913969,4139.459870712756,4061.0660958609487,4189.399540997687,0.0,0.0,2.0
1696836352.8125,104,0.0,4041.3746063962053,4179.178383358746,4014.4099641003504,4193.350656898843,4084.4549619992968,4022.1039649198096,4163.389138438105,4051.0278425014444,4136.67853215221,4016.05556540795,4017.7494845479664,4141.237391442262,4122.357315462139,4121.376551328919,0.0,0.0,2.0
1696836352.8203125,105,0.0,4019.695875162064,4057.7081938160673,4170.134890132402,4153.285970916039,4061.5455650291447,4123.6538790523855,4142.316208222158,4101.47920571215,4095.5693770504326,4015.279999719334,4086.0018663310093,4006.094658969057,4020.009730525959,4034.2867661219584,0.0,0.0,2.0
1696836352.828125,106,0.0,4042.977160690052,4057.4423763271043,4084.250380522929,4103.1067629016425,4179.387400334504,4192.026232633164,4016.0050269386825,4149.3330142786035,4083.886991168707,4093.7792401657166,4087.886200186714,4023.648173734961,4005.719391929722,4183.437001346041,0.0,0.0,2.0
1696836352.8359375,107,0.0,4012.6876081414775,4054.9705780227687,4064.7754189021684,4120.979216419624,4018.1990398857224,4168.392703943946,4032.893448165658,4022.9309457752215,4035.7608292911127,4073.1520039632464,4194.4840282298655,4020.2960212062403,4179.748341776793,4147.495346593144,0.0,0.0,2.0
1696836352.84375,108,0.0,4052.282756489104,4178.599037875939,4162.182216816665,4078.327593561076,4186.131983739599,4175.04569175655,4190.887978282999,4020.6714362133116,4189.585578141952,4003.0296040297962,4084.237145493817,4105.005618176899,4011.2078492711216,4118.406996316935,0.0,0.0,2.0
1696836352.8515625,109,0.0,4003.615075564346,4151.116247515229,4090.381805020493,4070.754866711033,4159.343283938313,4077.7991203575616,4145.355161690297,4140.204918615872,4117.2845298529965,4182.496370268951,4091.7427146323225,4194.877554917637,4019.901646137334,4090.2800799967367,0.0,0.0,2.0
1696836352.859375,110,0.0,4145.38355282329,4134.988720825916,4101.6247515115565,4064.7071944858276,4006.732652960176,4006.3008051705597,4167.850315435655,4106.588701724801,4127.376874214108,4033.2874749540106,4034.738706973049,4122.453474655396,4151.285933943306,4142.1824982959915,0.0,0.0,2.0
1696836352.8671875,111,0.0,4149.179097026918,4138.568125141103,4041.544890611116,4024.1338999542754,4064.1115845796494,4044.4010145702055,4136.563958169595,4072.8859727401377,4091.7044081484946,4102.346210122662,4092.487599616151,4193.212378244282,4103.427358707231,4021.691205491581,0.0,0.0,2.0
1696836352.875,112,0.0,4064.698664594678,4113.481587716906,4177.578981097574,4093.033506370129,4151.659888825651,4124.220948213019,4047.1183113469456,4117.197645566556,4073.446027136324,4109.633257947799,4158.578733371129,4127.28132579424,4139.432284110184,4084.3567967908452,0.0,0.0,2.0
1696836352.8828125,113,0.0,4046.09511431775,4061.927998771049,4050.4813599082154,4111.254404101869,4183.082388874056,4052.0052943809164,4040.073617736388,4106.10457623005,4169.365004908887,4078.752994292892,4099.874176014488,4108.2187070230675,4106.566437830898,4104.922687218192,0.0,0.0,2.0
1696836352.890625,114,0.0,4191.6699105334765,4063.516157902058,4053.1907749859315,4194.592626974767,4171.087513943567,4167.02238278698,4143.19744805436,4131.288530990262,4054.6823877344523,4051.4313031898296,4180.783351743534,4130.54761583809,4027.2987900995117,4114.076336639055,0.0,0.0,2.0
1696836352.8984375,115,0.0,4125.486309668658,4007.426046690647,4177.970186511819,4113.438395492278,4166.647533603247,4197.12179690559,4177.630098811518,4107.6992056449335,4018.4193929836138,4114.619558128912,4067.1950199648986,4033.7991278760933,4181.259898024657,4157.235720710293,0.0,0.0,2.0
1696836352.90625,116,0.0,4143.489540679488,4070.2200645069174,4001.5169213893187,4186.64485592954,4000.7980642377775,4033.451891358973,4048.8565892900338,4130.130320721554,4027.101180465697,4076.168097567328,4000.6524646673224,4065.0440883001147,4162.241143362882,4177.844059813075,0.0,0.0,2.0
1696836352.9140625,117,0.0,4022.7254157062985,4151.4614132139195,4162.595517143405,4095.153441424587,4042.0432333209296,4113.125116810668,4080.7696234006057,4035.7111312449133,4196.731359353911,4171.178924187712,4079.9492252255554,4095.746874882769,4141.012050136876,4051.7984261911515,0.0,0.0,2.0
1696836352.921875,118,0.0,4099.499348951842,4160.505597832786,4132.113693493151,4096.831520904182,4119.646159197732,4062.378340621932,4004.778814076335,4023.010635031035,4105.3142352555415,4198.575207894904,4153.1320864196,4177.776080670939,4123.276384452022,4094.864877637927,0.0,0.0,2.0
1696836352.9296875,119,0.0,4026.949308772691,4063.441592078948,4058.1287679169945,4008.9659857620672,4189.610254353211,4185.612527723444,4018.212702261291,4024.5741686027977,4156.135758018987,4142.936033898642,4089.424975776947,4191.728580850878,4177.3107407282705,4159.065673067563,0.0,0.0,2.0
1696836352.9375,120,0.0,4101.4363247419815,4117.559971842509,4031.8773046129945,4117.934684952908,4186.639320137507,4058.289458611241,4123.512142495073,4172.407534525053,4054.63468488703,4089.144682855559,4063.023997817912,4104.596312419739,4149.4319995117385,4184.1053618988435,0.0,0.0,2.0
1696836352.9453125,121,0.0,4185.348756441956,4155.553009430773,4151.814032153902,4025.3754599816534,4043.2313314510643,4187.414054458848,4144.448903255844,4134.392723893478,4054.140780069702,4015.930717848829,4098.469915885112,4041.782045934006,4155.246374416617,4100.3985567830205,0.0,0.0,2.0
1696836352.953125,122,0.0,4056.8872241891313,4164.655411450532,4099.051414958541,4071.7476853707576,4173.863230025804,4146.959913043982,4111.29795713884,4065.3023669983845,4001.9376083445263,4078.46920478052,4159.02859644174,4100.568628190236,4143.998367756777,4107.234564232611,0.0,0.0,2.0
1696836352.9609375,123,0.0,4002.269675817265,4068.5771882897043,4194.769877016186,4180.68372551703,4001.7320735919307,4186.679174526588,4189.364632193314,4071.68115134375,4016.9188478165333,4090.5971631495668,4112.594145632153,4094.135392013181,4117.119069676136,4076.721696117599,0.0,0.0,2.0
1696836352.96875,124,0.0,4150.533968994532,4180.893869447054,4176.90642746681,4155.142018835984,4055.2299451914755,4077.80922803426,4137.450014886183,4073.0779068346,4192.140579609157,4122.552792479172,4120.065687634944,4176.870534937903,4050.2820731265897,4024.1482072521835,0.0,0.0,2.0
1696836352.9765625,125,0.0,4189.7821848725,4120.980568940432,4013.7450706082336,4115.664525942185,4018.278603291518,4039.3415352729976,4196.7277955103555,4152.729086371172,4190.507447443988,4155.771608221361,4137.91014034275,4029.4143945716264,4155.142488094365,4195.13338688007,0.0,0.0,2.0
1696836352.984375,126,0.0,4036.4453972220153,4139.971037135663,4033.4917626893407,4031.665468232973,4156.286707589217,4167.5178715479415,4133.520472865547,4181.765076258582,4073.16980022983,4002.0434259589556,4051.49404237347,4107.021758190975,4129.261169597508,4030.2048772883995,0.0,0.0,2.0
1696836352.9921875,127,0.0,4131.214247191043,4004.4634667169776,4039.111705804602,4176.380849151701,4030.0644402870103,4067.6112074806956,4126.79965338007,4118.555571917411,4079.366312172302,4035.239142246701,4161.93993135016,4086.5474431989746,4054.0330064684813,4062.951230693161,0.0,0.0,2.0
1696836353.0,128,0.0,4005.4242364994234,4080.152801149607,4180.763868987161,4114.825053006166,4096.345756637763,4172.103383597112,4151.825852747981,4071.390415012508,4132.236465224808,4022.125054303872,4087.9366570698426,4041.2055507978794,4061.3888019360757,4073.211452828642,0.0,0.0,2.0
1696836353.0078125,129,0.0,4158.148294962499,4174.531126939855,4099.45320550514,4151.6850223336505,4172.944679901932,4193.806177959789,4166.061562593604,4122.9454517272225,4167.1837237847185,4139.500945141926,4150.45443287142,4179.178620760504,4030.1535141294507,4160.807058939834,0.0,0.0,2.0
1696836353.015625,130,0.0,4173.069505547626,4059.0871376678456,4193.5238895294415,4032.641562386093,4141.507051828943,4183.453155186835,4012.012789368158,4190.2273796100935,4198.147232330143,4097.333306141367,4131.266226352667,4098.963398612227,4193.431143520218,4075.367287035701,0.0,0.0,2.0
1696836353.0234375,131,0.0,4151.054067720191,4068.3689340424885,4041.3219042715396,4038.038934088199,4005.2379376369763,4110.934241662355,4135.479149207199,4144.070587667159,4059.963784931444,4180.811998091642,4195.44656819288,4065.9954500884396,4064.5765926160275,4072.736460617561,0.0,0.0,2.0
1696836353.03125,132,0.0,4093.094237406679,4046.778689517151,4151.570129178189,4195.399380516232,4119.538541497631,4047.4776476667,4119.215532764608,4154.908795483293,4116.542123885645,4133.752328348178,4137.999931604024,4118.7862443060485,4026.654020420902,4045.05809681905,0.0,0.0,2.0
1696836353.0390625,133,0.0,4196.794633149053,4014.1365029068975,4093.8596938994906,4115.084372579473,4134.175159795311,4150.599705403953,4076.4174511764377,4094.3491379877414,4133.706245538055,4183.6323860962,4041.280231116529,4061.2090526882484,4199.986477435706,4151.391462307093,0.0,0.0,2.0
1696836353.046875,134,0.0,4015.4313740710822,4196.740637553283,4080.054858843861,4055.1807072716674,4117.263751393749,4013.351656969083,4038.534943558683,4192.386965085567,4058.313240365195,4105.743750620973,4190.17661172354,4069.1782416798524,4001.7067934962774,4117.691734076584,0.0,0.0,2.0
1696836353.0546875,135,0.0,4159.534125657292,4019.724540487131,4005.485324017178,4187.700934549303,4088.6311150196175,4032.2283902776007,4162.36203399233,4081.255134978852,4146.458110462092,4105.831405471902,4115.53678214058,4134.682109515882,4008.2948942128082,4000.7391722441325,0.0,0.0,2.0
1696836353.0625,136,0.0,4109.540876130221,4143.658047872766,4038.1407533867687,4063.5428389422877,4182.551851177527,4100.918214685351,4132.240552012124,4023.543332710702,4015.6968303228623,4102.927347114445,4015.666547507172,4030.902867915216,4138.614946266299,4154.677828480774,0.0,0.0,2.0
1696836353.0703125,137,0.0,4179.035860853746,4151.143386552083,4069.9343903197782,4081.8974325330983,4082.44454956466,4069.1259936648585,4157.593280219752,4048.14800244765,4119.051274936581,4038.676299739086,4052.6084043510537,4089.6192191788546,4072.4696656622723,4114.3774628596675,0.0,0.0,2.0
1696836353.078125,138,0.0,4138.298509947145,4003.7437743000696,4157.286826930678,4155.110710169367,4117.011976746327,4162.806816373942,4056.373965320672,4038.9916300207315,4069.395270725943,4161.125305282768,4074.457480596836,4169.0358311949985,4028.6105541783686,4113.066628367974,0.0,0.0,2.0
1696836353.0859375,139,0.0,4032.5540359693323,4055.1743579189215,4077.5488626768856,4081.3733855064206,4049.279633386873,4075.043893832888,4122.234367813046,4188.055505216454,4110.2677894206345,4077.364068414106,4004.6498055231064,4157.6637282060865,4044.663172697357,4026.637676405505,0.0,0.0,2.0
1696836353.09375,140,0.0,4024.496890391869,4158.323735033201,4004.4341647405854,4094.687229805047,4195.663157297386,4102.316855944459,4002.864269586524,4130.434469185479,4078.9073630475973,4177.127018912928,4016.8674124502077,4018.618488321729,4176.669153386967,4084.56953880528,0.0,0.0,2.0
1696836353.1015625,141,0.0,4085.5786014044843,4002.1564601425694,4047.0224992262833,4148.214070655416,4183.714950437628,4151.060950087262,4084.442956755378,4106.93610753265,4062.1804222842165,4033.6704577116657,4161.082074764641,4050.5813462691235,4183.355709363025,4038.957694882927,0.0,0.0,2.0
1696836353.109375,142,0.0,4129.320576688204,4138.708980351999,4037.845401485929,4118.5383879406445,4112.1880013261125,4133.765685440766,4176.87313082824,4002.1773808681114,4031.9827525462333,4028.9776694545253,4020.731716563359,4126.475328703289,4009.4107942086653,4112.073132554756,0.0,0.0,2.0
1696836353.1171875,143,0.0,4102.522417093753,4159.686823146617,4104.206053788588,4150.013412527262,4176.954367607493,4098.359792290613,4099.566577868684,4081.2821043491185,4188.96548951693,4105.072598095466,4000.6784391220112,4088.019796310216,4080.9900984856413,4191.321884641951,0.0,0.0,2.0
1696836353.125,144,0.0,4094.311867915098,4082.686320856265,4091.874278572983,4096.539418655548,4155.620923248444,4014.8306800376868,4011.535682811265,4052.99334877736,4097.478432400719,4147.943732753934,4010.0689264678194,4190.985605155196,4122.069706693423,4075.016734639216,0.0,0.0,2.0
1696836353.1328125,145,0.0,4026.6879370368642,4130.463924362157,4015.3736952194,4129.673727112621,4132.73952076805,4057.2173280913153,4084.429817306976,4188.975782318474,4078.144077007214,4087.8749947752144,4162.554187829356,4105.868335856064,4099.428873475537,4108.162928773074,0.0,0.0,2.0
1696836353.140625,146,0.0,4149.696770769362,4003.4236803659855,4045.863252719504,4073.1029396120025,4124.102643658212,4149.272982485851,4087.0725258037246,4174.32719044915,4037.712617612671,4135.483371160063,4073.522297851112,4191.085042620394,4151.890112498713,4157.72051672511,0.0,0.0,2.0
1696836353.1484375,147,0.0,4037.7352363731115,4046.223261235522,4185.45432913889,4136.794274251169,4132.027718440766,4061.5923112444566,4067.6390611964684,4189.204661847915,4081.69750894713,4133.49490848041,4118.965611374477,4153.88995298776,4184.760135838269,4029.6581479626525,0.0,0.0,2.0
1696836353.15625,148,0.0,4076.899549997834,4094.0075954565527,4167.582650587038,4029.634906026694,4115.2603662652455,4002.488888836283,4190.517269965041,4132.573056945221,4146.479864079692,4104.031998336514,4075.454502178191,4071.306464398985,4103.048462599579,4123.915352348593,0.0,0.0,2.0
1696836353.1640625,149,0.0,4116.499661382332,4104.341109477292,4094.945404671015,4168.981023888094,4018.4856183879187,4123.932048934084,4117.70926560834,4152.848481219148,4047.053781009019,4167.059780889116,4054.0937782587953,4098.0766245826835,4122.211791974291,4168.589029009667,0.0,0.0,2.0
1696836353.171875,150,0.0,4132.89106488272,4002.5962338572776,4030.8689743792543,4144.080173917512,4136.501923920879,4003.5996386748543,4172.878731348944,4058.286981524065,4000.0622924403324,4180.008961439662,4003.6236916542944,4177.18454225319,4186.4810060806785,4136.127190125183,0.0,0.0,2.0
1696836353.1796875,151,0.0,4149.676193639958,4108.825397207727,4190.806114177369,4127.321182583202,4119.818821372155,4024.378763398905,4023.343237035233,4063.532998342463,4103.181581433211,4106.155327371964,4005.4526178740048,4115.834038981124,4039.9011148715335,4023.1605802003883,0.0,0.0,2.0
1696836353.1875,152,0.0,4100.450741679205,4037.2475984296398,4079.39142981695,4092.067072818955,4126.997843004102,4170.752377279623,4090.054305881941,4051.755326927502,4136.071604680728,4026.059224479317,4081.53601760065,4051.290576306848,4123.026577263043,4092.342420723933,0.0,0.0,2.0
1696836353.1953125,153,0.0,4016.6213781404945,4043.797949513698,4056.1114301588364,4099.526894518304,4135.851145154089,4067.1752527527924,4102.576423356593,4033.0079839124137,4039.1800771658445,4195.442780507412,4020.621082422311,4127.636088040436,4027.0474292233025,4076.957824360645,0.0,0.0,2.0
1696836353.203125,154,0.0,4006.4383376659985,4019.062434534001,4116.377125350293,4052.6344722857566,4183.44390065434,4116.632820285243,4114.802562853674,4041.6605525362606,4075.839209426589,4047.790592162903,4078.5264023665663,4087.645465226012,4155.6858502205,4145.420352605942,0.0,0.0,2.0
1696836353.2109375,155,0.0,4123.400893288335,4045.2956456610373,4065.2630075594197,4129.402150081336,4011.237082960932,4176.017008814473,4191.816255530352,4163.764443009031,4112.960820514835,4049.3168561585067,4164.927237889243,4112.330013262745,4172.778378882153,4129.402944348766,0.0,0.0,2.0
1696836353.21875,156,0.0,4083.5079834958606,4030.967244796883,4070.9038714404505,4065.389727417716,4197.316423983446,4149.855146678054,4145.581897410074,4010.0360308939926,4177.0356928300735,4006.3860682614472,4070.4693370332498,4081.6075191375667,4057.1325243852943,4110.7196084366315,0.0,0.0,2.0
1696836353.2265625,157,0.0,4099.231582742802,4115.342113105977,4153.945800332451,4056.250472655505,4178.957348669155,4037.4223977270212,4071.3210301827394,4184.937808852206,4131.007435000911,4086.221207639858,4039.114419672841,4063.1350973902754,4078.1293902785596,4033.2914529356763,0.0,0.0,2.0
1696836353.234375,158,0.0,4065.8871904776915,4136.097240076569,4035.6181478913063,4105.528897868916,4023.5293252312135,4070.022942937088,4063.6406331783946,4177.788078347685,4128.932123281985,4106.799874531559,4156.4608166665985,4188.19003200609,4024.7132603984714,4053.5322216354893,0.0,0.0,2.0
1696836353.2421875,159,0.0,4078.8693690838413,4045.0308104214337,4121.450927626414,4055.975953367716,4142.62407517777,4050.2893633814124,4036.8895942764616,4041.762108314712,4018.2259231097287,4073.259666892081,4183.62856672835,4122.74320946919,4199.803335609916,4072.611126764139,0.0,0.0,2.0
1696836353.25,160,0.0,4195.294506413558,4008.4852230619053,4163.797564769989,4168.842101535172,4069.557085634565,4190.724696673326,4051.2049032625855,4097.45670470844,4133.7348885805295,4048.0904796182704,4130.959599578425,4110.35534914082,4183.143747753056,4185.900413736476,0.0,0.0,2.0
1696836353.2578125,161,0.0,4060.3249521997736,4070.0326081091403,4131.751757200313,4104.113332955584,4176.36034229262,4166.2583553969225,4050.8193008062076,4160.566406070115,4142.492406825687,4109.76491024384,4068.3452027437847,4067.924449113621,4087.8838256545737,4022.518387307313,0.0,0.0,2.0
1696836353.265625,162,0.0,4010.3735681339635,4061.6042366086776,4013.2073475336892,4066.6876390874736,4019.848690485426,4102.404750558068,4104.60738642984,4155.743711683936,4020.1040386304217,4170.418667717936,4086.493888660428,4009.9221263377026,4069.3713211783997,4018.4003357039433,0.0,0.0,2.0
1696836353.2734375,163,0.0,4163.960842826472,4194.611720768458,4184.855841880392,4137.905016182087,4030.877045615896,4016.556856433277,4163.737238384167,4142.072035397112,4118.390157375954,4166.760938249251,4107.276104511916,4102.111263379879,4165.307390135993,4097.399822137908,0.0,0.0,2.0
1696836353.28125,164,0.0,4179.880376892562,4030.570700153488,4043.600905543933,4021.3129941136767,4177.11088633707,4111.921669596626,4175.008522898104,4025.63337584812,4024.473723733019,4062.303749101086,4145.799766955897,4120.232845716013,4085.142554090714,4039.1188635709436,0.0,0.0,2.0
1696836353.2890625,165,0.0,4094.0820576166193,4185.014488942845,4020.6447132708336,4071.585236284072,4174.870892750162,4074.086174650677,4174.48825055149,4139.7076305987985,4026.1445194770713,4096.170367790305,4180.0636056746,4086.239177459516,4148.502710812761,4014.976263694437,0.0,0.0,2.0
1696836353.296875,166,0.0,4153.4657020638715,4027.7292936525214,4049.780024037479,4093.7122869372097,4061.02131202987,4074.5802033666823,4190.129897497839,4132.417430279999,4008.131682736504,4162.108396960397,4038.2221966750953,4048.2430257236965,4174.942775537256,4079.309538499823,0.0,0.0,2.0
1696836353.3046875,167,0.0,4061.09741670545,4027.6520628977273,4048.482417948626,4014.8553090958394,4020.8086233510357,4002.262816283422,4165.311428428918,4080.600436279314,4043.0104815534683,4021.1429579981996,4139.789882331096,4159.972974832839,4023.935034824514,4190.467928714747,0.0,0.0,2.0
1696836353.3125,168,0.0,4078.849173342276,4149.61033755135,4083.1588198627337,4012.968111576456,4061.7958994427904,4101.552447635493,4076.763185076775,4004.5126355655907,4118.13569340717,4086.843390854244,4187.586871983766,4043.872030922543,4126.687762502543,4179.001548948495,0.0,0.0,2.0
1696836353.3203125,169,0.0,4145.116755998386,4149.065949462012,4091.1044567839535,4096.6412853830825,4190.068815881159,4094.750294856717,4034.7970637070835,4018.5705671140663,4065.597864574126,4053.906842360949,4189.432026786317,4084.539467193222,4196.540543295312,4102.376789682614,0.0,0.0,2.0
1696836353.328125,170,0.0,4036.3598230171697,4028.838136772221,4098.898565050864,4028.2217778384515,4173.513747311475,4074.14642405601,4040.155960951959,4011.913503090293,4094.845530058145,4181.829708355936,4062.6405808394748,4077.222950380487,4095.8247888036253,4001.352547116177,0.0,0.0,2.0
1696836353.3359375,171,0.0,4014.241188025767,4056.4302969716373,4147.2158708820625,4037.804615471691,4015.1629169989255,4135.27684306501,4055.7195870177056,4140.343589273916,4125.614548520389,4063.750369660531,4011.306442659136,4145.490865305889,4031.1426283007804,4010.638044601757,0.0,0.0,2.0
1696836353.34375,172,0.0,4116.085102504668,4021.8360916119873,4178.786009377212,4010.195718558199,4011.8498450450907,4199.128090081018,4081.0457775710706,4094.5893578176933,4060.482692270566,4080.2591424253246,4114.096402996008,4065.336636741201,4035.088086018503,4142.09550058097,0.0,0.0,2.0
1696836353.3515625,173,0.0,4000.5962458352246,4079.833158642539,4073.783943015682,4145.19437781801,4170.2539619082545,4086.321824771281,4137.353393251175,4070.833644512371,4160.867818814604,4077.6643060201645,4093.0011535742997,4187.1318913604855,4099.71156401621,4049.050298671288,0.0,0.0,2.0
1696836353.359375,174,0.0,4126.137618246606,4046.4488284034787,4179.562162796774,4009.3102565163263,4140.52279317466,4078.2803806768484,4070.067788091747,4039.763996504207,4123.069144600387,4160.699829743949,4168.677971729486,4098.483413542671,4062.2123417058924,4105.224733292355,0.0,0.0,2.0
1696836353.3671875,175,0.0,4012.684848557564,4148.198978693831,4071.6986530379118,4170.957977539935,4182.514218298867,4005.42391116021,4058.1343629678695,4191.825976241768,4199.929033637624,4194.439121328688,4158.3839669838235,4169.748333688238,4035.474585661193,4026.0044253365504,0.0,0.0,2.0
1696836353.375,176,0.0,4017.3472258038773,4102.55089383315,4113.8450739543605,4146.818241809676,4127.96261801883,4182.477963723269,4038.595624719764,4158.258905704729,4176.618006755094,4003.5355922632057,4135.665823778637,4111.52859826549,4172.217184892719,4146.38180723854,0.0,0.0,2.0
1696836353.3828125,177,0.0,4049.6259200984955,4081.7759141530873,4188.144440576089,4141.2888268663455,4058.5285952752747,4137.17742134969,4048.5642086075077,4000.9950792093396,4152.357022857709,4117.768515798133,4113.549975096665,4107.425254546946,4069.326845260825,4109.33905465612,0.0,0.0,2.0
1696836353.390625,178,0.0,4153.945429987415,4113.401307206295,4016.9750566767743,4042.4897752611682,4113.297656548744,4173.855949724781,4107.539110166808,4165.035264174366,4107.1002415304965,4062.5686754811622,4104.083685294367,4034.4310727684674,4102.295194401314,4077.9031640821936,0.0,0.0,2.0
1696836353.3984375,179,0.0,4173.764643127658,4005.4552871886117,4006.538361076589,4115.569283771765,4030.0228505450796,4095.677712217461,4046.9506288995676,4045.289973674201,4065.9668724057183,4164.909054232683,4132.579210145704,4006.1387111676627,4081.513650207693,4150.812777471718,0.0,0.0,2.0
1696836353.40625,180,0.0,4145.564746793054,4140.438827379671,4147.470795125916,4063.046639198795,4026.5161643771353,4008.257919584023,4045.3479517950946,4004.1527174732314,4160.901691619786,4005.2569040081908,4164.383029728917,4041.380214230309,4062.0723006287703,4083.8149998001636,0.0,0.0,2.0
1696836353.4140625,181,0.0,4058.3350351634667,4018.676462555933,4008.1234656315814,4015.2168094713206,4118.739462859017,4146.633762394767,4030.6373341736876,4129.6628138009755,4134.16779757267,4049.797726934295,4049.192159314601,4108.9691018846115,4191.309823512101,4112.328735866821,0.0,0.0,2.0
1696836353.421875,182,0.0,4138.390045760973,4032.1178208864526,4049.7249613761956,4186.285468018197,4060.05573598184,4133.3745097607725,4096.7273988696425,4136.930632887772,4113.594505240975,4136.8306909634375,4066.222613979402,4130.1748431110145,4050.503347241918,4124.40926943066,0.0,0.0,2.0
1696836353.4296875,183,0.0,4058.8391058974503,4147.282132926097,4077.7576319206773,4006.9282308476318,4073.9837229988843,4054.2341755852535,4062.463190470194,4028.2388502090917,4004.427405955457,4138.606940146468,4172.585562357323,4020.051747247717,4118.945978866249,4094.327139700936,0.0,0.0,2.0
1696836353.4375,184,0.0,4034.444646488653,4163.374534089854,4067.2721932875975,4030.604420451746,4158.335480234187,4054.555494371058,4194.722692134385,4078.8254771813126,4197.389324199182,4129.500883316631,4013.8518189430088,4012.455721176029,4176.550841433132,4169.064620282984,0.0,0.0,2.0
1696836353.4453125,185,0.0,4177.850163338086,4170.833682995031,4120.086195360651,4134.146444933444,4160.772808772383,4144.702933255219,4032.0724532993904,4055.5176113483453,4012.139878129291,4174.676364178671,4178.392004889862,4174.491386982565,4048.221963186736,4134.661103368637,0.0,0.0,2.0
1696836353.453125,186,0.0,4083.775361173972,4175.729286326803,4133.218479569984,4169.825813331346,4138.217509155404,4009.5739915487234,4080.1240783039843,4171.999569716193,4057.898830506874,4115.792710345887,4144.096739620882,4072.2681411424514,4171.50774123749,4100.0854541553035,0.0,0.0,2.0
1696836353.4609375,187,0.0,4141.082921769327,4115.573523573107,4112.085166442748,4090.3298937891427,4096.816348428183,4043.5104351447458,4047.0546716240556,4162.09341094959,4176.257684331737,4060.978567087614,4067.3210073903933,4125.678024533167,4026.902780713555,4165.905730413661,0.0,0.0,2.0
1696836353.46875,188,0.0,4028.7802113996277,4072.416246346994,4099.579681448482,4040.6140086388964,4038.3639096142874,4151.87975949953,4012.7363255257596,4165.735016582001,4104.015875978377,4165.544889721377,4167.85261687875,4023.0630711211293,4022.573022894386,4029.2235263166444,0.0,0.0,2.0
1696836353.4765625,189,0.0,4023.7043911122596,4107.5092796185045,4180.911332451491,4147.121733244427,4003.0263231262343,4037.821710393614,4073.0733261317087,4094.893313232797,4087.0405556187866,4009.5158082486023,4163.876193508362,4045.9620773770216,4043.286085305914,4058.7270921429526,0.0,0.0,2.0
1696836353.484375,190,0.0,4027.2536735291214,4034.754779120306,4166.413255165929,4121.013533973634,4196.739527255346,4103.619593668741,4050.7360551077386,4115.13799806185,4002.0326989044224,4192.876921400503,4193.283537494269,4157.335469717982,4197.578250936365,4072.465401555419,0.0,0.0,2.0
1696836353.4921875,191,0.0,4081.3781167802154,4194.8903608792925,4144.3039079444225,4119.3573677435115,4005.8449214422953,4062.5949985849147,4144.295886765118,4019.1413208487916,4120.581765905575,4161.98500351566,4023.94059172508,4030.023059689054,4078.9979034147414,4144.509568701863,0.0,0.0,2.0
1696836353.5,192,0.0,4117.42808203206,4031.625780571436,4000.539771685263,4071.7175844152325,4021.4544252456517,4017.88548697335,4001.409344296013,4006.2186260282574,4088.7423833439248,4113.80913443833,4196.71087497854,4162.246147342692,4189.39315234022,4095.7624365578813,0.0,0.0,2.0
1696836353.5078125,193,0.0,4047.6371036595488,4102.92532725876,4194.424856991666,4095.9908569781624,4032.532436771236,4056.6778930375826,4073.075244190718,4090.98898678936,4047.935964820355,4080.4807659500298,4017.3834793878023,4133.555102027712,4078.866003272076,4196.001986951223,0.0,0.0,2.0
1696836353.515625,194,0.0,4172.858468808042,4178.190113017746,4137.826391860421,4110.107530439271,4052.4956907477413,4061.9252396047928,4009.2586366360565,4110.8818350741385,4034.085403344088,4002.8452462465407,4130.697134276503,4007.161119960301,4071.496231576615,4062.647074393164,0.0,0.0,2.0
1696836353.5234375,195,0.0,4146.57504746017,4163.275932374924,4087.1858250632677,4059.292752055301,4189.972911541896,4064.038778813368,4177.121668248364,4143.848053384456,4138.489404596049,4001.5245750183767,4023.7384896545614,4142.632065897884,4179.745220624714,4186.414637628598,0.0,0.0,2.0
1696836353.53125,196,0.0,4119.452463741298,4087.503146720666,4088.9689160925595,4145.507104492411,4000.9026770341875,4012.917192924732,4131.973262834875,4191.376764286082,4022.6574113097968,4190.5678077907405,4100.431203239368,4105.653014660338,4092.3417619903566,4031.547029254409,0.0,0.0,2.0
1696836353.5390625,197,0.0,4020.5365466311273,4111.428292609876,4089.461335510711,4022.921984016592,4139.111064374039,4069.354173848855,4102.8541047241,4133.90206328512,4028.790955781376,4051.8213321794815,4112.7222106562185,4105.615913714,4130.020626646992,4195.50552127204,0.0,0.0,2.0
1696836353.546875,198,0.0,4054.6533149354173,4083.9017594480156,4175.0369429682605,4191.313642822209,4194.850521843512,4183.195893443893,4170.452657164545,4186.1061184671535,4165.561598397672,4176.726112574673,4196.105894423671,4089.502540133866,4142.6527014989615,4174.977440508072,0.0,0.0,2.0
1696836353.5546875,199,0.0,4191.723384860212,4093.3281140090567,4113.635811930137,4151.905487493353,4030.8736333169895,4048.824467665043,4076.3563706698324,4002.940778970508,4184.19217718009,4175.987464798347,4030.3361416251064,4195.579339434477,4056.761198745766,4053.069746820075,0.0,0.0,2.0
1696836353.5625,200,0.0,4166.0040146416995,4188.757942137339,4093.050545128198,4098.143142486059,4134.789298260997,4002.5972909823226,4077.0168136457064,4146.55125158075,4056.888405130409,4165.448064124345,4069.4121247865282,4154.200656828361,4187.587426954513,4142.011607343438,0.0,0.0,2.0
1696836353.5703125,201,0.0,4105.76519346172,4051.5771948868464,4042.180840892973,4179.24768602068,4176.889396025581,4114.176448132576,4118.833689464054,4108.365852287677,4098.02306147523,4146.005547897576,4067.5296488147887,4011.673869174581,4096.227879028065,4191.200903863063,0.0,0.0,2.0
1696836353.578125,202,0.0,4003.6017431239225,4190.877674591791,4025.773667128754,4095.1358337996867,4160.401139601701,4070.0893785331814,4082.5082640470687,4162.363872980285,4024.003226199942,4144.768165270363,4040.794374343726,4179.012909385746,4085.784987517307,4131.00490156314,0.0,0.0,2.0
1696836353.5859375,203,0.0,4152.940747364265,4178.051576168661,4081.030058806048,4077.9958124750888,4056.778153284199,4018.1830743732953,4077.205008027842,4023.2062500613715,4001.694617649554,4197.037460396527,4048.210136736026,4157.212434642097,4077.7163693624775,4055.9517746998013,0.0,0.0,2.0
1696836353.59375,204,0.0,4154.230076192971,4054.239752344439,4025.8641099419083,4128.265618666966,4120.786794587297,4189.714171724139,4094.9528846612034,4019.0095584321625,4064.9752558507435,4067.801423611689,4026.094694599639,4170.271109659696,4175.179337535141,4011.9581001722904,0.0,0.0,2.0
1696836353.6015625,205,0.0,4080.6030077466726,4056.0857163513992,4114.622732740504,4100.053821103297,4158.772089595135,4098.000482105455,4011.256734301738,4096.311135341789,4050.10277277963,4152.293004763025,4051.4040912272794,4168.555332544368,4019.832725632779,4077.2569681240648,0.0,0.0,2.0
1696836353.609375,206,0.0,4139.584764557904,4161.147909792896,4072.397146848968,4108.201002787247,4097.348618872902,4009.3065569634778,4084.505282682545,4105.311642086405,4139.092456803118,4095.7435705558096,4009.059360892254,4196.004867935636,4069.1351423541473,4181.61948169327,0.0,0.0,2.0
1696836353.6171875,207,0.0,4148.655329435729,4142.17773950979,4016.553660568149,4190.37250139892,4119.715849160788,4104.711029260702,4138.450118250608,4055.5508481612874,4035.404637915646,4009.474603860672,4099.097650674507,4137.032403968606,4053.8254993620812,4165.4195939884385,0.0,0.0,2.0
1696836353.625,208,0.0,4076.1692640453725,4190.424901849185,4003.07017445046,4002.265060976583,4070.980861316687,4085.201234174919,4075.3090459821997,4070.813572365932,4170.12196133762,4152.315211763923,4135.874650714995,4148.977757267598,4093.809548860934,4053.4413082159217,0.0,0.0,2.0
1696836353.6328125,209,0.0,4100.522398520701,4071.3456324330064,4044.0391667263593,4183.318236212292,4118.638355459668,4009.708821598411,4126.716399852008,4078.3326476904995,4042.88962415578,4016.854788229043,4143.131829143248,4124.596971866938,4162.537208048899,4169.98231821738,0.0,0.0,2.0
1696836353.640625,210,0.0,4050.7664433574673,4068.0931124342137,4071.857503679619,4056.3452082231793,4109.632717846141,4001.5427055671407,4074.4848435268386,4001.4395106256484,4176.894412130109,4166.473464185156,4173.042959882405,4137.851538087463,4084.169932864859,4036.4326999067175,0.0,0.0,2.0
1696836353.6484375,211,0.0,4109.624545989225,4054.553237165204,4170.258108100988,4129.644195960891,4065.151051564163,4125.011407436728,4118.270006834325,4143.270161996481,4181.705633799738,4029.6933523334383,4101.709102709234,4001.574698628673,4152.615942583645,4064.4500463049153,0.0,0.0,2.0
1696836353.65625,212,0.0,4003.6605965621957,4161.6754566645395,4151.375890174604,4037.1828181065976,4130.115531946868,4196.260631173203,4196.118555035339,4160.969459932487,4054.190570095007,4021.1632326980484,4094.638761365933,4106.765187668653,4041.0471514387564,4176.071153205137,0.0,0.0,2.0
1696836353.6640625,213,0.0,4041.96834222526,4196.887321939912,4119.203996732062,4012.6097922845042,4129.791742818598,4188.551507156015,4031.942967176583,4028.1004417665818,4005.967323872258,4145.9964778484355,4044.686651157065,4187.303600057983,4006.4421288517938,4161.5342680143585,0.0,0.0,2.0
1696836353.671875,214,0.0,4047.976166656958,4070.1891729385266,4048.1026973067583,4050.8295498600687,4021.733340054511,4005.2283436462913,4108.104141690799,4088.036104049296,4149.229025531895,4019.7206917599533,4076.3246255153304,4133.166649323194,4148.273518206399,4015.0446059949472,0.0,0.0,2.0
1696836353.6796875,215,0.0,4191.101583426474,4060.3177476766846,4117.628386145341,4042.899484483462,4159.366604094632,4198.5306597304425,4060.679125815987,4118.698015004438,4108.396069138647,4020.070213847698,4051.539059324025,4069.7519653680674,4140.875153618233,4001.752503021761,0.0,0.0,2.0
1696836353.6875,216,0.0,4177.4233555337905,4022.3590456750408,4155.022336047963,4073.828584546642,4165.647692302508,4172.5358053472755,4016.5481134344536,4050.059007494387,4090.39002370221,4112.639726604211,4163.502705716408,4109.634920916573,4028.873419177984,4093.7750314778377,0.0,0.0,2.0
1696836353.6953125,217,0.0,4147.016050666706,4059.5951747083695,4142.146589116718,4118.272132022304,4104.020815039829,4129.012426340795,4069.0778114720642,4134.524559186861,4057.822641171475,4041.031553081654,4157.930029000671,4115.265381181231,4093.0071746004196,4165.744894861105,0.0,0.0,2.0
1696836353.703125,218,0.0,4154.912112891893,4110.389833030319,4017.3119516555075,4013.992650209716,4086.7794406493176,4132.127153924823,4014.69476927631,4148.947184912204,4038.1491488315305,4014.91927543145,4099.288844957858,4187.857548950313,4002.869993917983,4030.234385739394,0.0,0.0,2.0
1696836353.7109375,219,0.0,4038.2725948441166,4113.082023784336,4128.5359564781465,4132.963770979843,4080.4484376443042,4151.807817273219,4056.6564053468887,4120.358577435123,4151.259304349276,4032.7272481771474,4004.0041248158323,4065.7815573347425,4167.23373499643,4192.978827951168,0.0,0.0,2.0
1696836353.71875,220,0.0,4138.747301633445,4195.566787000521,4034.6305290071105,4115.259845896985,4148.9903598850815,4133.0660477588435,4038.6703364480977,4135.697015181664,4072.075988602505,4132.550622438782,4061.257387456366,4174.155706223862,4165.7945808451805,4194.151625514284,0.0,0.0,2.0
1696836353.7265625,221,0.0,4074.5934410015807,4193.170533774146,4060.1632360023705,4097.575545174437,4019.794493009592,4106.975165626298,4186.793956206704,4161.356804442402,4148.95388868043,4113.116361127128,4165.755885915815,4056.920890880398,4023.344093406094,4168.616608862384,0.0,0.0,2.0
1696836353.734375,222,0.0,4083.0956434399236,4188.469520102758,4069.9746905981287,4002.26612666863,4106.842677357751,4064.6318686662926,4032.2164202062877,4125.127410684111,4149.830562715053,4029.8415386945003,4160.36455677779,4031.429137365286,4074.0640311751918,4002.58577838275,0.0,0.0,2.0
1696836353.7421875,223,0.0,4199.160203623008,4052.188987001222,4173.3937905407165,4090.327815965294,4116.649756985569,4141.007695991497,4000.929860670124,4109.853992290325,4194.587983592111,4114.310704696631,4027.4142324717304,4087.9694037069826,4146.771103049412,4135.8726519199345,0.0,0.0,2.0
1696836353.75,224,0.0,4037.5002215614177,4066.1484395191865,4039.837873802742,4014.085754621141,4021.594910037827,4049.066972487823,4123.495697244024,4021.7878722812225,4192.605213602505,4167.067645874526,4057.7390325255947,4133.4792247161495,4129.7549660605155,4005.4861115398667,0.0,0.0,2.0
1696836353.7578125,225,0.0,4104.501911358769,4103.943275643049,4187.539607536567,4081.4987530013195,4076.5488090191793,4038.011785733613,4114.746710743568,4068.3189874984664,4064.503507463461,4182.431398070168,4172.332741612901,4000.3081274317324,4192.915286415409,4077.8504331145277,0.0,0.0,2.0
1696836353.765625,226,0.0,4006.039986415068,4114.702225796145,4064.4106527715276,4147.428993620239,4062.896647467569,4199.420844570947,4134.157981991013,4183.399264968596,4017.5095106668564,4006.3480218719415,4016.2467142142887,4051.3870186816152,4193.373918491608,4119.276042606122,0.0,0.0,2.0
1696836353.7734375,227,0.0,4083.9465089153805,4041.4388557889147,4085.240814987086,4163.007272809085,4055.393971416171,4016.1762703445625,4129.269790079357,4151.00057699255,4094.6359534097187,4091.4061601457684,4012.7272227334556,4067.807953852992,4063.69318023345,4102.3977322916535,0.0,0.0,2.0
1696836353.78125,228,0.0,4178.198257514257,4066.2602585157315,4083.1980534473714,4188.01062399771,4182.220092500993,4134.858831286484,4104.151799845318,4058.3009542440436,4135.0488740222745,4184.402672760374,4084.4452096014725,4104.977448271661,4097.318930172581,4104.338524846849,0.0,0.0,2.0
1696836353.7890625,229,0.0,4142.778547983787,4182.521100974304,4096.867978823033,4023.6361831614063,4049.8533555884937,4029.085464563864,4033.2847378186725,4068.9809816426346,4082.371044171363,4064.8167516998683,4123.105686245112,4192.127790173168,4112.075573115186,4151.722482616527,0.0,0.0,2.0
1696836353.796875,230,0.0,4143.083878342919,4053.52038142331,4067.960373195424,4119.725456308558,4069.198032259812,4103.682436645363,4024.9044451714553,4032.437735834629,4046.0658990031093,4130.438596220075,4195.292407711722,4054.1233371918147,4090.8394902207665,4051.9976372249666,0.0,0.0,2.0
1696836353.8046875,231,0.0,4095.361497826495,4006.225312628283,4176.782472231604,4067.223772188769,4099.598087786362,4010.1897650635715,4188.802221689035,4161.850643357463,4010.899126564844,4060.302263629216,4079.8798683435266,4056.5772974034744,4095.036414345641,4115.746519779467,0.0,0.0,2.0
1696836353.8125,232,0.0,4146.486952423156,4148.811189839163,4125.246918383521,4115.773676405321,4123.166412647871,4134.905400714707,4165.9078228908165,4034.8713928707116,4005.6647394594884,4068.315661023359,4172.064640529477,4174.898150176972,4142.787889503663,4177.555242145684,0.0,0.0,2.0
1696836353.8203125,233,0.0,4095.5920190854276,4079.1794561513843,4187.596652665173,4198.539013850764,4001.852413743713,4066.945184792193,4018.7740517239413,4113.910775917209,4024.600317895165,4080.600574030196,4055.0699300434635,4043.448460672557,4003.2170882380283,4045.348738392541,0.0,0.0,2.0
1696836353.828125,234,0.0,4189.619516550067,4014.6293692940153,4026.0808064360035,4059.0775539503024,4171.636182933047,4049.422182450497,4179.985185803463,4088.7364870560496,4144.363211568828,4138.008381532321,4137.672102324281,4159.368019124157,4166.676491768156,4122.81759478182,0.0,0.0,2.0
1696836353.8359375,235,0.0,4104.57350923861,4092.311851931191,4022.5535468438893,4002.265798848394,4019.370263371393,4049.533134434572,4113.67423537921,4154.803814991571,4148.401817360566,4109.233087248094,4173.050242748249,4033.225496734441,4183.989579901812,4040.298379732305,0.0,0.0,2.0
1696836353.84375,236,0.0,4022.1927198566573,4062.9969218531537,4150.879063876882,4116.105226518206,4045.61851895318,4104.756335310425,4193.771074168312,4187.377471721344,4047.9642471709058,4105.254840391151,4071.7598995695803,4049.1259874238576,4189.7411250502655,4178.089311789671,0.0,0.0,2.0
1696836353.8515625,237,0.0,4193.708789913406,4164.65923257174,4176.736433626841,4057.8280087072885,4040.0454735714748,4103.7536007580575,4164.079836722866,4008.514114040791,4197.607067640606,4128.993183689516,4086.9835350199214,4064.483912134771,4142.424397935502,4024.1776111152694,0.0,0.0,2.0
1696836353.859375,238,0.0,4099.913951018232,4152.850106400024,4020.6688492545586,4195.185802039709,4136.327263176907,4131.015852260665,4180.131743816243,4189.717730929415,4055.1951721851037,4075.4655312115874,4144.806518135105,4060.066734606336,4165.021979511707,4000.190312533701,0.0,0.0,2.0
1696836353.8671875,239,0.0,4185.253694662289,4150.625415621411,4032.1101877039487,4143.3745899928745,4184.0662800100545,4112.6017247528,4161.538599864442,4187.782176374529,4152.226243500787,4026.4671080730086,4055.585794203339,4021.606370571943,4081.04845656437,4151.5105435988435,0.0,0.0,2.0
1696836353.875,240,0.0,4187.816321308197,4011.750887222737,4166.402204106633,4003.3614275225596,4182.854565475934,4081.194008563996,4160.7749493209785,4131.843811806555,4051.194149625364,4131.028924384156,4103.053179929362,4194.682387718477,4055.7349898600346,4018.273340067731,0.0,0.0,2.0
1696836353.8828125,241,0.0,4161.236447245243,4024.8526786473644,4066.087880823475,4189.591202824513,4159.373397371123,4069.4477405622256,4102.429824227037,4027.5217293285527,4102.253346806866,4115.68390172929,4048.582490676629,4029.2476811814995,4138.16371980681,4172.930568302749,0.0,0.0,2.0
1696836353.890625,242,0.0,4198.66671007039,4088.9474785207417,4195.790472797183,4050.0871249698603,4199.754051918271,4019.9738768898824,4063.2795585700833,4096.855514239469,4192.5241474547865,4120.257317272611,4189.169300554445,4138.269861802933,4166.016657398439,4113.989640020971,0.0,0.0,2.0
1696836353.8984375,243,0.0,4168.615194427814,4130.275132032062,4089.988226978593,4178.5752235091,4176.7114076551925,4189.137581395549,4107.600744352636,4154.949683473001,4139.697247091442,4094.0536073366125,4111.57763793749,4060.407086168005,4135.039187013771,4189.252751691725,0.0,0.0,2.0
1696836353.90625,244,0.0,4118.470160504942,4197.11319652747,4111.1892975735,4124.50866639529,4185.238069289836,4019.6043674290836,4036.48477018555,4079.8060737168335,4171.121498812986,4002.445906344568,4154.521248395788,4190.916197880821,4052.7882137257493,4032.533922730001,0.0,0.0,2.0
1696836353.9140625,245,0.0,4180.0794093204,4171.569362219569,4101.983633535243,4000.7833298569985,4135.857714789401,4143.118033477235,4011.1030683984027,4123.841890110339,4104.079062397819,4139.220065549821,4158.676712647467,4090.924979833153,4018.6070675040437,4178.064299300037,0.0,0.0,2.0
1696836353.921875,246,0.0,4004.1300628341496,4012.8892597441786,4115.442318929882,4185.217188795285,4187.272580933684,4156.526997783723,4032.7361424789483,4178.540713053064,4110.991822734135,4170.700614603421,4087.7126069755523,4046.1513230028427,4147.3867544774785,4119.362328824201,0.0,0.0,2.0
1696836353.9296875,247,0.0,4155.992145291125,4011.8815767576475,4109.796972922101,4059.3061165875206,4092.092339905044,4011.7454147798157,4153.894520063538,4139.775255947956,4005.2982074373576,4162.325645310737,4106.197582107337,4022.609704796398,4057.845351407159,4193.474189178175,0.0,0.0,2.0
1696836353.9375,248,0.0,4128.016278117637,4073.263775384077,4077.608124786939,4073.422838789602,4055.6001405563234,4052.95422392263,4020.828557207114,4079.9668723696695,4154.059602129293,4140.455298148179,4068.1134867009123,4031.5276083539907,4114.279931519476,4005.561887374418,0.0,0.0,2.0
1696836353.9453125,249,0.0,4005.3735669526186,4082.296338209055,4158.957128629596,4010.098080894414,4062.4193945276515,4101.9952936265445,4090.2182468351602,4193.277406282698,4059.900864613402,4137.657011828145,4091.72826556766,4146.962725014171,4185.548248128735,4016.4733244869553,0.0,0.0,2.0
1696836353.953125,250,0.0,4191.530048942004,4012.571031376996,4186.14551960846,4080.5495704773493,4169.379384799564,4181.088017232845,4139.710511984879,4005.8411845198584,4034.6698352322783,4119.235478906486,4132.1322467259315,4128.132550581903,4000.2991963638087,4054.9923931130975,0.0,0.0,2.0
1696836353.9609375,251,0.0,4193.306185775602,4117.98303894867,4064.4080386409905,4092.4345334655977,4143.031118984035,4148.726438688786,4132.560297804518,4083.9574053120064,4101.887113948926,4021.155423687227,4163.46149514121,4189.359344998243,4103.617249888016,4113.606587797583,0.0,0.0,2.0
1696836353.96875,252,0.0,4051.921523719163,4074.8611492792065,4100.352157760043,4063.817661093426,4111.854078289172,4160.021704593996,4151.261891069036,4171.580964514427,4009.424216902962,4070.51699009401,4111.58999463728,4180.044651442253,4028.613720985417,4105.360259299297,0.0,0.0,2.0
1696836353.9765625,253,0.0,4047.5031209497856,4040.0980198086877,4090.7953960077475,4114.889474336251,4193.131365131733,4028.3253416872617,4112.593088853798,4103.95348940598,4186.0177307995455,4010.787641267694,4045.2135226650485,4010.193940564896,4035.0777872195313,4181.351963361856,0.0,0.0,2.0
1696836353.984375,254,0.0,4125.650422786933,4028.575389063728,4039.3635572455514,4164.170527032245,4170.379927120556,4153.270720108146,4034.5586097132878,4005.190615727299,4074.418057602725,4194.434639751744,4190.906356759682,4032.586200255261,4110.354978110442,4171.848922675124,0.0,0.0,2.0
1696836353.9921875,255,0.0,4162.677623537939,4114.975088397129,4144.848484975107,4135.936792127978,4165.428065905232,4153.8042235504545,4058.7322129757717,4157.704640300267,4151.200298324851,4188.844742066098,4060.3360873412366,4069.5584269268497,4166.00340999495,4089.7840946445026,0.0,0.0,2.0
1696836354.0,256,0.0,4093.6577096791316,4123.982394215273,4065.324918148569,4097.62575883048,4043.8613345712783,4067.772834637022,4100.413299777271,4088.7668017559918,4026.6817964462434,4187.67865499668,4150.979709925223,4196.977159453891,4085.935456704221,4105.528977537961,0.0,0.0,2.0
1696836354.0078125,257,0.0,4075.5317608184055,4118.132120868822,4147.92356825365,4153.0599761217145,4189.641401759528,4116.139423532585,4120.0465168785995,4080.823763751499,4166.512596925877,4005.434209379537,4135.361022438532,4024.324399427613,4103.447439200031,4115.5386994971095,0.0,0.0,2.0
1696836354.015625,258,0.0,4010.7528920232353,4139.241461134734,4044.5673634372615,4121.564119859215,4118.995799085356,4131.168155219703,4136.65498477205,4133.676490441948,4035.809791394652,4040.9575641091965,4029.809497195328,4053.7417117044415,4119.927719985854,4142.033625227126,0.0,0.0,2.0
1696836354.0234375,259,0.0,4137.707999819435,4024.2328789791654,4093.6861201805787,4024.187984001374,4012.220657468842,4007.81896849346,4171.803132545489,4161.124656010726,4132.233892486227,4101.859393637272,4015.262757189694,4087.2880149472035,4178.93968046315,4003.075849181758,0.0,0.0,2.0
1696836354.03125,260,0.0,4092.801742629225,4079.394766034215,4163.450414450106,4178.942410188999,4014.0240856096343,4192.8321633428095,4123.406100983891,4095.139082934787,4148.901937389323,4101.107904286777,4058.8426735051007,4198.067547922386,4188.12683578578,4116.227222989334,0.0,0.0,2.0
1696836354.0390625,261,0.0,4098.757951688497,4118.468797202586,4084.7794394237894,4174.466209788909,4004.43566889296,4144.08309909572,4030.347325880242,4156.316600448694,4025.0636503202322,4072.781291627715,4085.4964377406477,4103.696573782758,4164.26853343092,4005.088967585878,0.0,0.0,2.0
1696836354.046875,262,0.0,4058.8122973965937,4071.0052238923295,4008.250940995376,4121.457243689579,4075.1633944909577,4193.718754368769,4137.466229928953,4127.153813424321,4097.809112747655,4071.9981114540487,4166.5432947004365,4065.87918722058,4172.113617020971,4034.743303439486,0.0,0.0,2.0
1696836354.0546875,263,0.0,4159.386949735162,4135.235747579069,4049.0248970738853,4062.5963659680133,4067.656033840901,4104.757959740608,4039.671824038854,4145.60834356245,4141.776076810247,4171.168073768225,4098.55446320828,4095.156987630912,4186.951718191323,4197.123733665388,0.0,0.0,2.0
1696836354.0625,264,0.0,4102.484388171745,4177.990755361145,4190.034728777829,4017.5780188969566,4118.7024804113735,4134.215803519363,4010.1032583502174,4172.380242708811,4042.068025542864,4083.354019004686,4189.426998314303,4087.0060629913187,4084.1922370443717,4130.954273717054,0.0,0.0,2.0
1696836354.0703125,265,0.0,4014.1393664806933,4017.900492042045,4031.183995321444,4116.337600605506,4127.0948194090215,4165.435528809841,4096.4409781917175,4088.831265942331,4077.4214749134467,4158.221749959268,4157.6456328702,4049.9383344119638,4014.0395486325765,4109.985698265705,0.0,0.0,2.0
1696836354.078125,266,0.0,4178.829799540006,4164.109736029329,4031.20667548944,4002.578241364673,4159.512633006127,4096.429444814151,4113.626899700892,4064.358487692438,4144.046088650413,4118.017714956063,4127.418592150274,4130.71556563887,4105.47305742632,4023.7940271367697,0.0,0.0,2.0
1696836354.0859375,267,0.0,4129.38041501998,4102.62955496608,4181.877948462704,4094.6157438140986,4000.846586881343,4183.612986784492,4100.851660617362,4082.9946517242265,4072.0454028157374,4111.563032625531,4002.9010621454686,4148.338010266037,4195.3393371140055,4047.788474026125,0.0,0.0,2.0
1696836354.09375,268,0.0,4036.3159882070554,4078.0962089084574,4000.303430989928,4195.7835605277405,4101.334728558607,4134.42993670617,4055.3364232274766,4117.126612868547,4131.199203227955,4116.630478582593,4032.8663777912725,4084.433695669445,4157.513236659495,4012.0655399336674,0.0,0.0,2.0
1696836354.1015625,269,0.0,4079.472140529478,4120.747977707854,4162.139319573699,4081.490957273911,4172.128109539627,4135.306481330677,4149.895081650242,4004.7506234015987,4140.452830263101,4088.789605652931,4115.222328185613,4104.366074048729,4045.093608509357,4040.934901650092,0.0,0.0,2.0
1696836354.109375,270,0.0,4126.171321791435,4160.463243082622,4183.394264011923,4024.54425955589,4028.8701144115503,4073.5785361414696,4191.885810068197,4023.1322753429954,4073.3206659119815,4032.9687522658414,4199.149517929566,4170.849111329438,4020.889903020301,4024.210986149804,0.0,0.0,2.0
1696836354.1171875,271,0.0,4006.9445652531317,4156.387227506202,4108.258540255884,4180.366040179201,4048.3114902706925,4025.3957074141435,4151.784084538212,4077.26282955357,4155.582303357242,4082.8704470216694,4126.7613272526605,4046.154442383092,4103.6845735033285,4097.6798325410255,0.0,0.0,2.0
1696836354.125,272,0.0,4163.053859989039,4024.0196394479694,4066.4993551450043,4140.163209947765,4098.5159931954195,4034.7046114142904,4197.8295537649765,4094.979591885445,4172.29274500216,4111.277617629132,4054.90219701546,4024.722073245318,4104.627210352881,4150.423635202498,0.0,0.0,2.0
1696836354.1328125,273,0.0,4125.582555188385,4013.0858074009884,4194.892637444947,4033.908551933488,4031.6489025328483,4196.875217526774,4088.288715892553,4147.512309336889,4118.0546370271395,4057.887629889472,4006.114247888873,4056.1119198719457,4112.93560092094,4107.6756056537815,0.0,0.0,2.0
1696836354.140625,274,0.0,4090.9682064451094,4085.887294277681,4076.1994594351227,4069.6673217162115,4157.389494321232,4197.490860266092,4196.381309111931,4054.1877939701435,4116.237845480626,4117.740900223229,4136.686398410415,4054.126862218025,4192.588530769745,4083.1857735406493,0.0,0.0,2.0
1696836354.1484375,275,0.0,4107.733625150033,4135.3478770557285,4110.170002174352,4055.8168310393658,4123.569730609135,4073.9466634406763,4104.6248911351695,4078.12774702153,4192.725612922285,4036.9126018238085,4053.907780140771,4059.159916089543,4116.41363018981,4188.549355941663,0.0,0.0,2.0
1696836354.15625,276,0.0,4153.811268200128,4197.849108111713,4022.1558717514586,4151.360114902731,4147.749737501103,4108.561313109496,4051.8641691354774,4039.557719317474,4150.307982511891,4121.524905683962,4077.492765315955,4170.407516334966,4158.427358314413,4197.905745699812,0.0,0.0,2.0
1696836354.1640625,277,0.0,4003.0526486501544,4031.803483851977,4106.526000200114,4071.799708363457,4009.819284655691,4192.029641938154,4184.586532349078,4088.164891504115,4107.995786066994,4040.638998564021,4132.716391159197,4188.3525659469215,4113.360586491411,4052.794119600022,0.0,0.0,2.0
1696836354.171875,278,0.0,4119.933572855265,4106.101488333324,4003.1116353071834,4095.6277572656054,4093.5789712699475,4016.9918981200526,4186.847305395791,4083.3981310808535,4005.0761442399344,4155.148012486915,4154.29824628941,4032.1074600087586,4197.239705580806,4011.433410163558,0.0,0.0,2.0
1696836354.1796875,279,0.0,4195.699174210902,4029.9939110417126,4126.358706519949,4034.2560129575472,4127.757196413523,4177.892860547677,4005.335123618335,4113.157798090381,4019.4314954741767,4057.7672642957605,4153.094216140482,4021.599036242662,4125.376492378081,4099.137734484344,0.0,0.0,2.0
1696836354.1875,280,0.0,4003.6705734436146,4155.575936428183,4105.797953073556,4030.8849396861788,4172.847788090713,4109.737147279996,4070.402023449667,4185.370525410686,4060.5951509823844,4134.698834279969,4173.549018173979,4039.2724066850988,4078.910373545562,4103.130670233805,0.0,0.0,2.0
1696836354.1953125,281,0.0,4054.1755789518243,4174.1119932271695,4103.275967734188,4004.653789446466,4101.140538538345,4180.915013820438,4120.721035181105,4192.358829773009,4149.599820011919,4158.42006201425,4047.6623088504734,4134.921561158521,4171.207165008649,4170.45715148433,0.0,0.0,2.0
1696836354.203125,282,0.0,4071.514108516852,4064.4013141258606,4146.831579293633,4121.604327295,4159.832582710383,4137.188984728818,4179.806690777903,4199.791350195801,4181.136438867799,4064.341899946505,4085.949642461036,4159.632070694019,4061.3058509063285,4130.869238455331,0.0,0.0,2.0
1696836354.2109375,283,0.0,4091.734981019259,4189.457402655958,4172.6687963285,4041.1346301207695,4021.605323310688,4025.150859598801,4082.495612882414,4123.14369357112,4010.9741350620084,4145.59325173448,4154.154168869179,4104.671488840457,4146.21947408596,4022.105127412691,0.0,0.0,2.0
1696836354.21875,284,0.0,4098.272143930271,4008.113578394509,4074.1842400692613,4180.37337003156,4062.691403631255,4160.352817503754,4074.0191693906622,4064.579784347488,4074.3828462010247,4045.421079100139,4123.526338786823,4006.979648301539,4107.044436307346,4198.780045824071,0.0,0.0,2.0
1696836354.2265625,285,0.0,4105.270952086948,4148.8172021604005,4086.075971220731,4095.7228050740414,4142.212859210961,4089.059167929301,4049.5510040158442,4035.6961464175047,4077.280880680044,4065.064579423994,4012.519829178206,4158.581862443068,4073.437407669927,4019.672154633935,0.0,0.0,2.0
1696836354.234375,286,0.0,4099.296162340213,4135.143014776742,4165.065569541331,4012.5017421429643,4198.307578060835,4084.304092559697,4090.130681909884,4107.584456945484,4018.694772794937,4117.118989055407,4018.014137658373,4112.156827814216,4000.012867036504,4012.2440790697988,0.0,0.0,2.0
1696836354.2421875,287,0.0,4157.485643512531,4135.464658473287,4047.54513476179,4002.3795620252367,4139.375044463615,4182.794631910552,4150.575315934793,4097.636614982569,4104.874867760652,4113.03806373385,4152.493780644772,4063.852563200697,4110.57947378189,4161.995052207632,0.0,0.0,2.0
1696836354.25,288,0.0,4041.632227600059,4157.006774261863,4012.3913636375887,4082.269039469337,4013.9713089499123,4079.3364409817336,4186.149464538859,4123.23473544009,4070.675884729167,4127.5440392722385,4123.617312700911,4162.282832579319,4052.8057852378233,4094.665806586982,0.0,0.0,2.0
1696836354.2578125,289,0.0,4194.614254829867,4020.3102648722925,4197.904992584025,4183.435302808588,4097.124251844178,4169.39164997856,4013.4815172821936,4054.031296179992,4088.859662132216,4032.689789734666,4085.6370041306373,4012.8025128502136,4050.9679357785535,4015.403205782117,0.0,0.0,2.0
1696836354.265625,290,0.0,4161.646359884376,4150.417411355409,4047.4731101979005,4122.472604316156,4157.768759163215,4000.400733884135,4008.069947069012,4093.814132488998,4014.6035921652983,4092.994235281623,4000.8831227352607,4165.012417598064,4120.817281828265,4003.4901675521232,0.0,0.0,2.0
1696836354.2734375,291,0.0,4108.040398677451,4007.7132414483244,4012.178278767005,4148.89241856306,4095.7057681373826,4094.4085842130653,4138.841478883454,4109.195385971357,4015.779175734622,4074.482248078047,4020.8897357808087,4073.2269338520723,4007.4027278211333,4003.7277595880655,0.0,0.0,2.0
1696836354.28125,292,0.0,4047.764255598682,4140.531777967864,4017.93519505548,4022.8268954545456,4170.305060963272,4112.095196967755,4091.5295722536466,4071.6167429868124,4044.8049833953246,4155.642989994882,4008.5879645844298,4033.5498025234806,4196.519489689809,4119.933939333746,0.0,0.0,2.0
1696836354.2890625,293,0.0,4187.449253146563,4168.548456710704,4049.707696428424,4170.663394083235,4064.9045395064004,4045.0699080675954,4005.5387992073893,4106.501342900593,4095.6489641473763,4068.7841106870706,4187.029611333553,4092.7842046925834,4060.735970478038,4135.915835093117,0.0,0.0,2.0
1696836354.296875,294,0.0,4121.0863990398,4088.569660937642,4052.6841274786666,4095.9728184307924,4047.308575992183,4035.4164652293402,4162.033979265979,4176.15267113327,4028.5032971362793,4197.4468269902745,4161.930395985734,4198.674595627315,4142.691197766274,4012.3287002110956,0.0,0.0,2.0
1696836354.3046875,295,0.0,4078.7273982573115,4182.079950513671,4118.412196214676,4042.154135505072,4013.0528618487897,4157.2379229117305,4045.394809491974,4153.411171471912,4004.740777375564,4018.611702884557,4147.823822045138,4193.33721750576,4127.220865232113,4028.7545942787106,0.0,0.0,2.0
1696836354.3125,296,0.0,4129.5933290476905,4018.249162877766,4133.236827483131,4081.577595541461,4058.026035736981,4111.411375274628,4185.995197018919,4011.128541875778,4165.081282402302,4199.570112926633,4160.848376694924,4159.496252454038,4097.002001827014,4089.9932617223444,0.0,0.0,2.0
1696836354.3203125,297,0.0,4052.7769360666393,4020.284426998413,4016.2282724573424,4003.870991558897,4159.3071130499575,4170.963028311235,4059.5214769771605,4151.471933379883,4017.1334299771734,4102.190087544864,4157.734914752402,4084.571726949862,4109.950174882484,4051.649576843582,0.0,0.0,2.0
1696836354.328125,298,0.0,4036.6024154743436,4146.671180260766,4142.740866103919,4137.2837662208185,4154.923176461539,4077.004792407831,4083.4630164902305,4136.231746989568,4049.633065950107,4009.57435239535,4046.057976895593,4173.762795417254,4100.483945988087,4090.263908625437,0.0,0.0,2.0
1696836354.3359375,299,0.0,4016.8426242726787,4180.412294687181,4152.047517465091,4133.344293049361,4132.047509493691,4016.360256212789,4116.409657825796,4010.693030411935,4172.860741356817,4127.634208452273,4104.386517032006,4119.8378471370825,4104.631352328899,4058.1202338480252,0.0,0.0,2.0
1696836354.34375,300,0.0,4148.1840340805775,4146.099702212429,4006.3373483645096,4063.4513699975832,4191.210787844201,4163.509767216929,4134.487579144766,4019.5183532202827,4098.732691148582,4088.3854646988802,4022.2008153195434,4199.225287531401,4195.441498651153,4182.980479300534,0.0,0.0,2.0
1696836354.3515625,301,0.0,4132.794778023468,4102.058704765599,4130.143093349305,4048.842043153068,4092.433530066505,4114.777873612944,4011.235894571907,4187.249876806974,4092.4746895642484,4024.019574375894,4018.5578792373276,4131.491756277588,4158.845017576631,4038.594877373212,0.0,0.0,2.0
1696836354.359375,302,0.0,4042.3545029925835,4195.289330260339,4180.434414793723,4060.978135376616,4011.7171954826476,4104.5908805349245,4023.4250730897866,4078.661038364406,4127.5546821819435,4031.158957315595,4096.343882907192,4000.4177088273464,4152.902485346852,4112.31301690013,0.0,0.0,2.0
1696836354.3671875,303,0.0,4197.262711467207,4140.8814738140345,4020.6996263558476,4091.4846141186044,4060.2658970503358,4128.756232400493,4110.284133373794,4082.3350380525344,4010.3321550396286,4189.564850877638,4076.5675043626707,4128.023215526126,4185.554587327585,4192.0697744508725,0.0,0.0,2.0
1696836354.375,304,0.0,4195.611694485581,4048.4111317777943,4096.056044811584,4123.822714277005,4072.9595534416294,4085.7643429962227,4024.9405174640783,4056.9649467100753,4095.3216404932846,4061.6458776068807,4134.190144928058,4047.428236835903,4072.6692778735955,4069.221989373116,0.0,0.0,2.0
1696836354.3828125,305,0.0,4053.505658037995,4178.264188763789,4167.861084074556,4190.156890287342,4110.10451189213,4084.2052989200433,4104.932516612962,4130.833774901828,4081.7330448459793,4014.4222470498094,4020.984407984913,4055.4537543840875,4183.416406453145,4179.944296625002,0.0,0.0,2.0
1696836354.390625,306,0.0,4155.512941252539,4158.002109075262,4158.609981705564,4152.382778780978,4190.064433319224,4006.6661468090942,4047.5815209537536,4199.212740042673,4036.2022232822337,4111.605393295272,4019.2376694320405,4188.505762343822,4033.801263731865,4142.368147192627,0.0,0.0,2.0
1696836354.3984375,307,0.0,4018.18799493593,4171.928276854264,4135.676662453647,4125.737083721431,4162.840517551228,4085.734741397273,4130.3405337193735,4168.615208283704,4142.870280153746,4096.833796565995,4108.22242724884,4113.855988281106,4164.697040970314,4088.642431400827,0.0,0.0,2.0
1696836354.40625,308,0.0,4056.3811932099084,4033.0427363655544,4065.8212202770155,4094.498278403198,4077.8032228297093,4009.157010372769,4180.467881848028,4031.3323597205585,4168.444327566049,4168.713897805855,4142.729433513468,4144.884003719767,4066.5095789546804,4047.1256937318476,0.0,0.0,2.0
1696836354.4140625,309,0.0,4024.791619487324,4087.073599610845,4196.277261069698,4137.892447112984,4077.9618862573247,4154.812712927874,4065.6886097317647,4044.3516642013446,4059.8318612166286,4150.720265136726,4176.208286290235,4036.709950848317,4164.151539246158,4099.084723541377,0.0,0.0,2.0
1696836354.421875,310,0.0,4012.5596981553326,4099.726035363788,4045.1701745492305,4166.724008413756,4000.1133005174,4058.667006933412,4101.080893826357,4163.708822433771,4136.381443964086,4017.8866420156314,4193.7976376234155,4160.840721137047,4155.269340741017,4038.4495447145055,0.0,0.0,2.0
1696836354.4296875,311,0.0,4038.147609840385,4085.0919893637733,4054.2544911360073,4134.777548089947,4043.8224764602437,4073.5380016714166,4190.396151416824,4001.9956072273203,4136.4589121491235,4157.143020883796,4158.977196845601,4181.353241550564,4172.753434951856,4053.42738274494,0.0,0.0,2.0
1696836354.4375,312,0.0,4162.74136632778,4084.7677008285823,4072.040377321403,4101.860259181888,4160.233425323094,4080.9900574889643,4138.381818457466,4012.9081234165706,4005.3544414915054,4046.383809402075,4123.867004443873,4017.1096140808204,4176.819416992234,4131.783898516294,0.0,0.0,2.0
1696836354.4453125,313,0.0,4050.931768592816,4047.258134115052,4092.455050234273,4037.0364649198627,4059.8763648798767,4152.835783647065,4043.7469923911053,4189.00539435809,4051.956628118745,4048.747632797922,4116.495330224384,4089.9633230008567,4179.460022481091,4022.8380337545264,0.0,0.0,2.0
1696836354.453125,314,0.0,4067.2662806741546,4188.938274850009,4130.475809271937,4147.826547735066,4150.045241413367,4011.102193215968,4158.891662853988,4157.428066398055,4156.214832682554,4002.0411096342614,4190.902100766898,4141.61732847606,4107.93447704453,4023.964021369401,0.0,0.0,2.0
1696836354.4609375,315,0.0,4110.8418625684535,4029.8755093649265,4077.7107119076272,4191.292032290859,4119.136518661692,4174.44810571409,4172.75941998859,4101.740699785967,4102.7930661937935,4170.372035473828,4009.7432162105288,4091.022846903991,4116.310197668907,4068.983767624592,0.0,0.0,2.0
1696836354.46875,316,0.0,4090.477003444527,4092.001818389773,4002.5807321358175,4155.785000357197,4175.920322300681,4091.343788182768,4041.3188437819827,4172.170730680473,4121.924918722217,4053.378800953815,4123.8648844498075,4141.8424230742075,4103.219084783118,4147.725859679945,0.0,0.0,2.0
1696836354.4765625,317,0.0,4001.0945767030794,4183.444915505267,4139.261225046379,4068.6876609480755,4178.819671710671,4053.0988537781104,4125.869839647852,4130.568876865978,4146.868329334417,4036.6730049798634,4130.284471891538,4177.1510797435985,4083.340859931061,4062.9542297647085,0.0,0.0,2.0
1696836354.484375,318,0.0,4159.637590900737,4019.605204528553,4144.493958041319,4051.5407131587062,4193.17784871042,4038.3666434632487,4185.745032977213,4192.3747057705405,4181.1520763343815,4135.188352317781,4138.40832801073,4076.9008842139306,4079.3655899759538,4005.717200827217,0.0,0.0,2.0
1696836354.4921875,319,0.0,4135.250733978224,4041.167014234948,4018.708314110726,4111.45949315771,4195.044876956672,4194.071886013697,4035.1263358903343,4180.7460782804455,4046.616701566716,4015.623992863817,4146.704523286903,4143.370178912798,4148.6874741690235,4168.067191389651,0.0,0.0,2.0
1696836354.5,320,0.0,4025.5308006611,4004.1128270335103,4146.2456963343175,4016.069828624478,4036.108239459304,4128.756126341051,4026.8477549277172,4016.1942236956156,4199.894561482184,4007.630296894156,4085.4598947030777,4193.166818056754,4084.4737644070738,4042.644154580914,0.0,0.0,2.0
1696836354.5078125,321,0.0,4118.341815567208,4073.943778521043,4126.272106525359,4002.0922828804282,4186.315357368365,4091.2865142246396,4134.7667840853355,4192.063954401694,4013.4230895713504,4130.029440577923,4120.716246987426,4056.3275112962538,4000.1265149271153,4136.925617412525,0.0,0.0,2.0
1696836354.515625,322,0.0,4079.012165249198,4009.386016218381,4032.973316444263,4180.127130501861,4012.9777747743583,4040.188084675087,4024.595015429009,4045.9634835576326,4065.7091725997398,4032.3576914171986,4127.924575201244,4031.4623157217047,4195.4717852702515,4028.587481454987,0.0,0.0,2.0
1696836354.5234375,323,0.0,4001.0698708261116,4149.3495447510195,4086.1434533117854,4060.5271313209555,4042.546828096741,4028.2457636896393,4189.309103085008,4082.9301581375553,4157.442178039338,4036.7898615552845,4076.8019879014187,4102.656482485658,4024.755171646443,4074.8298506821116,0.0,0.0,2.0
1696836354.53125,324,0.0,4128.803209007668,4059.6384566344577,4059.5001380755657,4194.755363508647,4095.8207741065653,4181.545767477022,4023.753196203062,4058.9977606856987,4006.3165503087594,4054.2501185523975,4025.1601991867506,4160.477106296994,4036.864336412153,4165.087971133628,0.0,0.0,2.0
1696836354.5390625,325,0.0,4085.2582798462436,4013.1879732863767,4028.1989128416426,4065.33209312344,4006.7854939479225,4013.0402142962307,4192.422405866058,4121.44069791545,4125.048133096954,4152.9980358550065,4195.045946604643,4095.116619053391,4172.199392687441,4058.395007956063,0.0,0.0,2.0
1696836354.546875,326,0.0,4018.0298041180777,4001.294541316924,4049.1778571448067,4199.215155101953,4049.2718436639234,4124.393218608545,4187.194123720393,4023.53464623341,4093.9945075319106,4137.043215681891,4186.122386586492,4069.198542238719,4093.448158708524,4051.866744527485,0.0,0.0,2.0
1696836354.5546875,327,0.0,4076.6840170208466,4087.194579264505,4186.248672413247,4036.5937441051565,4134.906308979794,4156.570708409951,4005.2988227809255,4188.470924518666,4184.737418280677,4188.538498189578,4085.6636193361455,4122.567447322808,4065.54372814332,4153.58396104097,0.0,0.0,2.0
1696836354.5625,328,0.0,4024.751609702835,4157.698196656263,4081.55569789332,4090.2633422248264,4149.4381391505085,4189.338272784816,4069.5934895580667,4027.8132837295393,4011.0089900327553,4024.8889930447504,4086.364972009292,4024.0667637887877,4025.8250462782607,4117.15556734358,0.0,0.0,2.0
1696836354.5703125,329,0.0,4073.824641158462,4191.069238410125,4124.678358720341,4121.912229660261,4081.5072972516605,4115.804564510943,4141.79739152461,4153.680412524765,4052.3125969187354,4039.4753303599628,4045.45817025486,4072.0807629045657,4184.7543685327755,4084.0361728308203,0.0,0.0,2.0
1696836354.578125,330,0.0,4032.366359447333,4015.4399308993343,4199.1956424359,4055.263653768991,4169.143124827767,4136.225705805582,4005.7981689709177,4177.1266626483275,4072.081909447602,4042.4530523053204,4145.05051453271,4177.7442885658265,4046.070485364035,4114.3900171524065,0.0,0.0,2.0
1696836354.5859375,331,0.0,4049.1066721065226,4041.189496329926,4012.413598090024,4062.861353279556,4188.07791305631,4089.916123553793,4177.416306860236,4047.9045958719144,4145.28718408672,4153.837470840224,4128.389257530158,4111.029571866265,4142.166335467784,4185.404719825983,0.0,0.0,2.0
1696836354.59375,332,0.0,4044.384655833222,4031.4444448939225,4142.142974521978,4046.96300853676,4152.171631438205,4094.51068349674,4015.7453309525417,4116.888576214527,4148.616381096806,4151.881137598059,4141.514108357135,4153.434132394054,4093.900644291487,4002.2749157797903,0.0,0.0,2.0
1696836354.6015625,333,0.0,4165.140633054052,4030.0503794928463,4088.945366796031,4115.846693587002,4166.49122521156,4081.189645838098,4130.149780873347,4086.1498536224485,4107.558737250028,4013.8954999393864,4009.611285848767,4152.90871284162,4003.746322801505,4145.002495955326,0.0,0.0,2.0
1696836354.609375,334,0.0,4186.031814227344,4105.109233774379,4188.479003504507,4193.551502197907,4072.0524040594955,4012.187663325635,4134.61300199537,4132.98219849675,4011.425875801302,4063.6739169022953,4176.036635166358,4156.843781707424,4028.603169238641,4115.83976834817,0.0,0.0,2.0
1696836354.6171875,335,0.0,4097.175467907915,4101.036785639537,4021.549959508622,4167.033988788182,4120.055802225808,4142.267267465599,4021.5195820640715,4109.909036586519,4177.63432984342,4186.713225142774,4034.4298336904185,4183.382601168217,4106.087916157689,4045.5069980018047,0.0,0.0,2.0
1696836354.625,336,0.0,4132.602175690726,4006.911181027633,4061.910878562105,4080.087993214614,4111.223154265652,4024.20595294774,4028.096413751142,4041.011581170477,4054.089010280264,4136.162729164074,4130.8510685983765,4150.293038100973,4162.324370529322,4058.484363070863,0.0,0.0,2.0
1696836354.6328125,337,0.0,4048.523825607466,4047.3233079109173,4145.165375933786,4137.033650710097,4122.9123101576715,4016.964225828873,4196.363413679367,4075.9518983289554,4141.065460801779,4082.420470271137,4028.4874088970228,4067.0214780204665,4057.001507778689,4188.663237419167,0.0,0.0,2.0
1696836354.640625,338,0.0,4178.5440879330545,4081.658804338126,4014.900934443892,4082.3252848327193,4116.739702644933,4013.0326657213686,4171.157690924807,4149.812406613161,4010.32378655767,4164.881509337999,4062.853517087373,4107.681103208664,4002.738571224796,4191.081547029251,0.0,0.0,2.0
1696836354.6484375,339,0.0,4128.347090523955,4150.752576019627,4097.432805886241,4120.156782225705,4162.821904916312,4121.3593574977895,4174.31210368415,4112.182790710421,4070.549485612579,4158.734315631879,4104.787917988872,4108.8360330497235,4156.525585296294,4070.9420446636195,0.0,0.0,2.0
1696836354.65625,340,0.0,4071.0471886403934,4183.812524630974,4004.1923599517218,4174.385906925916,4146.916570429341,4049.203120005703,4047.1384132671546,4026.1834718070663,4022.2660255352216,4103.057314755884,4033.4484781108126,4197.243839436451,4163.246365390424,4107.571830464159,0.0,0.0,2.0
1696836354.6640625,341,0.0,4019.0679734463706,4115.290762550131,4000.4390859876953,4104.274432923305,4192.777905276769,4176.8765840550495,4040.3973816321636,4115.998552049117,4084.813504396032,4091.312080305634,4034.1608946331685,4180.088629449396,4047.7914850847287,4074.230079392491,0.0,0.0,2.0
1696836354.671875,342,0.0,4005.2111709918795,4111.056107758439,4018.3733630171255,4009.298352679112,4166.656599758714,4083.4498416688784,4029.6892161163946,4043.7279544681514,4133.512523766568,4162.232542564825,4043.7160101141185,4001.283296564406,4002.1631545741866,4182.032193227563,0.0,0.0,2.0
1696836354.6796875,343,0.0,4165.410045962107,4091.896805352323,4009.1701831620203,4163.176381020623,4098.533099692593,4010.0086653373073,4161.629068053034,4151.532432720862,4179.605603724992,4020.091654199432,4176.799713651227,4145.920023654001,4056.947454569825,4021.0193546475875,0.0,0.0,2.0
1696836354.6875,344,0.0,4016.301479155229,4098.700116704672,4048.607665272419,4120.523570124189,4157.290115995978,4110.10665775755,4097.545004699774,4072.3234683152427,4037.455212953159,4151.589718286108,4060.875445470842,4084.198220008552,4173.227521307289,4105.8085221794045,0.0,0.0,2.0
1696836354.6953125,345,0.0,4192.945499349067,4179.069790725017,4190.36343312528,4171.073491778839,4085.214191410472,4072.9902807534227,4027.7764186997456,4156.3941085381875,4113.4487548587995,4066.1705925615006,4192.009811535613,4019.036089761858,4101.001540940727,4156.562576331359,0.0,0.0,2.0
1696836354.703125,346,0.0,4034.274256855761,4110.887171625228,4188.786029452728,4083.6222000123103,4109.5180654508285,4032.779111723157,4099.793875789717,4016.041099159615,4036.6570102775095,4090.7747750302146,4046.7985002955033,4153.5750320876305,4139.533948736419,4047.411307724685,0.0,0.0,2.0
1696836354.7109375,347,0.0,4065.7857045282026,4159.961760660545,4056.2527044735284,4003.588082088826,4057.542654955655,4146.50678730325,4041.1796764407754,4015.0741380453405,4110.735350026592,4153.956380532533,4199.905388373219,4060.4183375960624,4015.384503683977,4146.690293762788,0.0,0.0,2.0
1696836354.71875,348,0.0,4159.294319447955,4114.254735974015,4127.624084726608,4020.8000894363986,4175.942819778323,4056.5352021877034,4137.843221483132,4047.8757076202355,4053.095501272043,4197.106883538139,4128.414518829826,4180.986069326363,4055.3628137172964,4069.195560306203,0.0,0.0,2.0
1696836354.7265625,349,0.0,4062.0033028845523,4006.979901586343,4051.2877795922327,4093.756680928176,4144.0095018647235,4025.089478732351,4166.9189488664515,4160.374866992866,4144.556251965451,4125.14958187111,4069.8056126166284,4175.9494739809115,4196.597708662835,4188.430844148287,0.0,0.0,2.0
1696836354.734375,350,0.0,4028.908343009072,4104.665166521882,4056.6387235038587,4173.0963503396415,4086.3109122223077,4145.322257989568,4045.877335353245,4171.673664392831,4059.1726731856916,4012.9581298065896,4075.311603370593,4084.936729052367,4061.606991173564,4097.1298129929355,0.0,0.0,2.0
1696836354.7421875,351,0.0,4164.664698370733,4071.0656414132227,4039.7818612018787,4087.745254000506,4058.5805514079,4197.777947228602,4028.387502912834,4129.58862884223,4180.53129287839,4037.631722171135,4178.2295620013565,4120.047239256571,4156.943634823429,4092.4348707913655,0.0,0.0,2.0
1696836354.75,352,0.0,4074.7064589679812,4075.9739488279483,4192.045207414908,4030.997973281399,4109.7307147522515,4133.472368430396,4037.05967196429,4094.678858308459,4143.141703753041,4091.5861059977597,4038.8096527618923,4155.300115269256,4071.1382748053384,4123.010745372443,0.0,0.0,2.0
1696836354.7578125,353,0.0,4067.0632353104397,4150.780596249243,4053.2421323582685,4196.193742204635,4080.1324171280658,4038.1660751514955,4177.680066717647,4198.423100100753,4108.3791073046195,4165.70289909921,4146.852829618275,4120.097737741074,4052.3516950437934,4140.691685831833,0.0,0.0,2.0
1696836354.765625,354,0.0,4115.0962141327755,4143.405953551909,4169.177046124468,4093.86169650148,4168.825905648602,4073.353397309237,4128.524500751335,4175.001384853183,4177.112554446036,4055.8306901234764,4183.317584307984,4134.732418387004,4098.989711172882,4021.0069032277543,0.0,0.0,2.0
1696836354.7734375,355,0.0,4071.952965533322,4058.020012641284,4162.694806848449,4083.013207123728,4020.060728518237,4042.8196673687485,4166.4282498783405,4118.314823609323,4131.350690711594,4069.705864936394,4188.450275939647,4000.789011220185,4003.122861783683,4139.146919347915,0.0,0.0,2.0
1696836354.78125,356,0.0,4045.430582886178,4091.390331914178,4144.831999839603,4023.2310925086185,4142.305118020767,4137.2074056814545,4111.21849265127,4083.231249055998,4135.97916533934,4191.139701858462,4189.090753172505,4146.315315467679,4047.4777652378793,4010.274755598443,0.0,0.0,2.0
1696836354.7890625,357,0.0,4146.756614929668,4110.749639572679,4173.1505194984775,4182.360552301024,4046.8081014065474,4043.756573295786,4194.498475838368,4076.4816476623096,4024.3566148795603,4015.8471789229807,4090.3636218079814,4005.435922855148,4088.9828273912085,4080.16600335795,0.0,0.0,2.0
1696836354.796875,358,0.0,4053.761402903906,4031.6836650566256,4165.332497935812,4047.4123169440827,4114.457204522501,4090.80589404378,4175.858810238484,4148.2443568797335,4126.8462573000415,4114.807113469742,4073.4189414637494,4075.347575794332,4156.3955005738335,4022.4624444676874,0.0,0.0,2.0
1696836354.8046875,359,0.0,4057.6730783933076,4014.160382261761,4084.098371409423,4139.654161066469,4142.536479533663,4158.083178259867,4064.634340605911,4137.289629158956,4150.69393382129,4022.325814013676,4141.997105575901,4126.302369576473,4095.1855835279507,4146.950734230017,0.0,0.0,2.0
1696836354.8125,360,0.0,4038.1786383722992,4047.6715969090806,4006.571142494026,4077.4400778622257,4049.4509278571836,4008.078721856877,4056.977840858882,4149.548302195732,4150.398942352847,4183.262124395887,4098.415676539172,4102.048696218881,4005.4236937132864,4117.119739702849,0.0,0.0,2.0
1696836354.8203125,361,0.0,4192.837019455945,4179.704819750054,4157.11231988525,4103.304836818764,4165.74758043775,4058.57950062634,4177.130610263145,4006.342556854525,4073.814290264995,4112.656223450723,4150.960586289899,4149.8977711638445,4048.7442340487896,4108.124645327373,0.0,0.0,2.0
1696836354.828125,362,0.0,4093.258023004948,4064.7222809438545,4110.407243007636,4138.072900817258,4189.171444616107,4182.267408593579,4146.514167030711,4030.467448471672,4141.728970215225,4197.701199803224,4136.593970527899,4107.026835165818,4149.666618202516,4137.615872941537,0.0,0.0,2.0
1696836354.8359375,363,0.0,4003.8155857938264,4149.798584125226,4045.6841977085287,4010.805887041747,4045.0981742550507,4105.708962090105,4190.888494403242,4155.186700088617,4141.8319238364475,4198.365543473621,4024.1169373804705,4004.940791231757,4192.118025282714,4043.1758145526364,0.0,0.0,2.0
1696836354.84375,364,0.0,4116.184661527221,4100.805190462985,4054.0624359226194,4154.320621633088,4102.279040236317,4053.5327182583865,4116.805821218332,4070.586128603336,4032.568653209696,4151.006528810333,4197.959123949992,4061.2249579908644,4074.397748328802,4177.866569972404,0.0,0.0,2.0
1696836354.8515625,365,0.0,4085.42483199109,4136.100716150317,4199.685595869185,4116.489534935586,4020.9810265703045,4119.832845898206,4152.4633924009795,4050.417786512795,4009.6898437919117,4069.729976820127,4038.9271078067077,4060.113325345707,4150.118682997794,4176.930561841937,0.0,0.0,2.0
1696836354.859375,366,0.0,4026.5678549664126,4026.327877693302,4013.7020561142317,4034.955227781957,4082.9270233997527,4199.995781331787,4177.212833593362,4128.1977134734525,4053.0135911480897,4062.566147494515,4050.7375329354804,4029.5380911386483,4131.09138515708,4171.079743417433,0.0,0.0,2.0
1696836354.8671875,367,0.0,4040.789992444723,4184.233829043662,4085.0923703994986,4137.95265469247,4031.641966822039,4195.640759471954,4082.7054834662285,4028.2342345951815,4073.3008629664455,4052.453192364549,4001.4444098979284,4149.857555793631,4153.114020540004,4194.743229700788,0.0,0.0,2.0
1696836354.875,368,0.0,4054.8167900063117,4015.6969632981627,4010.821676580481,4179.189928511986,4076.9500332876264,4016.100635948304,4052.972312418987,4086.82615959133,4102.195667584601,4130.856698755643,4141.483814721778,4009.079481643806,4124.4643220988855,4133.655616062773,0.0,0.0,2.0
1696836354.8828125,369,0.0,4020.6772154734895,4027.613495527826,4170.69044106806,4073.4919971602812,4028.2843914906407,4008.6350105076563,4078.6877946622567,4173.906509260322,4194.546319427428,4072.876234015884,4028.269865022724,4169.710959902014,4144.078256271783,4181.872812033494,0.0,0.0,2.0
1696836354.890625,370,0.0,4014.1842924117204,4119.62921750987,4052.7157830422075,4140.764789159261,4037.157712894612,4135.160447587428,4074.7166057684803,4151.304884221414,4140.781472584782,4053.6864059317854,4156.388469526491,4158.5646573427875,4066.695514556033,4178.8365708165875,0.0,0.0,2.0
1696836354.8984375,371,0.0,4058.295500370222,4069.281567974939,4176.17773131638,4019.3457208719074,4050.379402554395,4154.217614483148,4106.863404786271,4175.219443218137,4052.321217549205,4070.5169372935607,4094.890721496631,4018.3864226144387,4184.353000871333,4051.2248158055113,0.0,0.0,2.0
1696836354.90625,372,0.0,4038.0846840313066,4188.097422331763,4147.8094776881935,4011.504799155193,4102.801856526618,4080.3433211381985,4087.001209782031,4038.894037038367,4036.358006624731,4071.5160945413745,4165.079055089705,4077.8494245932416,4001.3466351835445,4164.3862577394,0.0,0.0,2.0
1696836354.9140625,373,0.0,4106.425873329258,4041.580513736558,4127.015718566642,4048.46499444731,4108.72085327978,4140.430996952427,4026.921060372902,4035.8694780019687,4031.197588616429,4107.280450857109,4020.1784744689253,4167.524911289478,4129.5206249956855,4190.990340195662,0.0,0.0,2.0
1696836354.921875,374,0.0,4009.0309524858385,4137.997305733042,4123.500530202207,4162.929014596191,4062.8603468783767,4013.854560972958,4168.770710043105,4134.285432211698,4113.36035647922,4120.8555722451865,4097.664605494799,4035.666605216997,4036.906037813621,4079.2396900091485,0.0,0.0,2.0
1696836354.9296875,375,0.0,4130.9972582121145,4054.356244730296,4077.745473346582,4119.655354435543,4141.174972389531,4159.7485463288995,4010.350086540698,4128.616379632323,4079.090558809256,4175.9757117735235,4054.907932358534,4105.716523733741,4038.4325864584953,4024.9329647913955,0.0,0.0,2.0
1696836354.9375,376,0.0,4098.357921774657,4069.7502954933975,4129.024585652974,4036.2283167428686,4055.7565275025213,4148.2949737435865,4018.5562533416028,4037.599783185032,4102.901215465347,4170.166383372945,4074.583929018987,4189.654015260797,4030.446350113456,4118.01137473083,0.0,0.0,2.0
1696836354.9453125,377,0.0,4178.387472317182,4121.65211091952,4034.142285674449,4118.588382260686,4114.402549415068,4096.993057960581,4010.773681076951,4199.593944834654,4042.3659852537953,4066.249042115178,4041.540939295143,4010.039549768632,4026.9897717474573,4041.1473262989093,0.0,0.0,2.0
1696836354.953125,378,0.0,4154.836008304798,4088.5625572701283,4005.2463973203107,4194.857644379183,4016.099249180613,4084.242816706713,4153.162280518873,4021.793362028894,4043.880691698664,4164.874699395535,4092.1981222420977,4006.7322435844853,4111.160590726867,4106.240737967679,0.0,0.0,2.0
1696836354.9609375,379,0.0,4081.862654071765,4107.682319497498,4041.142176123229,4165.411671150693,4121.252222262703,4118.763152366456,4162.074006012711,4138.746476377713,4071.5582234486087,4007.9334697161626,4022.1415031759175,4150.909765610146,4129.616275367095,4026.3024860560313,0.0,0.0,2.0
1696836354.96875,380,0.0,4087.758153134397,4132.158621930883,4019.279830362835,4126.172085849877,4018.5151712183138,4099.059389283851,4010.0069523327697,4039.4360693951317,4134.263957739264,4024.013903011299,4182.058247894291,4189.949298682879,4097.511544702399,4064.9670499230215,0.0,0.0,2.0
1696836354.9765625,381,0.0,4003.573056235037,4047.655055631637,4011.639776245519,4052.8871591799193,4060.9964236666183,4030.1957486031133,4110.4609705391285,4189.410786830041,4140.079270022804,4021.216382597068,4105.465195750657,4030.833011374831,4063.9625524334465,4098.220545262896,0.0,0.0,2.0
1696836354.984375,382,0.0,4089.6441994213783,4180.348000868611,4122.8246587708,4087.8760866380226,4022.190703150869,4115.375830779116,4041.862263418675,4166.923223660313,4164.328388258146,4158.730914132995,4106.184491324043,4101.551356410202,4173.926163149349,4091.1675474266062,0.0,0.0,2.0
1696836354.9921875,383,0.0,4021.8960206379384,4026.304840257038,4135.737999257812,4111.244379843081,4199.1090547529475,4061.6526205149344,4155.223037648169,4067.9169008282283,4089.116056971085,4003.955115617635,4028.6153071177628,4133.3507012712835,4062.7388565459632,4082.7442780195115,0.0,0.0,2.0
1696836355.0,384,0.0,4025.9184078371827,4153.084943925041,4131.676134197456,4032.4912348989174,4010.398266506997,4085.8133559674557,4047.2145396236037,4182.26970672644,4098.526701680814,4126.12044367097,4181.278931061442,4027.211599360947,4109.747264450014,4031.8248172174726,0.0,0.0,2.0
1696836355.0078125,385,0.0,4087.025009470816,4071.739365721838,4036.312896271438,4123.754802910644,4040.5368347020303,4079.787514825027,4001.0162784010163,4042.3588992253426,4184.303271178505,4008.5114109063566,4029.410284105654,4010.4983904775054,4149.305217502345,4112.317009019754,0.0,0.0,2.0
1696836355.015625,386,0.0,4128.352753077218,4110.121076515487,4076.888071482656,4016.484180427924,4080.876828127947,4076.8676086270234,4037.00742794163,4129.083304264642,4146.131434066027,4081.968766420393,4147.75055386157,4134.609541713089,4005.4164237093682,4033.0758115890203,0.0,0.0,2.0
1696836355.0234375,387,0.0,4144.632263525366,4137.274887263525,4028.2244614290285,4019.3798889334594,4163.920401158714,4131.9064070020495,4015.0839068971754,4004.347674905944,4100.836625025328,4089.506650965894,4032.3926963004196,4059.6324331790397,4119.078803079977,4085.5017082441154,0.0,0.0,2.0
1696836355.03125,388,0.0,4195.951706474529,4045.618853382355,4195.518592761218,4137.007234512821,4155.94485631635,4133.840444014127,4130.778970381676,4114.934971100047,4107.509761170453,4163.172228729846,4112.0871774558245,4157.534376264523,4098.378962935969,4060.750855030541,0.0,0.0,2.0
1696836355.0390625,389,0.0,4093.8293655692264,4170.7800641937065,4038.688070854976,4144.981649330401,4135.513147801491,4015.977096765113,4012.779276011406,4089.9505811499253,4124.623434696736,4104.982977572412,4096.394140376879,4096.710964492374,4036.976182663317,4134.026711266798,0.0,0.0,2.0
1696836355.046875,390,0.0,4040.156226912446,4154.832407215365,4011.937674246401,4109.360884746367,4104.620522570607,4094.8823345840783,4181.177018056624,4015.337936519085,4087.864307976277,4017.700114948652,4137.471689337739,4044.1746278204714,4103.209396124743,4098.317691569397,0.0,0.0,2.0
1696836355.0546875,391,0.0,4150.741094863193,4072.578909881614,4162.788776288954,4149.052516663147,4019.55229930363,4164.803575289549,4109.144879048122,4037.250989408218,4172.459225219171,4122.245909903676,4010.8918640241427,4109.320542233899,4039.4784212704794,4195.928006204683,0.0,0.0,2.0
1696836355.0625,392,0.0,4030.619136964508,4001.3350690013344,4009.9032792732114,4144.018476057553,4102.3933818977985,4154.831051536427,4159.878995308754,4191.676445496097,4079.6168472212703,4085.692238411467,4029.3022841853017,4044.0298571641497,4153.339704905874,4053.6846582138674,0.0,0.0,2.0
1696836355.0703125,393,0.0,4075.4419936743743,4091.370153445795,4143.883675004197,4115.930062059494,4130.46520107843,4110.137943109104,4085.5251902450555,4093.5959641796644,4016.892814636663,4161.840335332685,4023.54073789129,4153.421077468265,4178.780499346835,4154.301562762279,0.0,0.0,2.0
1696836355.078125,394,0.0,4100.225287251829,4127.4297143118265,4069.458417324406,4021.4138136834817,4014.188087306886,4084.052762937096,4012.835026342038,4075.039115736096,4148.216654879932,4097.542918195489,4161.251205866024,4041.340186642667,4027.830727569125,4075.1577037506254,0.0,0.0,2.0
1696836355.0859375,395,0.0,4065.265105190946,4190.795060806047,4076.6231478606237,4089.676794864229,4199.160344327276,4056.918228875568,4193.804540162929,4145.76079890736,4117.247668627214,4030.6449790021707,4135.307885088823,4105.675249785923,4043.8998559072306,4011.149024095106,0.0,0.0,2.0
1696836355.09375,396,0.0,4142.665632170199,4044.762534987416,4116.685304654332,4139.680268881752,4098.662926657601,4089.5286577641086,4068.8679538751458,4043.975036783592,4156.301087309885,4022.041392978236,4182.481613605634,4171.85652014855,4071.4902799685933,4040.770103374526,0.0,0.0,2.0
1696836355.1015625,397,0.0,4013.181118719338,4124.233487440916,4001.6479788252996,4170.689310388058,4171.872109343752,4159.313973299913,4041.569054845307,4181.500838006435,4034.64192208114,4063.361085897466,4190.342914269643,4011.363159285107,4109.549745305182,4175.018345178107,0.0,0.0,2.0
1696836355.109375,398,0.0,4134.932517069616,4155.634186076458,4031.1769586805863,4174.192942100126,4127.6050228093645,4084.3472049133384,4175.308084067129,4059.2789112218366,4047.4037065013385,4107.164397793853,4194.579617616803,4048.351937564955,4176.939270827281,4064.3236792088437,0.0,0.0,2.0
1696836355.1171875,399,0.0,4155.703248280271,4070.688106334974,4173.771697343029,4090.079649745046,4187.584498394493,4153.775325837846,4179.1532275563195,4061.8732008746583,4147.172013937233,4018.839014391219,4188.338839537663,4171.891410343862,4009.925216812359,4108.494045021806,0.0,0.0,2.0
1696836355.125,400,0.0,4037.618062913311,4122.951667943864,4121.709018146003,4156.555411768398,4156.23595612147,4114.31197034556,4047.293962478736,4196.948443887733,4047.8970065045055,4052.777661817612,4071.8872190750167,4042.928352296983,4182.524741736358,4135.104324001832,0.0,0.0,2.0
1696836355.1328125,401,0.0,4058.4608022741777,4078.2865102772294,4121.2924728942035,4021.078538781102,4101.435333661537,4051.3450078231795,4133.149887101812,4023.5360415683676,4093.934024931647,4148.140936229136,4089.7486825350343,4008.3642810287747,4090.8670445094976,4139.4356343143145,0.0,0.0,2.0
1696836355.140625,402,0.0,4095.7448984550574,4115.247379335063,4023.9548458206027,4154.469807963602,4183.68128898555,4099.942262172462,4112.184151716819,4051.7695903647495,4069.347214086659,4182.711711200144,4078.064690802523,4095.1305546031235,4177.384694780114,4018.874518317506,0.0,0.0,2.0
1696836355.1484375,403,0.0,4122.930879809135,4032.5202871349265,4024.4778241662693,4151.354164447177,4025.4864091296336,4064.8459263186446,4157.038421148263,4130.920211769216,4110.537723855894,4130.442847631515,4009.665179498037,4140.375404995804,4082.0723835081917,4107.390707774394,0.0,0.0,2.0
1696836355.15625,404,0.0,4199.439878865575,4175.5506039266875,4032.7981794459397,4102.601984593181,4095.868117869687,4016.1350555748563,4081.473134604686,4086.379962960839,4075.178990598634,4144.4265886678495,4004.8185839149855,4082.3559385565463,4013.920255670374,4180.774460851354,0.0,0.0,2.0
1696836355.1640625,405,0.0,4041.4210451099925,4116.5780171238275,4005.667350340234,4156.276795429117,4033.281266332577,4060.407464892844,4194.609052353004,4071.337774968884,4064.754517501154,4018.955728891282,4017.995882127271,4040.429562379891,4038.7172899822317,4032.9633749186264,0.0,0.0,2.0
1696836355.171875,406,0.0,4045.8484843898595,4124.884662888886,4154.545117947522,4082.184123148612,4178.3839044625365,4018.0925206819816,4050.715502039345,4180.927216206065,4198.9124452146025,4143.682447347286,4069.261480486899,4130.183361248325,4096.793311880768,4128.083965357086,0.0,0.0,2.0
1696836355.1796875,407,0.0,4112.530222149305,4019.4061158133572,4140.802715324031,4121.735691725071,4117.478153209561,4044.523284096424,4180.699908117685,4198.1524064516025,4168.171009236856,4007.252840204213,4016.2736292486516,4029.2881727664253,4005.86048926452,4018.6135781020294,0.0,0.0,2.0
1696836355.1875,408,0.0,4050.2470043575836,4198.564701380739,4011.2147201640473,4097.5905069456485,4199.047483833053,4195.086666365157,4009.3833399798837,4145.228654535007,4082.7654207440723,4064.3464766454817,4063.0664784812243,4130.2745541772865,4112.556892426258,4057.9944654028454,0.0,0.0,2.0
1696836355.1953125,409,0.0,4123.9094522519945,4109.02561199083,4188.151349308942,4111.91242104828,4064.336043678024,4057.839434011749,4146.58938034539,4005.992526508483,4175.678400664872,4133.504975675517,4151.472225498343,4049.946447605196,4010.578483868424,4119.18603022437,0.0,0.0,2.0
1696836355.203125,410,0.0,4141.733536626438,4063.5295951758576,4021.5405159220663,4144.641782506934,4074.130100936523,4148.744627706098,4199.78328613876,4132.527707469515,4033.7019201162198,4085.3262580916085,4043.79451547602,4135.54711673654,4083.7940796353378,4023.418960654068,0.0,0.0,2.0
1696836355.2109375,411,0.0,4155.033146245791,4098.445988072437,4138.265177251841,4179.409916210724,4055.00595907274,4091.7422893699463,4121.961727071617,4118.264926343558,4109.887396141992,4171.126048297069,4138.0520190445495,4049.876559326719,4106.540637446527,4136.818697422525,0.0,0.0,2.0
1696836355.21875,412,0.0,4153.6769788713345,4171.659540828968,4183.996945437142,4033.3428935289826,4047.5099381716054,4154.288150806556,4050.936935468347,4158.2470203407665,4002.128504478266,4088.234475914266,4047.936284338407,4136.267923563913,4050.6306661409217,4051.3099879767224,0.0,0.0,2.0
1696836355.2265625,413,0.0,4027.902447848111,4006.9609953527142,4110.174496370023,4055.3099417823696,4006.0314359119025,4160.255279195894,4145.049162831842,4180.276882388065,4194.780240825393,4081.7488204607894,4015.5324016013633,4020.5457400138757,4120.733549107546,4000.561343449781,0.0,0.0,2.0
1696836355.234375,414,0.0,4089.339470644112,4106.0148348688335,4189.869767700698,4062.2539424461997,4157.628135685905,4112.345899129842,4010.7717497386634,4143.516197153731,4115.551006812044,4002.062756213211,4127.872510928671,4147.621619517733,4132.688014490971,4131.773539020926,0.0,0.0,2.0
1696836355.2421875,415,0.0,4132.9298583365635,4104.539383569942,4188.737066383971,4065.07107061841,4126.677636579376,4137.88809780072,4087.239223115486,4040.104704684233,4189.1131826286,4031.835666461399,4077.1654735337243,4136.176665374828,4126.21395393935,4112.653370093921,0.0,0.0,2.0
1696836355.25,416,0.0,4094.033484795825,4004.8260983958558,4105.112092390948,4197.0075622801705,4118.325600150574,4113.107061803383,4077.0025682048836,4028.351991246732,4156.730972844444,4155.37412928069,4056.793284947278,4108.326778352031,4190.611105955305,4150.419909909061,0.0,0.0,2.0
1696836355.2578125,417,0.0,4006.726561179704,4167.527240175043,4083.614580215339,4010.3107887995993,4049.8841064336734,4012.577721739397,4003.04582154159,4199.449904393866,4000.979996767578,4174.29178598932,4089.3799473337463,4095.1934105712194,4005.5632706511365,4069.1408046383735,0.0,0.0,2.0
1696836355.265625,418,0.0,4149.814628810773,4196.985718177772,4088.529214789147,4135.549442289456,4155.085444651251,4127.6854330507595,4150.912833520136,4099.306756345748,4143.924764652386,4060.7181398459693,4135.504513943596,4181.239387626504,4177.575834442945,4116.721801500396,0.0,0.0,2.0
1696836355.2734375,419,0.0,4024.665105969406,4167.384365589259,4013.6511876916206,4182.933909347051,4050.320390569457,4122.7664934416525,4081.9992908401955,4000.5956877439667,4020.5694200195912,4041.1241951742227,4046.9892539304246,4065.2914325316797,4153.96884002132,4006.5329164368018,0.0,0.0,2.0
1696836355.28125,420,0.0,4002.2324720521733,4136.785313250467,4117.077588322346,4066.2089379247964,4071.7987983905928,4123.188984948032,4143.5153858779995,4054.76136287476,4135.208696286506,4068.3857615357415,4080.633332270815,4042.078217357913,4030.0616774278537,4048.1401339128474,0.0,0.0,2.0
1696836355.2890625,421,0.0,4188.087366396367,4044.5362001486687,4052.5873183410226,4008.3943985381334,4036.787519103706,4008.404309578714,4005.623886024208,4040.700725085334,4185.512691106889,4192.057235751215,4164.534832866895,4180.014012317539,4064.9858340217324,4024.579298217472,0.0,0.0,2.0
1696836355.296875,422,0.0,4057.373224858178,4173.050027626777,4089.7605800678416,4163.707791075889,4169.430075673999,4062.4784146166676,4077.3981132533636,4122.374366850937,4119.64483877162,4056.321544039785,4096.9389620258535,4083.0950038258443,4106.354255115957,4039.446525290829,0.0,0.0,2.0
1696836355.3046875,423,0.0,4032.482401118906,4013.4867593109866,4024.2332364669996,4049.0657158175973,4011.873486767156,4144.158854975425,4147.62235392739,4183.082583888099,4052.864646175122,4117.6376012471355,4179.559480334941,4085.535696386339,4099.919445150028,4021.709572659056,0.0,0.0,2.0
1696836355.3125,424,0.0,4125.79504138416,4155.9620546463775,4192.141771843452,4199.9332392187425,4101.709679793324,4186.642622685202,4117.013505762023,4110.924115180977,4161.048282080274,4049.820081007458,4019.523270734875,4007.495189483111,4145.592772119047,4026.0431700986683,0.0,0.0,2.0
1696836355.3203125,425,0.0,4047.1145118511686,4035.811581630066,4014.364773606131,4105.941184225781,4162.099855718471,4046.736752715246,4127.383047786676,4152.301477018285,4143.808323413606,4168.535554396673,4060.227050181238,4196.004714156491,4090.375501433478,4009.724167439798,0.0,0.0,2.0
1696836355.328125,426,0.0,4199.867346761561,4017.31275438492,4002.303471483196,4074.9821007581522,4036.4874362190017,4082.0912816436226,4172.999178883212,4043.301468716112,4165.443047445315,4079.414648767323,4100.41038863371,4100.086284510086,4083.0044464700136,4119.50197932602,0.0,0.0,2.0
1696836355.3359375,427,0.0,4183.5979417296485,4072.5606688797675,4065.374163399457,4000.2543407334256,4190.680561874579,4038.3318378436015,4087.6490382373304,4062.609539618268,4000.962826412728,4114.524425672027,4052.0671680658847,4113.229924934812,4000.357563163802,4031.3859489880842,0.0,0.0,2.0
1696836355.34375,428,0.0,4102.669975324074,4131.229609996748,4034.98526293344,4198.821155912915,4007.5274522388786,4121.518973118943,4135.424059773705,4019.947464167053,4157.925786598707,4045.2131672474675,4019.4144159514562,4153.76310200461,4149.659271080617,4021.9896838626364,0.0,0.0,2.0
1696836355.3515625,429,0.0,4109.55299071994,4190.195467718158,4119.261823338561,4042.039577690355,4047.2292500187045,4177.90909385304,4141.878615971463,4074.6900635312545,4098.180306103795,4031.701033796081,4163.221286995977,4070.9462681376767,4153.831996076826,4020.0077972492086,0.0,0.0,2.0
1696836355.359375,430,0.0,4157.201594462365,4169.293887590609,4098.937795215713,4015.8676890972674,4040.008555248475,4085.5923873186894,4063.171618777322,4047.9485794272236,4059.8073345501007,4115.1768728942825,4071.133952313795,4115.610356228021,4161.65237421784,4113.5398582682155,0.0,0.0,2.0
1696836355.3671875,431,0.0,4022.587705891738,4125.972733549033,4154.401870653112,4058.1860186694416,4066.0085006780178,4057.059553916555,4074.7252387613808,4092.15852575396,4191.4470704563555,4014.19360322346,4175.456099854852,4104.444357476064,4164.917178542539,4009.3479301055327,0.0,0.0,2.0
1696836355.375,432,0.0,4118.643824056943,4107.38630281054,4093.8165969721244,4068.976437381615,4020.6657103881366,4048.0405153271613,4117.494764903316,4118.000466687196,4160.776413631806,4035.6356523059426,4088.66434045694,4049.0095309207995,4126.054665523202,4158.1193296639785,0.0,0.0,2.0
1696836355.3828125,433,0.0,4108.333495403592,4134.9640884773535,4002.18636375484,4191.236714924822,4062.4636849534268,4012.8013379337267,4118.578996104145,4101.427123723565,4131.0290055749,4009.9053742776778,4165.433820857521,4131.284783555641,4121.662622436479,4155.684737394002,0.0,0.0,2.0
1696836355.390625,434,0.0,4166.073097869582,4064.438149513235,4119.543770113909,4081.320692898852,4059.170153712241,4120.278799892385,4001.0102826007223,4011.4550455956337,4190.335598474843,4062.0859309870484,4006.8290993882706,4182.706001098278,4015.030207760541,4168.159549329841,0.0,0.0,2.0
1696836355.3984375,435,0.0,4075.2549241609067,4017.0882089591028,4072.8291546870946,4092.7634835092185,4106.584247715184,4066.292156837142,4042.805720754887,4102.676289675269,4190.38439402596,4051.7003244238795,4183.700476403337,4086.08934388182,4028.129222994798,4138.261080137478,0.0,0.0,2.0
1696836355.40625,436,0.0,4145.684901937015,4115.6909723600875,4149.27947538491,4014.522710830059,4199.290651389205,4154.125684579027,4009.361827699443,4176.565339171862,4006.5716331605386,4195.454778488899,4077.7779997468115,4106.527525407164,4052.062022832592,4107.947130731243,0.0,0.0,2.0
1696836355.4140625,437,0.0,4075.5142840445287,4132.6892228089555,4041.1641890004553,4038.631204362639,4039.100610458354,4054.9180708769272,4150.923946836862,4150.182672619301,4144.8053012542705,4015.0662135085104,4030.339710363346,4065.516755757662,4130.739160265693,4138.987605892476,0.0,0.0,2.0
1696836355.421875,438,0.0,4105.632348141755,4066.8039466423,4063.2311802623403,4197.615851073267,4019.851480723861,4104.065402335834,4196.658134303925,4079.634964834922,4105.723713661601,4164.230816927008,4022.4745377685836,4196.399660311656,4174.050202715103,4026.0133036583707,0.0,0.0,2.0
1696836355.4296875,439,0.0,4143.718197474255,4066.14273867683,4194.808963123919,4055.3959888630357,4163.638800086829,4086.0285114872013,4150.098618300859,4150.145930679962,4024.0019286418296,4194.738909567911,4066.2610774072928,4028.9843258020296,4053.2737304504953,4180.810457479729,0.0,0.0,2.0
1696836355.4375,440,0.0,4165.580824299613,4029.277652389743,4140.548256008534,4017.76356050619,4168.800518048755,4113.313593768629,4162.309551161151,4193.933195877394,4028.5555763966026,4055.22008152206,4033.811764541019,4110.991334179853,4067.495539976881,4089.8668120729344,0.0,0.0,2.0
1696836355.4453125,441,0.0,4141.401031473307,4168.910906975236,4025.061543289915,4137.921645893798,4078.1395614027215,4072.3583377657956,4058.9363939974955,4065.953928557013,4033.295523647244,4157.301277876242,4152.398461598108,4098.811990136854,4148.369456295325,4193.953787584299,0.0,0.0,2.0
1696836355.453125,442,0.0,4017.4161408709842,4089.312373616619,4133.492440864514,4130.850755725431,4083.170377209336,4124.8380182968685,4163.142399917072,4162.68582093837,4125.88985375544,4022.9756798948615,4055.9813416190764,4030.857817842396,4001.712017688814,4022.087727142174,0.0,0.0,2.0
1696836355.4609375,443,0.0,4121.976208414554,4187.034949475137,4049.4681775351382,4112.074887555445,4094.8197893774445,4009.3074600371406,4090.2143700534793,4033.61949776112,4126.138952321728,4161.151290476087,4173.764418238734,4136.514826539365,4005.9567230267066,4017.4467112582483,0.0,0.0,2.0
1696836355.46875,444,0.0,4114.489300874513,4144.494118677343,4119.27464582659,4126.262059255125,4109.386711832552,4037.6653502416198,4183.196816020719,4107.505997923908,4145.944033402348,4040.6589273548043,4176.341255854587,4104.260550358659,4123.810287207862,4106.243428527588,0.0,0.0,2.0
1696836355.4765625,445,0.0,4004.2998023363825,4126.725596081842,4148.9491398271275,4098.605846480355,4094.972456045036,4057.4728866230535,4197.70383759344,4149.756589543474,4195.2109544188825,4193.54352253251,4110.213577157549,4109.027406462673,4133.362112748686,4133.055014930329,0.0,0.0,2.0
1696836355.484375,446,0.0,4125.271157721021,4189.703823660648,4196.1104290884205,4100.456730501836,4144.517652768336,4021.060652188698,4140.314385433859,4099.666473494264,4155.051575975185,4187.561280922448,4068.6681367641763,4077.7764652576147,4024.3546379291824,4186.164581482247,0.0,0.0,2.0
1696836355.4921875,447,0.0,4187.320024613537,4185.004789273882,4183.190489373918,4144.987982493241,4164.494028282583,4044.464381123808,4057.5037481044956,4004.3503965633827,4098.329394697193,4115.1267840342925,4026.2485841066023,4023.0860413428877,4167.394887159644,4136.343059495193,0.0,0.0,2.0
1696836355.5,448,0.0,4002.0007507470386,4161.529555782238,4126.223706830181,4186.452384389558,4168.857190477739,4162.407356253069,4180.563184570385,4185.058788352869,4006.755786333764,4012.8678777226173,4079.117471014471,4050.605168481314,4049.303684165968,4145.881556338298,0.0,0.0,2.0
1696836355.5078125,449,0.0,4100.847373431988,4197.750034570542,4062.8960378685747,4123.074597309659,4059.5570018302155,4079.3158364064807,4136.960366993018,4192.869892659972,4062.799012336271,4095.790291243613,4073.5364245138803,4162.522551603113,4086.3389579322366,4101.648761241718,0.0,0.0,2.0
1696836355.515625,450,0.0,4083.739259774081,4176.987464512496,4009.3387859374784,4151.613322965846,4106.605623738808,4115.1639726107305,4081.4626259044835,4038.629301137988,4059.1402311984084,4029.3207319079706,4016.635180887949,4129.250712503794,4108.5498218542525,4114.76421771157,0.0,0.0,2.0
1696836355.5234375,451,0.0,4110.279993324758,4077.83318373983,4073.7971547328652,4189.502883101382,4057.690996503315,4138.624079778863,4100.879412104495,4110.400163460327,4108.054638544697,4033.1515341001905,4186.099064244367,4047.5723935223896,4086.562262853855,4176.108705817416,0.0,0.0,2.0
1696836355.53125,452,0.0,4039.3507477084986,4085.317014715675,4166.871897844781,4114.192113882166,4148.133979590518,4001.6879963145384,4087.8777221350115,4066.738950754868,4040.0211875095492,4079.9853422996302,4073.7603902279116,4192.619984661856,4079.135499952411,4154.792789119809,0.0,0.0,2.0
1696836355.5390625,453,0.0,4102.498940834444,4026.3392731343597,4049.3274919346422,4116.240106867735,4044.177954649414,4018.88752069764,4055.1354819110625,4087.3864626647273,4147.715782680538,4167.381389663627,4170.223337927932,4114.696330177431,4114.3711417950035,4163.1226014258455,0.0,0.0,2.0
1696836355.546875,454,0.0,4085.672555025086,4128.237967062242,4016.599952182626,4025.191339926576,4047.760037353329,4141.452572510713,4190.150972548414,4129.011620389831,4118.323216686987,4142.391198956811,4086.2558052178506,4105.441747876934,4079.422492524201,4191.1297421501295,0.0,0.0,2.0
1696836355.5546875,455,0.0,4064.07081515476,4199.479746173495,4040.100607154136,4185.149846155981,4078.314060167181,4003.8697121436585,4110.136217116483,4121.308872171383,4002.995891973929,4073.966454976437,4008.420475136637,4178.8538151098255,4156.89247804375,4084.2121914332565,0.0,0.0,2.0
1696836355.5625,456,0.0,4098.583566641395,4153.662533405912,4076.8882704134767,4013.8725926599755,4135.792281134095,4078.4336907437623,4184.157684502974,4112.485152527021,4129.500878530913,4142.581345517333,4190.396773475001,4173.870849056239,4185.119364690455,4079.4448827975384,0.0,0.0,2.0
1696836355.5703125,457,0.0,4078.820959660717,4136.3139995226375,4023.5822635922473,4151.862949355227,4098.485006296048,4076.6139228686507,4185.1361438775675,4153.482524149283,4126.493719290485,4174.566676211818,4066.80127450164,4069.4125252598697,4103.23778748155,4013.1957601195872,0.0,0.0,2.0
1696836355.578125,458,0.0,4182.929409066134,4108.486241547084,4040.1609931339,4182.571991245948,4157.22902062514,4100.797114861578,4018.424800860044,4155.458320037982,4110.262308960002,4072.651159887107,4079.445765413957,4150.315683619403,4051.518278019805,4049.484407134449,0.0,0.0,2.0
1696836355.5859375,459,0.0,4007.8908100536714,4140.1150742076015,4047.672327658374,4192.094262315823,4056.983212120608,4096.129469644411,4030.5569346308434,4107.558946737532,4118.702494389797,4016.038262168418,4187.423760976396,4040.7277722883323,4032.515490179811,4123.00696369451,0.0,0.0,2.0
1696836355.59375,460,0.0,4083.203630897026,4077.481872882395,4191.629787405389,4050.6553881988434,4007.9536342860983,4165.073674956464,4096.302724688707,4067.9163315864216,4085.885275036397,4032.094031964286,4105.53517319174,4087.4317419025647,4072.025943732036,4000.897672568782,0.0,0.0,2.0
1696836355.6015625,461,0.0,4153.735476720682,4023.2344883907595,4041.0105207108973,4074.8746350355286,4096.217730203292,4136.424975687289,4103.04488703983,4153.62230412961,4155.30550267132,4091.330166771979,4094.700475194169,4140.897089919814,4089.3467456703993,4077.6707379762624,0.0,0.0,2.0
1696836355.609375,462,0.0,4055.4874021148903,4122.640429674586,4148.856437201687,4043.69868926505,4145.294518509392,4023.162685774756,4110.669373807096,4062.8631183337443,4132.2641088953615,4065.478006631973,4036.231372046402,4179.189651373462,4042.425132063612,4151.990511741024,0.0,0.0,2.0
1696836355.6171875,463,0.0,4128.190670552664,4192.496444705302,4081.837050936738,4146.382953186839,4096.241241284332,4121.504480115643,4045.7910185459036,4162.643824336468,4060.3649875197425,4087.191907124588,4012.0795194118496,4087.697316675915,4172.01226576857,4104.6315734693335,0.0,0.0,2.0
1696836355.625,464,0.0,4018.791225668232,4190.278460264229,4158.088222396497,4169.4432449888845,4011.951724316878,4093.1347086070805,4048.931671289303,4038.559157125322,4034.5227256149806,4124.933130086504,4195.941218060052,4006.288676601797,4132.156438872032,4117.574668637525,0.0,0.0,2.0
1696836355.6328125,465,0.0,4138.091932373209,4025.5753444345064,4069.593706740144,4159.834482449838,4134.4754904268975,4173.64229063938,4159.033770595097,4112.866291371165,4037.445373568966,4057.174475191492,4191.460114428732,4197.104480697982,4191.546101998149,4156.267168370557,0.0,0.0,2.0
1696836355.640625,466,0.0,4124.816507837103,4171.373045131279,4129.809571773212,4140.786739664328,4172.1845815349625,4014.0108982361644,4025.451189580135,4006.0819333397876,4121.2628879005615,4045.372837358083,4009.9964738458434,4149.304455812232,4167.003727735695,4014.7000802359507,0.0,0.0,2.0
1696836355.6484375,467,0.0,4162.96367580386,4124.668308830262,4121.275067232537,4060.134977482512,4108.028829159539,4128.642255522976,4182.375292831326,4166.653150981797,4009.4854246041696,4028.9104919235933,4125.315184304583,4156.1218190697455,4191.045705580459,4132.719500035854,0.0,0.0,2.0
1696836355.65625,468,0.0,4186.579359296109,4033.7990339721296,4174.195350814937,4090.3644850652277,4081.760108865802,4160.702197841898,4052.9714610264805,4193.73854373,4175.916575444077,4105.599783842297,4093.5092894210998,4155.241502409623,4171.777895390447,4093.864111675173,0.0,0.0,2.0
1696836355.6640625,469,0.0,4153.142584341206,4151.507280866609,4069.3473465979205,4010.8725256336243,4162.028270852589,4184.071859819696,4157.165931037044,4143.565434527899,4148.029484803421,4041.5863495565886,4177.746634442746,4073.1386118916603,4039.65109051099,4175.795523791083,0.0,0.0,2.0
1696836355.671875,470,0.0,4107.771789081646,4106.874820543643,4106.408311344122,4123.340619070901,4138.941072135569,4101.97224400577,4172.0858277013895,4191.808394217811,4102.084252363927,4049.5068490077742,4148.33554710314,4012.1728516141434,4169.383588052941,4087.863531120906,0.0,0.0,2.0
1696836355.6796875,471,0.0,4049.861368496018,4107.616036315126,4154.291007039032,4176.211789595905,4047.540086556926,4188.518252999454,4101.983578501154,4083.974194759025,4090.6752827568544,4161.876291785149,4034.807667350904,4000.8160798889753,4148.389709571034,4196.754838053956,0.0,0.0,2.0
1696836355.6875,472,0.0,4142.333093634023,4160.315977106098,4149.1496421642905,4100.444000087776,4136.070810569288,4050.437888050616,4016.50295955613,4048.506738846758,4189.1388846283835,4163.139252412283,4193.875323293538,4172.920764943077,4056.5282528065036,4141.922217043293,0.0,0.0,2.0
1696836355.6953125,473,0.0,4121.708586305827,4055.9640346107817,4150.029121760162,4194.726140501384,4160.108341012151,4018.92849360901,4124.282997945509,4105.270200912891,4027.0622582974056,4070.290261392916,4128.540125472282,4079.7670869899803,4072.073054412871,4077.9102094520144,0.0,0.0,2.0
1696836355.703125,474,0.0,4109.913429370452,4145.712396307975,4065.319184659458,4070.730981074269,4098.406363049675,4062.8990974685594,4049.4796964919246,4036.2358178875884,4160.8390160321915,4081.7026446231284,4011.2511257906594,4102.68403823433,4139.023200852518,4146.307841008911,0.0,0.0,2.0
1696836355.7109375,475,0.0,4145.720866268951,4033.925395491089,4170.686979916391,4165.841019017599,4121.8810635742,4085.0708914972292,4140.1393599007915,4132.011682056786,4042.8803926438536,4012.026892828987,4092.8645978494374,4117.927803323109,4080.8768384082805,4187.115312678551,0.0,0.0,2.0
1696836355.71875,476,0.0,4197.11664271294,4128.51411998543,4148.027889665268,4000.3112224222036,4029.727494762832,4164.3607561291665,4054.4816409090267,4105.34009562273,4130.2789374989225,4075.4916256754595,4078.756125377837,4118.53225335721,4146.2985177313785,4084.794041840292,0.0,0.0,2.0
1696836355.7265625,477,0.0,4003.2020210886067,4089.5957896281207,4195.024444419391,4073.7779950402355,4159.67047153901,4076.0970964973635,4038.0287712773734,4087.5626481209533,4082.2513306573915,4152.575458347543,4112.843145216432,4063.872266076679,4067.4923283184266,4127.254935589017,0.0,0.0,2.0
1696836355.734375,478,0.0,4197.571743389126,4152.2687061242295,4045.401147996267,4083.391088681433,4066.0766185382176,4047.761201469075,4126.599778367497,4140.653869318697,4085.5717004923868,4086.065187666908,4018.5018531611036,4111.861966054649,4141.341686124727,4090.9158000303446,0.0,0.0,2.0
1696836355.7421875,479,0.0,4156.655869608681,4153.079661477647,4182.302263058143,4150.1669409573,4057.554777603142,4160.65594900007,4191.5493163627125,4012.1268296139515,4056.204738955474,4136.509013105551,4125.272679770477,4049.139606914453,4034.3274832356437,4034.775027607409,0.0,0.0,2.0
1696836355.75,480,0.0,4115.633346622645,4110.902375119783,4101.369418761613,4092.9136356588533,4096.491197626565,4093.2477580983564,4162.927866853307,4059.4673552144513,4191.861595083834,4051.3178693850978,4087.249524543448,4175.6758355776865,4004.4610287523196,4034.009568745917,0.0,0.0,2.0
1696836355.7578125,481,0.0,4110.520582240745,4188.057003414851,4170.570183673826,4139.2469293966105,4166.478973548956,4012.9975419031452,4053.844936037746,4126.380389506382,4084.730031158965,4136.858569425649,4118.929205384103,4051.8649689147574,4171.2047998777025,4189.043462807243,0.0,0.0,2.0
1696836355.765625,482,0.0,4118.872408283883,4112.2097100763185,4121.235988431149,4115.671383500621,4188.191047011684,4187.4409980253295,4014.0063562105274,4066.306820907401,4086.279548920266,4146.712698197245,4010.388549897507,4189.855978617168,4123.622845405411,4003.4638724115625,0.0,0.0,2.0
1696836355.7734375,483,0.0,4033.7204774157367,4158.748331180076,4118.850942977281,4014.322670850972,4169.957042385662,4068.395807058621,4010.781249076292,4108.663958834575,4083.742389065308,4155.821871450432,4021.1022977013695,4146.905633830753,4068.8792010241023,4155.871689296176,0.0,0.0,2.0
1696836355.78125,484,0.0,4045.3528800212566,4163.130064305831,4020.0148062955213,4108.1622418943725,4186.400206728126,4092.969530164827,4197.771166454228,4151.5349227875495,4099.336213805382,4137.145785162033,4069.8402287994113,4147.413500378195,4026.669907856943,4115.018772141724,0.0,0.0,2.0
1696836355.7890625,485,0.0,4023.2960688811763,4045.0989624962554,4092.042870630955,4140.875400458453,4091.9073130931724,4190.580700844581,4078.2457439701657,4115.478279386768,4165.164256845038,4186.026707546848,4115.785548003452,4191.5913833905925,4116.498427039938,4094.112797802045,0.0,0.0,2.0
1696836355.796875,486,0.0,4106.896369509747,4141.857564141987,4199.757933477554,4051.1229753172283,4048.1396014065076,4129.156802239726,4139.599499900634,4056.783019454496,4079.480052587013,4182.39588719012,4177.490536540735,4018.2373903439557,4061.424321979837,4022.6074776352116,0.0,0.0,2.0
1696836355.8046875,487,0.0,4116.232348296897,4099.005309969241,4003.1247354291095,4151.896066832301,4153.112150383037,4171.689439417764,4179.894927161527,4035.5976818253916,4118.8639449728535,4128.700369537649,4169.605895777737,4111.684948677194,4193.283698882225,4042.1236668396014,0.0,0.0,2.0
1696836355.8125,488,0.0,4029.5469796105453,4028.665080937716,4145.281945044431,4065.2353581658485,4087.121395411422,4121.502674882604,4072.380451359373,4138.271364321219,4111.348681988497,4109.682969948537,4073.739876618323,4163.252743169605,4010.054251451677,4152.385667865044,0.0,0.0,2.0
1696836355.8203125,489,0.0,4041.8456397154273,4165.987876833987,4139.907378543304,4107.811872498816,4109.034352616955,4159.432348860812,4022.8357952620495,4100.3173112361255,4134.082098425292,4177.206857180501,4196.276799428104,4032.9502413805462,4047.5406368935533,4148.361195316269,0.0,0.0,2.0
1696836355.828125,490,0.0,4165.547153682903,4058.676391021363,4103.465707067922,4195.798869371031,4170.154148847284,4137.617211829353,4190.242897398638,4086.460761808313,4195.536653134008,4053.1173829894205,4177.2102907921735,4101.9175442763235,4099.497420192152,4028.4547048425343,0.0,0.0,2.0
1696836355.8359375,491,0.0,4145.7417216102795,4123.667361176659,4160.935688969999,4168.864638881156,4085.734141278564,4074.8027864074816,4085.4954602859943,4113.212282007049,4065.432845803723,4171.312703595504,4087.416947953047,4138.619120445191,4186.706638652698,4095.158801523651,0.0,0.0,2.0
1696836355.84375,492,0.0,4052.1090066750967,4081.580510951073,4111.524528996475,4086.595934071554,4191.203117100337,4199.900534013831,4121.800782902403,4124.015281766694,4011.904298977775,4160.113663776107,4069.3896503428423,4007.188296908976,4123.330204946426,4087.875249605311,0.0,0.0,2.0
1696836355.8515625,493,0.0,4171.874733111265,4126.651459986742,4138.1724189447095,4114.747953918925,4186.185731940924,4012.721364783123,4117.516990461034,4115.331741582498,4192.754920748491,4171.278735980837,4063.6476283774637,4006.4893746130547,4040.0131368373495,4188.502170770212,0.0,0.0,2.0
1696836355.859375,494,0.0,4183.9011045339885,4131.53746736054,4018.325623139156,4032.3727670850617,4090.8557430480087,4107.930217672706,4145.780062894257,4068.072741188151,4090.7544682111165,4109.6640600251785,4108.950385372321,4131.447223481581,4051.440832850685,4036.5649500643467,0.0,0.0,2.0
1696836355.8671875,495,0.0,4149.767167252129,4045.2070044385214,4043.8031821961463,4061.1786874936042,4030.682930128039,4105.908087213904,4125.056480830376,4033.5224904825927,4126.309587987086,4101.379643649834,4189.454143785161,4039.323852479749,4073.563219280697,4149.038819735574,0.0,0.0,2.0
1696836355.875,496,0.0,4047.3766534665697,4160.207476626015,4052.3622534449432,4132.230678411756,4126.852679085316,4180.133187802975,4133.506051781419,4157.487009413056,4190.2378482287695,4194.7985995241115,4181.403800116861,4178.8093785495275,4179.897206051497,4015.666567333628,0.0,0.0,2.0
1696836355.8828125,497,0.0,4095.916766169449,4162.8368754911,4050.7307926743965,4198.427668407865,4179.39951581267,4167.858716946475,4112.226366721368,4009.107264813734,4199.9156511693345,4198.950093109734,4036.7861341549747,4197.106777848825,4007.1308761510372,4177.1952013149985,0.0,0.0,2.0
1696836355.890625,498,0.0,4190.002778500244,4188.512670679709,4071.8797040381487,4011.464294457193,4039.601710701542,4006.945622421421,4045.993828243176,4004.9675316398534,4193.500208051363,4158.555459009409,4180.125921884349,4088.0677608566307,4175.915727602976,4122.642865391331,0.0,0.0,2.0
1696836355.8984375,499,0.0,4167.0439304082065,4053.4502904953197,4165.9854060168045,4162.799606813055,4174.21167054926,4048.3220825585327,4144.215236688291,4017.758297370635,4106.873774517323,4015.7441732167317,4145.033803292325,4134.602354398261,4048.8327859729934,4011.63944785518,0.0,0.0,2.0
1696836355.90625,500,0.0,4144.454317937363,4080.4486773028975,4079.2050661151384,4023.8331872794197,4099.160603832464,4167.884004813729,4152.017821112196,4116.464049166098,4194.008635053237,4134.437863287517,4106.228193893077,4053.753466330245,4073.197394955189,4081.508783818283,0.0,0.0,2.0
1696836355.9140625,501,0.0,4013.381271212992,4006.110457194753,4132.093917554991,4057.736168623249,4138.5134785261525,4017.2115637359384,4035.825328818186,4185.945972679021,4196.541307639994,4148.00091215731,4154.215207459851,4112.86065161511,4108.626136607584,4187.365310364793,0.0,0.0,2.0
1696836355.921875,502,0.0,4138.049916660843,4149.11192010442,4030.50973796439,4189.77591283353,4066.097583669239,4186.031393028697,4045.504181974278,4071.404725892351,4172.205027198719,4009.2007352384758,4014.483467192787,4116.6825502696265,4099.875826097888,4167.7460312550775,0.0,0.0,2.0
1696836355.9296875,503,0.0,4046.721395141495,4023.79911203047,4009.252233353481,4121.981494702897,4156.5983755341385,4097.005671487179,4107.072677500728,4012.8662391647636,4000.821561343288,4159.0277266196945,4162.34437379598,4033.2114657179523,4095.202682763464,4061.9488720705313,0.0,0.0,2.0
1696836355.9375,504,0.0,4107.001578069858,4104.730055597196,4080.8694419601898,4039.2020997315085,4173.044489822617,4045.998806463943,4147.809843470027,4093.6735034675617,4079.905855698583,4075.3142011693426,4134.904928017405,4186.853757335634,4078.864392344767,4104.494108693525,0.0,0.0,2.0
1696836355.9453125,505,0.0,4152.434732409119,4120.821502057572,4006.7593346799804,4126.882645633524,4050.0981999947007,4106.650858990145,4189.550904389752,4082.5854500292126,4107.392942529787,4115.288491582585,4077.577726699498,4057.2130525847497,4134.640090225869,4096.92661809316,0.0,0.0,2.0
1696836355.953125,506,0.0,4047.5715781453405,4095.4603969553036,4109.248328923958,4056.3525081314224,4163.136898460897,4054.466502902864,4148.844919786405,4130.956446169767,4196.842411147031,4047.389630458932,4020.982278071575,4167.819072224904,4156.124247217153,4002.6898563278132,0.0,0.0,2.0
1696836355.9609375,507,0.0,4199.071489849414,4174.05223268712,4000.9228975072497,4079.7975202311086,4078.03069222663,4179.054508230319,4086.3600425649965,4108.046237553024,4056.6884237621075,4121.045781221123,4040.3889126831946,4031.237405662982,4030.921572821645,4178.142794866602,0.0,0.0,2.0
1696836355.96875,508,0.0,4114.461280214076,4179.594593758121,4069.6096049626317,4186.951206602353,4164.272349504016,4141.860961884195,4129.20081087685,4194.942808010465,4045.931435087004,4029.18185028785,4139.595252424484,4059.842883600427,4010.3581588750335,4112.312466543767,0.0,0.0,2.0
1696836355.9765625,509,0.0,4178.109972279688,4199.515537249996,4146.402854224124,4051.914393300251,4141.986299035878,4020.285710472802,4133.070310041739,4047.871437111168,4112.2477490926785,4118.498866187092,4131.8629014531925,4171.067838918924,4164.069386240166,4125.2889622758585,0.0,0.0,2.0
1696836355.984375,510,0.0,4008.0267920339115,4199.201148175251,4025.015176407089,4061.7956953550715,4007.9269721509636,4156.73572698218,4066.29338524881,4176.405561883861,4155.76150711789,4183.722401669941,4026.152711430921,4180.410043638268,4050.586975321211,4117.336960643818,0.0,0.0,2.0
1696836355.9921875,511,0.0,4026.554789782875,4118.342048708112,4140.748638542903,4190.767845559517,4063.5619280504166,4157.98483656999,4093.3286110574427,4132.6694861577735,4117.809786510608,4008.627123923462,4138.553727486132,4096.962564397889,4078.476636045707,4018.615908327488,0.0,0.0,2.0
1696836356.0,512,0.0,4133.504483198494,4144.343879942227,4125.139618902844,4050.237244623127,4049.37549789199,4023.862455077107,4103.050615628286,4090.727009011504,4017.3200719809324,4011.337112281489,4154.859707964895,4181.56406706243,4043.396214249121,4130.984594449148,0.0,0.0,2.0
1696836356.0078125,513,0.0,4182.435786292419,4027.631450551671,4078.135518063957,4066.830585085514,4091.729557790129,4131.170110080301,4172.885186262067,4070.886956362675,4110.485142783624,4154.250207670085,4106.383719202199,4098.1793416980045,4104.786164740634,4103.348175085119,0.0,0.0,2.0
1696836356.015625,514,0.0,4123.414150115438,4060.1125473426255,4173.9647892119265,4089.880208968766,4141.739675909475,4073.4351667075384,4165.151480333875,4081.7498416211056,4149.637232121948,4191.609335293781,4177.900591656475,4094.0674228005423,4036.394631126996,4011.2901292956226,0.0,0.0,2.0
1696836356.0234375,515,0.0,4019.711201371611,4187.601117060854,4166.6970795503,4077.2602442355524,4032.9869327075235,4026.433110029005,4042.7507949923265,4162.652928392844,4081.511102248929,4017.1199388602095,4073.7863776275185,4051.2961182718536,4128.303594790481,4195.135728536972,0.0,0.0,2.0
1696836356.03125,516,0.0,4125.794454763972,4037.823862652315,4107.840104506397,4091.6057493335943,4103.997041638947,4017.075106458624,4119.116911754325,4083.8525905273,4174.471678619454,4053.713478443057,4017.248117777797,4114.157952932962,4121.174167119165,4164.536849843341,0.0,0.0,2.0
1696836356.0390625,517,0.0,4101.430248873949,4139.634378902935,4019.1011283959565,4054.856918061317,4037.060358105324,4182.206904241386,4171.641066019942,4005.5922798095216,4045.7592589611772,4095.4744630607265,4108.159341707233,4035.113069725077,4039.8738073688824,4020.478973116651,0.0,0.0,2.0
1696836356.046875,518,0.0,4111.3335318096215,4006.180817780655,4184.437502943409,4015.1370704857773,4072.0192872289927,4080.6733802471267,4029.3900958638656,4071.974380612661,4003.51397996057,4103.837865054632,4094.45764961045,4081.1720160141836,4142.941240088042,4144.179425258742,0.0,0.0,2.0
1696836356.0546875,519,0.0,4185.723623714717,4024.871612906984,4190.562490523009,4187.308130454181,4079.0485356257323,4015.397204728898,4168.84044929141,4061.0655898801815,4072.0234558690395,4136.45453945239,4148.868583784501,4113.513770640066,4171.664069310743,4113.673858161942,0.0,0.0,2.0
1696836356.0625,520,0.0,4072.140078008818,4186.565148001328,4196.12642832931,4110.394223397293,4071.253966391471,4109.099914357124,4038.948975533592,4171.811498757799,4000.015309259398,4006.261480002228,4176.380846454538,4020.1175205641366,4173.037655503759,4198.437745265321,0.0,0.0,2.0
1696836356.0703125,521,0.0,4120.520989564746,4081.5137076988203,4146.124217588034,4162.506738748415,4000.946951050733,4160.898755507173,4099.942982155816,4070.6959543019943,4179.301201870962,4039.9089360931184,4039.5620230815243,4112.5327060937825,4131.42588427582,4065.3235007723542,0.0,0.0,2.0
1696836356.078125,522,0.0,4006.2902721650034,4147.7975674964255,4114.264530853682,4097.997411378301,4005.0087798173818,4115.180565133667,4168.926254287623,4093.067242419311,4084.901549272607,4178.223451836016,4163.67259648142,4134.077191658559,4024.9754148128513,4184.028917148525,0.0,0.0,2.0
1696836356.0859375,523,0.0,4184.7957986482115,4033.1021701995696,4100.623253672658,4151.436890204463,4132.550349729155,4117.533070062642,4195.83941381256,4097.441765776086,4009.286240663148,4138.782311256484,4142.648079410877,4014.520557188704,4150.615393013264,4199.405343619924,0.0,0.0,2.0
1696836356.09375,524,0.0,4147.171954301865,4003.9723123042263,4123.054711733226,4036.752526286155,4030.828035013982,4025.3804277505706,4189.976471145823,4139.791085388202,4104.574581221478,4128.030296686433,4148.204645417404,4127.345102139937,4023.097361309184,4032.02507040721,0.0,0.0,2.0
1696836356.1015625,525,0.0,4005.3721664164223,4172.70671284907,4157.456120871289,4082.417581362388,4114.378449988612,4192.382498476432,4023.509306052273,4165.1018782212495,4158.331222789867,4071.0733288852175,4115.651597689979,4130.034456425906,4183.945945623807,4181.877522307752,0.0,0.0,2.0
1696836356.109375,526,0.0,4071.3207965431466,4164.535618810953,4037.270869454249,4059.3783669176805,4102.185516118058,4055.112984097346,4043.533349140992,4110.074383828602,4124.109840159542,4143.230538219538,4130.477335042658,4043.6885073074077,4057.773290163515,4132.648146465049,0.0,0.0,2.0
1696836356.1171875,527,0.0,4082.489476821472,4094.083421924318,4142.917180390382,4192.649217578576,4151.216459542417,4121.269156044651,4199.402935680481,4183.763746569341,4143.5852112679095,4056.271959020811,4047.545931304712,4173.799461208589,4146.910757620764,4127.045431334483,0.0,0.0,2.0
1696836356.125,528,0.0,4110.027378926217,4185.799924948294,4145.2324650002465,4021.0111340647627,4003.9174303920195,4181.320375578986,4112.895271988881,4056.2784994726917,4191.090410922084,4163.616902781323,4076.312307463112,4073.9259756609285,4128.924089439555,4170.692484713417,0.0,0.0,2.0
1696836356.1328125,529,0.0,4003.989283937839,4039.9941020759748,4066.600395459514,4172.0017354737665,4102.7678944228555,4095.422151129731,4080.3802816866955,4063.1845636687817,4111.935458981163,4176.688897492604,4127.984702865831,4062.386140869035,4056.4118552956124,4197.359331814358,0.0,0.0,2.0
1696836356.140625,530,0.0,4119.949290980113,4042.4116756185845,4089.033080792616,4048.0401229686613,4181.25369888959,4034.676862793063,4133.109211086783,4115.1450886948,4088.439299055586,4186.471229428209,4005.5378780347546,4139.070818024483,4074.8387522398457,4008.3716481274746,0.0,0.0,2.0
1696836356.1484375,531,0.0,4146.905620926957,4112.321294044768,4044.8502456307547,4099.7268593250765,4117.196294299087,4128.3132257629195,4027.544156821921,4102.3865968261125,4078.1595870090564,4157.038345776122,4143.771375259654,4199.7941789789065,4135.540483573571,4004.839188375385,0.0,0.0,2.0
1696836356.15625,532,0.0,4078.3961002881115,4198.287495734981,4157.21473882678,4139.172576609515,4107.666348827616,4124.1922260221045,4103.57480405347,4157.488666040369,4020.6728609300503,4113.259284052333,4180.4747974580505,4022.6896473847314,4129.004830068142,4161.5342323789355,0.0,0.0,2.0
1696836356.1640625,533,0.0,4144.699721484006,4103.423703417047,4172.975539422961,4039.6088197606787,4121.78123484643,4130.972403389338,4087.316615613035,4078.4204797332345,4034.6614444761944,4086.441120018372,4095.873327124414,4144.52440247525,4173.223226037871,4121.064239867692,0.0,0.0,2.0
1696836356.171875,534,0.0,4081.5083310997115,4097.284739439392,4053.0267983658846,4050.1023650096413,4057.0550565061353,4113.2435285295505,4087.6622281352875,4021.6219225881514,4175.976958846067,4054.254633068861,4070.5768125805357,4144.760198684575,4059.6181461827555,4128.954805000831,0.0,0.0,2.0
1696836356.1796875,535,0.0,4109.082374162696,4026.791473870604,4046.780222424824,4182.85510822258,4084.7310666300614,4067.755124013943,4019.0300972829627,4078.884638807842,4103.805486829354,4025.9004105019158,4151.154821209049,4166.304922577841,4024.4205213092487,4059.662348809867,0.0,0.0,2.0
1696836356.1875,536,0.0,4125.130344809891,4143.384230793629,4169.001009634719,4098.148976243348,4035.224673926699,4001.99517945338,4035.6091590750584,4065.92328748086,4056.928957100796,4041.2731077342232,4071.9579196778473,4097.857996597253,4084.240765377671,4180.88792868644,0.0,0.0,2.0
1696836356.1953125,537,0.0,4139.422244386765,4105.404116116773,4196.521033679283,4000.9498840057254,4057.7751045284895,4168.232813288751,4160.38549930011,4043.7217233913466,4104.845517705595,4076.2926128629892,4099.79890388808,4098.369848535684,4153.799582288588,4139.009761335915,0.0,0.0,2.0
1696836356.203125,538,0.0,4197.337555643387,4126.838199928231,4006.226475245328,4132.522799799811,4184.404873843378,4057.9457577016037,4068.7004486173832,4153.862253769089,4050.153285497229,4118.581959904276,4032.1767898705475,4148.20745070895,4132.68874000075,4170.918074118562,0.0,0.0,2.0
1696836356.2109375,539,0.0,4093.468551103684,4098.46940705037,4105.1482692836435,4134.0228346861695,4055.759486635795,4160.42234961705,4070.6591319979093,4186.415044577277,4047.4414265529704,4048.2249248307016,4100.512996519325,4173.783291212907,4034.471543729066,4012.9088171487924,0.0,0.0,2.0
1696836356.21875,540,0.0,4177.077803069583,4097.88828734899,4088.9694996347607,4156.921587382708,4180.380789762834,4193.2434154095245,4078.4593102903036,4161.494712292805,4046.7120678944993,4166.828839249441,4120.653507040132,4115.078608617132,4051.058215214514,4017.450714383466,0.0,0.0,2.0
1696836356.2265625,541,0.0,4199.290930776898,4182.42236619296,4098.963268131426,4019.2718996675185,4191.259831645828,4025.335608701328,4199.463214574006,4104.1652568258,4051.3590238718048,4147.945322589581,4019.880861808571,4079.7278323591563,4103.257875501433,4104.810871441226,0.0,0.0,2.0
1696836356.234375,542,0.0,4141.591635851702,4066.372290545964,4174.467846328826,4180.27600459482,4039.4861825520597,4132.79717750761,4010.2365932136804,4166.987246062119,4014.0581810741646,4142.557719618465,4129.161216316903,4056.031058208347,4042.750593951161,4173.065386282136,0.0,0.0,2.0
1696836356.2421875,543,0.0,4096.951703045049,4024.533782385875,4041.204275470783,4122.296888025599,4022.0559347415133,4123.2584651955485,4078.5853375765705,4197.614081223011,4065.44479631701,4050.7141048495414,4199.699970273788,4064.574033142792,4014.4851155341403,4142.265710626575,0.0,0.0,2.0
1696836356.25,544,0.0,4106.833827573081,4101.052849422912,4101.1336475531,4142.532958286007,4003.1154409372684,4097.841964908842,4053.3804916192694,4172.964317752793,4132.167337888052,4189.841249464281,4003.216180764937,4104.244754007318,4013.231929909479,4174.868512301649,0.0,0.0,2.0
1696836356.2578125,545,0.0,4163.632561608377,4147.980476539832,4002.697296712192,4000.777522648669,4081.2032444626648,4159.889052910778,4098.124698678148,4117.492162468755,4180.525446018361,4034.8836537540456,4080.1220808869734,4126.887887202982,4005.4853764692602,4077.85711814533,0.0,0.0,2.0
1696836356.265625,546,0.0,4186.86506487987,4026.4592965593524,4102.043383520927,4150.944303329937,4025.9808711673013,4027.5372407365858,4179.3575026565395,4018.200182521921,4088.7787947059214,4024.7743284772055,4073.7324935233933,4043.7568631814206,4150.7812991997425,4170.2696473270835,0.0,0.0,2.0
1696836356.2734375,547,0.0,4102.267808564006,4177.242466714724,4040.8213513539067,4149.321394877685,4027.9789846824287,4030.0875786076617,4106.350985029185,4007.8208310746754,4161.553945013349,4125.131764940294,4112.722755939565,4024.8786965913823,4186.802423399629,4079.386298544639,0.0,0.0,2.0
1696836356.28125,548,0.0,4108.977600589371,4062.7259973172513,4129.65934473934,4172.09740250768,4043.9111005466366,4111.7202211734275,4013.0360319980578,4155.4752109044875,4086.3945487948836,4061.5000342668395,4155.751043475624,4008.8495400913084,4076.584857017874,4099.071062784562,0.0,0.0,2.0
1696836356.2890625,549,0.0,4075.6333771659324,4085.8574119765335,4176.093082493042,4073.9324474043374,4164.620103984024,4198.041032253786,4146.78763335973,4163.859417521952,4140.461384117351,4006.6713750854237,4003.9809492945615,4004.4345225269794,4105.9285790458425,4071.134978170773,0.0,0.0,2.0
1696836356.296875,550,0.0,4122.885646611054,4110.036270289362,4165.334889213221,4116.663920892357,4041.885124272305,4014.7541285710936,4030.534293582327,4000.9257652869915,4146.73230371469,4049.416293334728,4018.7237293884623,4168.176517111242,4082.358028436153,4021.130121110749,0.0,0.0,2.0
1696836356.3046875,551,0.0,4155.009872025346,4176.4931586916355,4075.947534534561,4183.412460252102,4023.2930705313397,4092.561544308051,4109.1930665626805,4166.075766557829,4120.150790442034,4103.041775269824,4162.481898797486,4195.471684302409,4090.592753521241,4055.7923497836837,0.0,0.0,2.0
1696836356.3125,552,0.0,4117.842592808377,4138.642414333175,4005.6044404366257,4046.8009126792504,4038.750292452036,4002.0331318695726,4064.8759186618436,4149.961008121617,4197.694698507057,4079.023996001622,4180.632302248244,4194.041288866474,4189.75172243517,4195.637975234442,0.0,0.0,2.0
1696836356.3203125,553,0.0,4100.8966495324585,4170.322703465733,4101.420037508805,4103.642440068201,4021.256987977533,4115.712968680044,4104.277415553299,4139.216815892016,4054.694865917367,4028.8404794651087,4181.838520539613,4164.770638641787,4089.007136168923,4020.71625524621,0.0,0.0,2.0
1696836356.328125,554,0.0,4012.7951836137495,4010.65654484435,4030.5942538610966,4093.8881342963487,4043.049956563355,4152.305558603655,4177.641983884476,4137.211755953453,4048.3272902828344,4123.6444293852655,4075.945919047245,4032.2459164825837,4033.356529213988,4056.7630805562435,0.0,0.0,2.0
1696836356.3359375,555,0.0,4069.24457075585,4046.250855238171,4060.119139952282,4051.06400077646,4145.306964580693,4000.7408358513962,4022.6791709619083,4104.0349026834,4168.091325604955,4036.2453604132174,4000.063928017398,4145.474543349024,4093.301435131305,4008.023122515801,0.0,0.0,2.0
1696836356.34375,556,0.0,4175.250512400747,4040.350673353735,4084.856783130089,4183.1095312022335,4162.370597191438,4044.764086640932,4118.590895543467,4016.0977893365975,4140.7493518047995,4152.221836968497,4053.331222881751,4122.748462925663,4130.7981496176035,4103.374749495698,0.0,0.0,2.0
1696836356.3515625,557,0.0,4183.9940745151525,4136.917687321735,4066.401460591307,4082.6792528179744,4032.2765521736787,4098.992303471172,4123.304511300894,4127.171764277708,4111.152173679454,4006.2970192033004,4059.8966839872965,4026.2715806167785,4176.428354745872,4029.5151084992976,0.0,0.0,2.0
1696836356.359375,558,0.0,4078.06928812259,4035.713448344357,4009.7364015445064,4006.3788715329865,4158.860450719005,4061.091324180556,4061.284617364194,4141.52448361527,4131.083216149159,4005.8599110685855,4016.152004032351,4044.6038188515986,4063.039179459925,4154.28300374393,0.0,0.0,2.0
1696836356.3671875,559,0.0,4124.595065552242,4005.104386898205,4181.716635647582,4059.11149403974,4181.084715458436,4057.094550411653,4182.915680751834,4048.3960042013923,4174.492822630488,4080.3246883195416,4011.959684990148,4093.3500625976862,4153.398697836855,4178.509795423746,0.0,0.0,2.0
1696836356.375,560,0.0,4089.4540931333586,4176.123680101446,4122.670195173431,4186.319938569559,4112.885483140366,4043.6988437400005,4070.754430343333,4057.223879712221,4125.742955808415,4168.155817322129,4106.6114271853785,4036.549646940686,4071.1052332903764,4104.586847128915,0.0,0.0,2.0
1696836356.3828125,561,0.0,4023.091878001869,4161.967770993003,4056.1736970795387,4106.561033240058,4006.137295097505,4117.951881525885,4070.9122443098663,4011.2594921162413,4006.534187970366,4180.67598919158,4165.659760125431,4118.302825100335,4139.655138998003,4008.9767011472154,0.0,0.0,2.0
1696836356.390625,562,0.0,4095.406968270439,4046.3256809507593,4081.5497183755774,4133.717354739283,4139.687854904105,4097.813681173382,4036.527195042647,4122.244109441426,4137.886358588303,4080.9948298685385,4058.0791252670247,4134.138301764673,4133.730298900712,4129.918301585072,0.0,0.0,2.0
1696836356.3984375,563,0.0,4197.476599044008,4004.602508945503,4116.43773394717,4139.708638672947,4103.462259298957,4116.5963119941225,4176.792970377898,4171.966176724634,4107.200203871566,4038.989512125775,4127.280430986034,4186.004132604669,4188.194697012242,4046.6644196688494,0.0,0.0,2.0
1696836356.40625,564,0.0,4160.53187598589,4011.968964367259,4130.2824579766775,4058.2203138045656,4032.09017449647,4101.361036008726,4144.468221956027,4020.6565840768408,4135.7027733824325,4196.993849098255,4104.320431476345,4186.6169771188115,4199.765973250467,4015.1392102502423,0.0,0.0,2.0
1696836356.4140625,565,0.0,4002.584436859294,4148.100793818197,4101.941214897161,4097.5586556634125,4091.753643919505,4036.286585599958,4163.511731835307,4051.241457998885,4097.680392290289,4066.3233124188537,4090.7047038230094,4140.862884548683,4067.6675538060904,4193.579275629414,0.0,0.0,2.0
1696836356.421875,566,0.0,4098.82249688022,4039.188646619251,4079.899116022083,4139.062579023477,4073.715826362427,4062.0245275610473,4078.510545058162,4110.790317976009,4199.655405921828,4099.262059513721,4196.430434523649,4194.983433221557,4199.8301211837415,4077.2128949983926,0.0,0.0,2.0
1696836356.4296875,567,0.0,4040.611947456523,4047.9085314613794,4021.768749618731,4015.662389015308,4058.6026406660912,4164.807056199189,4002.8392525419745,4076.8333986439875,4049.0905198055007,4031.579154719215,4025.871739471307,4043.0862116837075,4197.830598917126,4016.006770073439,0.0,0.0,2.0
1696836356.4375,568,0.0,4184.107280041416,4137.5614892491385,4024.7535745804216,4175.901380531843,4045.02086791694,4142.723040115328,4089.9465537809856,4172.335879276119,4094.062088040185,4117.10078286059,4130.156476949782,4169.818716699257,4175.550214248651,4119.195078474046,0.0,0.0,2.0
1696836356.4453125,569,0.0,4111.851086250331,4016.1576982137963,4014.0075411676908,4141.677761817622,4138.70264278469,4049.3516282986366,4072.021055963567,4047.535595824597,4060.9424137265964,4115.771665195965,4036.4907772757597,4061.029077526328,4187.036702196641,4002.30738479623,0.0,0.0,2.0
1696836356.453125,570,0.0,4124.685366161952,4160.704169069852,4082.1702008869647,4028.334183899265,4162.92479397974,4175.743994838878,4158.786914165659,4095.941222295603,4042.5372371134463,4180.263818094046,4018.149463759563,4014.8770020989964,4105.649069648353,4019.8158243501316,0.0,0.0,2.0
1696836356.4609375,571,0.0,4016.196614308187,4010.8009682975944,4095.1686139879685,4155.028842367622,4071.688988586433,4092.900861569962,4177.08386352643,4094.1416129388135,4030.2994522208974,4116.841776897121,4011.35576514574,4127.861841054227,4195.238642924158,4032.406242572615,0.0,0.0,2.0
1696836356.46875,572,0.0,4025.6577540050093,4010.4652552393763,4023.361332997574,4164.851328665952,4023.7876371918655,4050.9373531175393,4007.5765121963054,4058.467103090939,4142.511087439696,4063.8666036001073,4008.445169394492,4082.5024033793475,4002.637992513524,4027.1558567250054,0.0,0.0,2.0
1696836356.4765625,573,0.0,4147.817160227524,4047.9877763819463,4001.247777538494,4072.735735267345,4183.316578599986,4097.613077563076,4027.3594399800704,4159.060837097409,4052.213336934312,4088.9846143371697,4178.334088951215,4046.7148035140444,4083.5679636400414,4079.7162083746052,0.0,0.0,2.0
1696836356.484375,574,0.0,4119.384945633298,4049.8259543459067,4130.734961567655,4084.905117844391,4146.368694295667,4032.573319113483,4159.762328180962,4137.497027225875,4002.909697173971,4139.3150953778695,4090.008372326124,4047.214507758441,4195.917204078806,4068.8673473643453,0.0,0.0,2.0
1696836356.4921875,575,0.0,4009.764749553437,4078.3233674784606,4094.697521069932,4006.092334942944,4058.4334087548227,4143.80996063517,4174.629461739466,4163.446254078494,4078.63746103195,4009.454591575941,4053.77869747182,4133.286697669733,4061.975632121534,4101.701765749649,0.0,0.0,2.0
1696836356.5,576,0.0,4054.6657630681866,4101.899666585718,4123.088163237761,4081.3637345249263,4099.488643294611,4171.07284538673,4181.901245458528,4099.865728733964,4072.198089025151,4183.975195057701,4112.115340726223,4004.3641972946216,4171.998617585138,4113.619853659523,0.0,0.0,2.0
1696836356.5078125,577,0.0,4067.5671149512573,4012.4269797412953,4025.057993408419,4098.123328695087,4058.854910071175,4166.01514307971,4039.6313843526013,4159.252903742218,4185.943101348776,4197.470947337707,4013.591054793307,4146.162135578127,4126.030428720684,4015.318955697681,0.0,0.0,2.0
1696836356.515625,578,0.0,4086.4491956207576,4153.38379442338,4133.525453180056,4060.300742346874,4052.063291709717,4056.141077634478,4109.670582551105,4018.6490864943135,4057.4466119261733,4180.363236139297,4183.164280861663,4081.029832721324,4036.4765035193677,4095.2548607422586,0.0,0.0,2.0
1696836356.5234375,579,0.0,4186.874964731873,4163.304734974302,4067.291320778802,4101.651105071229,4003.9943709673944,4126.704154355247,4137.101130217275,4034.718828133906,4145.981600774548,4056.2152438169014,4079.4476913566928,4043.117625936367,4119.804505179683,4049.1952562283836,0.0,0.0,2.0
1696836356.53125,580,0.0,4121.990104420795,4170.576813995537,4140.785351433516,4047.932193827959,4071.8447738278674,4039.576265040954,4111.138972790401,4032.919003067697,4166.043634649386,4125.680860430943,4142.854611423012,4092.5344231583986,4167.371441405152,4173.753293346762,0.0,0.0,2.0
1696836356.5390625,581,0.0,4040.0779021177136,4094.224982823391,4125.955808153057,4049.671226832821,4076.7281178983794,4159.557633784939,4197.1516411344155,4065.078634037159,4146.365763150433,4193.853922079739,4195.231340358655,4091.8498108619847,4092.9738906831503,4084.402525754213,0.0,0.0,2.0
1696836356.546875,582,0.0,4109.409690965831,4017.3460265728613,4113.354113801899,4172.076424912517,4026.7278278107638,4197.7528565568655,4086.860811390153,4116.84722548314,4188.101200755728,4090.804533413742,4159.524795028701,4027.5400207666967,4183.232758597777,4086.4288805579927,0.0,0.0,2.0
1696836356.5546875,583,0.0,4001.6697518186556,4076.03904719222,4062.125372927835,4078.431231447077,4020.5371281620405,4112.4069910243215,4194.8833936032115,4040.7244399479646,4177.582493370946,4104.901961666876,4051.080745082403,4113.1317931969525,4104.563626140291,4030.942771677982,0.0,0.0,2.0
1696836356.5625,584,0.0,4085.874036729632,4162.5704640681115,4004.5213034241888,4038.7388646566433,4073.482668974206,4199.366200221392,4174.95569223025,4103.648342648306,4155.058801694858,4186.656727679595,4077.8646999717994,4112.930000129684,4134.891798394039,4012.167305021764,0.0,0.0,2.0
1696836356.5703125,585,0.0,4116.51252432826,4109.366416631545,4055.892927773223,4003.512122990552,4041.1198779530805,4073.2272061332496,4076.7345157205277,4167.2370815284885,4074.6783598979873,4027.2471007390236,4013.1314406971087,4176.112293288202,4134.642756473774,4182.716773663268,0.0,0.0,2.0
1696836356.578125,586,0.0,4107.971227571796,4056.044312700305,4042.2009367092155,4176.208004760908,4177.905326784562,4035.8617878779623,4159.9463615244795,4138.91786060755,4054.5632041308295,4027.4887214988285,4069.7246810176534,4195.098231228553,4083.7862557363337,4154.34600674637,0.0,0.0,2.0
1696836356.5859375,587,0.0,4112.482452413769,4062.025694904351,4093.8940564401423,4107.78069533327,4141.896624967602,4089.133088556607,4102.768873358301,4157.69864996909,4132.2264875093115,4064.415305519736,4035.105302335267,4161.7063282992,4137.106303985756,4197.938836760701,0.0,0.0,2.0
1696836356.59375,588,0.0,4195.848352260766,4072.193514280022,4051.3938943703824,4026.7669031034875,4151.727378559083,4073.1499226022684,4173.056333671882,4070.8958774512816,4083.420858751304,4192.385394837949,4149.23695910031,4009.247670448694,4049.800613685547,4158.147488339095,0.0,0.0,2.0
1696836356.6015625,589,0.0,4170.406799494528,4121.030203533707,4014.5269832154854,4042.526634212771,4143.14694582953,4020.620393329234,4098.110852419138,4066.072180306658,4141.892910514758,4067.897041063623,4013.8817961601158,4063.979110548291,4128.453290787346,4168.230879314586,0.0,0.0,2.0
1696836356.609375,590,0.0,4189.218406400525,4126.716163457924,4082.8386872222322,4147.464792656701,4089.499897527781,4092.3684493191286,4014.5780388838725,4091.199763650263,4118.334565486054,4060.6321522775593,4079.6131527080124,4160.611980466376,4125.217763448823,4199.207290045982,0.0,0.0,2.0
1696836356.6171875,591,0.0,4174.264220406301,4077.5440175111116,4045.635693059062,4152.568651661395,4182.434486278426,4068.288148397644,4113.807954594941,4027.3388129123223,4023.9468612145433,4148.531663804747,4017.31112287444,4059.191782264572,4194.153399255078,4167.345489965881,0.0,0.0,2.0
1696836356.625,592,0.0,4105.198802712858,4197.913936068699,4100.082947707204,4094.469014102577,4126.775273436682,4060.349723143672,4027.4559429804654,4015.138374286452,4051.57964322779,4126.354246799988,4121.176180909329,4153.259392229814,4145.66319894521,4009.8759974866143,0.0,0.0,2.0
1696836356.6328125,593,0.0,4036.056556452419,4172.347117336744,4129.032659415632,4025.3808890286305,4038.667268014637,4046.562225332564,4172.506920949669,4177.201938300253,4138.78838049705,4130.114173908183,4129.207352663943,4000.6593539125283,4128.364850332728,4046.126028588544,0.0,0.0,2.0
1696836356.640625,594,0.0,4101.701274647296,4133.856144180305,4169.369550466103,4102.428781276587,4114.924091353816,4000.1756254795737,4095.1260153185426,4118.405859769762,4041.5661583955616,4109.577053760958,4194.76705641466,4025.885658191398,4022.80099120545,4027.398389969185,0.0,0.0,2.0
1696836356.6484375,595,0.0,4183.219682830493,4163.762503891947,4023.134308990467,4018.458103106881,4044.6937977126386,4045.6354149283407,4182.07371308624,4026.9272055097526,4106.266544219438,4194.734492624451,4018.435837881493,4101.689124279842,4181.916956632977,4139.834836369061,0.0,0.0,2.0
1696836356.65625,596,0.0,4120.840724758839,4087.1604894644465,4017.6802799183342,4166.763180925783,4098.659232575199,4017.4282991509635,4149.694385432939,4072.223321347824,4177.133617862229,4000.9298272838823,4188.022287096622,4048.5645329458107,4016.2748241312024,4106.363640645739,0.0,0.0,2.0
1696836356.6640625,597,0.0,4041.5471813200547,4068.9019919684188,4167.325133718612,4098.26080611953,4053.008075067442,4001.60195286505,4072.7581491471105,4043.447678451416,4137.640504854883,4168.6743232769295,4095.0828735343694,4094.5106932219073,4110.9656130970025,4162.87554166531,0.0,0.0,2.0
1696836356.671875,598,0.0,4188.125631091511,4004.8147871090646,4098.798571517673,4131.316019991627,4179.271887767597,4197.064315666065,4109.575117410349,4155.539616476501,4135.5103405788905,4125.820107251967,4006.6920500728547,4018.3276877173716,4056.4652068934633,4095.0244277269367,0.0,0.0,2.0
1696836356.6796875,599,0.0,4136.730434037846,4165.475000284542,4092.2689439589963,4047.8974772687156,4050.0325329581283,4053.9264990031047,4027.0012461952297,4128.874709771158,4077.0598566844074,4097.033430406038,4106.625406025306,4112.017745101236,4041.6445838992636,4158.984026094736,0.0,0.0,2.0
1696836356.6875,600,0.0,4176.085205493399,4165.089290430833,4129.892319080635,4184.907517519843,4128.232943147124,4132.951191267341,4114.217665330498,4045.6590890916073,4085.593390188975,4074.1407870811636,4110.359031344064,4187.9557872672085,4137.292904546548,4069.77857707864,0.0,0.0,2.0
1696836356.6953125,601,0.0,4170.26904477932,4186.388060183484,4080.570643563055,4047.331537788099,4133.856118501494,4162.567059982519,4055.8134917941707,4091.208458789238,4051.711540794812,4103.0127471267815,4082.19019921241,4166.081777764881,4152.216669180169,4180.275154428135,0.0,0.0,2.0
1696836356.703125,602,0.0,4120.721572811695,4025.3367365609743,4162.96047287631,4142.5963751934005,4035.89553508483,4099.904526817595,4095.1653692507166,4182.490203655376,4073.7003177811976,4152.776969953533,4049.441412336267,4115.969545363537,4006.594127458503,4193.490463890319,0.0,0.0,2.0
1696836356.7109375,603,0.0,4063.3759050714943,4117.675567656306,4121.607340709025,4020.7819204655852,4087.492169708247,4009.776444707378,4101.686173863175,4043.8029151654373,4053.870727542651,4028.412986088658,4011.298170359882,4042.539706455652,4056.947751353983,4171.547179116791,0.0,0.0,2.0
1696836356.71875,604,0.0,4150.648906638116,4160.905633048467,4180.453244758295,4157.14767326063,4163.8796102807355,4058.593428345724,4039.931399845924,4107.592210333817,4146.440583168557,4048.1689867391615,4044.943216098625,4159.490066966223,4134.977886856915,4078.1894745868494,0.0,0.0,2.0
1696836356.7265625,605,0.0,4117.788618494388,4083.600579458848,4170.743001780412,4020.963338127709,4092.901305452902,4032.439556226985,4162.740544205378,4136.14759551144,4000.6465147093245,4168.499571813592,4121.499010764266,4083.0178717421077,4152.682959337613,4105.385727708284,0.0,0.0,2.0
1696836356.734375,606,0.0,4075.7052144569207,4144.687092763271,4111.193921788934,4161.0445880245215,4157.655644527358,4009.6337104942827,4022.9605501713254,4000.26666912759,4111.773772123823,4021.310155984127,4108.3519286512,4117.325471436969,4141.390090576047,4029.2515879803655,0.0,0.0,2.0
1696836356.7421875,607,0.0,4012.825965164451,4160.088745132409,4148.14955892454,4183.515098052675,4017.6355328918125,4104.633135590925,4170.931430325626,4172.348015777722,4003.910779661538,4087.916323335259,4082.3854994031058,4122.490500327288,4088.6037062980863,4086.333973568091,0.0,0.0,2.0
1696836356.75,608,0.0,4195.728100537546,4059.0090202222486,4115.365804364648,4054.078573197958,4058.056386547307,4075.8244798272613,4164.58769748241,4134.531077750471,4165.6303099976785,4132.172416865147,4161.129378970375,4023.2607653840387,4198.672109271069,4125.555555424703,0.0,0.0,2.0
1696836356.7578125,609,0.0,4160.217746397064,4013.2586540929037,4063.8863060639947,4174.618055553285,4172.798287095694,4160.971827684983,4195.703421510299,4146.499314150023,4190.090401821539,4007.557351098468,4048.4976862553194,4050.664414961436,4108.607500324021,4009.4327770865557,0.0,0.0,2.0
1696836356.765625,610,0.0,4044.548425136857,4162.583816412123,4154.683154007666,4064.5465253051743,4126.240546108027,4154.647426007324,4089.9847848276795,4147.140538847986,4198.292521846912,4134.657617281521,4150.56737187199,4165.284739039652,4107.953639292057,4173.101920141107,0.0,0.0,2.0
1696836356.7734375,611,0.0,4066.9319831300995,4045.8738160307526,4134.2745811331715,4048.8154269431566,4101.37524414047,4050.6787203758913,4117.659557725449,4069.5446416172617,4043.2835088187703,4090.5000139972863,4092.3343436220316,4020.7364118318255,4085.4625014047206,4182.726792762658,0.0,0.0,2.0
1696836356.78125,612,0.0,4074.6427774029326,4145.433550025504,4008.476301293483,4031.416433351691,4188.069255552771,4063.8187715941604,4050.3543174476986,4180.375731716694,4127.595115360289,4061.6741647043727,4011.3544722732213,4098.226254228561,4146.074970176837,4007.0546854394797,0.0,0.0,2.0
1696836356.7890625,613,0.0,4095.332790718015,4051.2778693398277,4189.8964362402085,4108.012791080251,4046.7318692377567,4157.541676049148,4098.6630916477225,4064.3210640655843,4183.6881183128435,4182.04937824878,4065.935562772248,4001.5386934701564,4080.069478980088,4111.615268920671,0.0,0.0,2.0
1696836356.796875,614,0.0,4162.870656180375,4192.170935997358,4190.100349258842,4086.7324127487136,4034.241422740762,4092.2602827811234,4040.947875432027,4133.145059864607,4113.777603755856,4181.187229611031,4129.133114600624,4160.437096625543,4149.221047563332,4185.334456790426,0.0,0.0,2.0
1696836356.8046875,615,0.0,4092.8812624993934,4019.5202272048223,4187.292075072892,4154.090133287538,4001.4816356796655,4081.5601419904697,4142.247596768425,4043.815355308873,4154.103960403513,4107.819729701102,4193.628903778423,4026.4974130153723,4004.348310598581,4082.745395333964,0.0,0.0,2.0
1696836356.8125,616,0.0,4139.682610231279,4192.631143467478,4068.4871949194116,4104.918694898357,4129.200354495514,4036.43740894679,4158.586425733827,4119.351929153857,4103.593949273414,4058.4326982671905,4003.16575982342,4111.255354225553,4125.389397147118,4183.029454374999,0.0,0.0,2.0
1696836356.8203125,617,0.0,4001.1428952041833,4042.2494479287852,4070.6596307969853,4187.185708433827,4017.4797409302278,4187.798445340361,4049.0258754438405,4097.582971050383,4014.5816988467054,4183.510551030556,4168.05137829053,4187.630175291215,4154.708281971436,4060.0709456528048,0.0,0.0,2.0
1696836356.828125,618,0.0,4069.8260645727655,4051.4226598409996,4155.550706670539,4185.9259277633155,4081.39241720603,4074.8922633916927,4057.6432730260553,4076.0024791051565,4104.909933700955,4140.5562987947105,4099.356735973508,4133.329554658524,4136.826661781025,4184.401331299264,0.0,0.0,2.0
1696836356.8359375,619,0.0,4138.414719753732,4004.723714171267,4119.246862631408,4162.193595370637,4179.924590487253,4116.160059877459,4113.680857449428,4088.9910172864847,4156.432034988749,4155.446126054507,4102.290750834974,4075.289447854061,4101.4040769799685,4056.827024329443,0.0,0.0,2.0
1696836356.84375,620,0.0,4144.741078986475,4120.582545322505,4019.121409029753,4123.450469037113,4183.602438266224,4088.349403608963,4038.952552482219,4068.107092866677,4110.421996459442,4005.644441001994,4025.461523641675,4009.6728917587034,4093.9538708711134,4070.167364438842,0.0,0.0,2.0
1696836356.8515625,621,0.0,4079.799826315812,4026.52074484906,4167.023167187143,4090.2388747641717,4030.733153725958,4186.921365952316,4005.2198255680673,4066.2168710710594,4127.242810266587,4189.440451687412,4005.0122887496036,4195.224349210388,4008.362423669966,4048.0167700696734,0.0,0.0,2.0
1696836356.859375,622,0.0,4129.870725420873,4031.4610314724832,4110.064185597813,4055.590663994359,4038.06420444046,4183.205224544546,4011.7503760890377,4011.0088344432365,4170.115671629023,4048.5902832133847,4011.2355637994497,4139.37244929789,4170.549341431817,4138.10245802466,0.0,0.0,2.0
1696836356.8671875,623,0.0,4081.6107235146324,4030.5443788537414,4034.660856766762,4086.079728360485,4174.766779365302,4025.7031299326122,4173.488559119925,4089.3671000680765,4001.206768165523,4105.627501472085,4126.391274624976,4019.426825814868,4044.054994910208,4063.250005701996,0.0,0.0,2.0
1696836356.875,624,0.0,4005.580761231795,4014.9098165447126,4189.529342483418,4111.506284463174,4000.711655446655,4161.967232029346,4105.589595361805,4058.60828740693,4079.222406634365,4182.536311154996,4021.5030265851597,4033.360542229997,4099.503107715037,4186.326796215271,0.0,0.0,2.0
1696836356.8828125,625,0.0,4111.489334970175,4014.6241151583426,4096.573388254378,4198.188995614712,4090.937745913727,4100.48902106304,4041.5608655639426,4096.562235577366,4084.819565227102,4172.042356274818,4092.1944223083074,4136.603130496116,4051.6189578702815,4083.4146675468864,0.0,0.0,2.0
1696836356.890625,626,0.0,4128.0020906691625,4045.086604461601,4112.887014884281,4080.981828924487,4105.510452916826,4146.580399960657,4009.5353361628536,4168.32304625131,4008.7914936328416,4148.508105571879,4129.6291097572885,4092.7263179683273,4135.751785772607,4023.817863099043,0.0,0.0,2.0
1696836356.8984375,627,0.0,4134.8725519673735,4134.073282982478,4198.282580883506,4159.666958916194,4157.555617343121,4054.647841395706,4140.881069367949,4125.498600149324,4012.0870547274135,4057.068757571618,4058.660795073108,4112.275681947723,4148.287418573148,4150.692576203068,0.0,0.0,2.0
1696836356.90625,628,0.0,4112.279354152835,4053.9072259424875,4005.9444363220787,4035.755683041763,4012.3514821827243,4143.306491517148,4093.6449288691874,4055.388511003516,4186.946162116769,4170.026471678096,4172.375269547032,4059.4842401817223,4179.073416095873,4008.419646882424,0.0,0.0,2.0
1696836356.9140625,629,0.0,4068.109293425003,4004.799253142639,4110.1490585446245,4062.105601809956,4012.0874078804654,4122.645635430432,4011.447103886498,4115.365750121628,4153.185314914097,4053.5081876299782,4006.1312537369176,4081.674304918988,4015.1156483893465,4096.59198033287,0.0,0.0,2.0
1696836356.921875,630,0.0,4103.871206581954,4097.2117438656305,4143.70743279864,4142.854626460996,4101.5694654504005,4147.60959289433,4154.1357786171075,4143.192435619825,4026.039771311216,4136.5333478415705,4049.788343269683,4059.871910018103,4190.416457076802,4070.671537023686,0.0,0.0,2.0
1696836356.9296875,631,0.0,4072.368164062007,4059.192656248662,4109.883464763909,4148.013931441524,4019.535422156809,4009.792159165791,4018.772603441206,4021.7676214050316,4048.455333229382,4189.8724213549385,4061.496245548186,4124.637431432273,4159.458178457838,4065.0372017134387,0.0,0.0,2.0
1696836356.9375,632,0.0,4076.508676708484,4049.082838779588,4026.437373045055,4116.484674903285,4083.0285695406606,4024.6254697508834,4027.6980774980107,4053.6754056446875,4081.4851708332076,4115.077124413289,4157.801238686284,4185.982954142296,4068.0435796108904,4154.73292003332,0.0,0.0,2.0
1696836356.9453125,633,0.0,4082.618805823472,4072.154166814214,4075.633278371563,4192.502830007058,4036.545589905389,4108.830198526105,4179.521616268272,4026.4173188364034,4060.404797209476,4127.788368560296,4017.985925136068,4073.8722759732536,4124.448569034777,4131.930202553602,0.0,0.0,2.0
1696836356.953125,634,0.0,4189.268061718281,4185.681365757063,4199.649919260264,4199.249428678228,4116.174936457448,4193.678220683705,4133.57782851336,4145.950565387688,4097.016118360832,4152.193621117858,4115.03756345721,4099.922330535918,4125.097436594848,4100.1525516272695,0.0,0.0,2.0
1696836356.9609375,635,0.0,4146.937181874847,4173.541778685443,4008.6995613921436,4026.3434169907373,4019.775674088722,4042.2186378748893,4125.682331178805,4094.707895367492,4154.4880239019085,4129.191812053533,4140.725249151008,4021.515832920191,4002.5193250810757,4064.755950181121,0.0,0.0,2.0
1696836356.96875,636,0.0,4180.2936945878155,4079.1221860902956,4181.137253322632,4132.848837910808,4046.7726950212077,4017.044802506507,4161.233528495859,4022.9606806556967,4011.120765950146,4009.811349143203,4066.692219682466,4197.668321015132,4175.173137396591,4028.1427548117,0.0,0.0,2.0
1696836356.9765625,637,0.0,4166.170612018304,4111.633393161291,4106.689185036463,4198.420512504392,4152.230574352403,4153.310493914432,4197.748800493545,4153.638756300189,4037.0367008252056,4019.535595200524,4084.9609826233573,4031.175327114813,4095.578016095597,4081.510599086637,0.0,0.0,2.0
1696836356.984375,638,0.0,4171.563662618445,4001.7111015779956,4042.7469678759144,4155.877536886638,4025.386658929367,4017.2043867688217,4081.4685508252246,4093.423960910654,4120.009802902054,4097.8846170329,4030.472232213287,4140.963863345861,4145.700452272461,4066.7056190007793,0.0,0.0,2.0
1696836356.9921875,639,0.0,4186.679112821511,4001.368516224786,4170.381806246661,4142.666955228427,4016.4302737884896,4152.489591130569,4125.030641059601,4058.416490230611,4174.859277130047,4036.0876649182296,4023.299684791644,4177.596492554186,4152.95171657077,4016.365570174524,0.0,0.0,2.0
1696836357.0,640,0.0,4074.4445071668742,4027.99375686402,4122.317667783701,4068.5774408814855,4176.049061416171,4097.806174621071,4141.474845654729,4106.6239781626955,4015.0906681943,4054.204962287636,4131.850560179069,4074.525839623588,4086.6316274649,4075.4307993132647,0.0,0.0,2.0
1696836357.0078125,641,0.0,4118.262366434058,4191.370626039466,4148.585163541731,4066.9775709711225,4142.02457991052,4008.4564406794316,4039.245599112296,4018.2174598567144,4021.8723462156636,4129.475769640711,4158.230245165065,4069.1233922520614,4128.0662278377695,4134.560933499147,0.0,0.0,2.0
1696836357.015625,642,0.0,4142.6419869544025,4137.712493981772,4171.980892166692,4020.208605108139,4100.7327117001905,4191.690083627891,4088.6198497490213,4026.1592000769856,4138.874318420596,4189.410152275011,4091.357002952635,4178.747814783229,4149.735050278539,4176.192362708935,0.0,0.0,2.0
1696836357.0234375,643,0.0,4187.684423728259,4093.001744510305,4095.802378900604,4192.043909718961,4183.068392912523,4078.381072604739,4178.483746414529,4186.608861871833,4124.552446807764,4123.321583477876,4038.8245758976236,4129.342629919857,4186.937720110936,4081.2480206163045,0.0,0.0,2.0
1696836357.03125,644,0.0,4197.496068236317,4130.08341287827,4051.9202606643285,4165.076321311942,4178.334850908334,4124.676988351085,4053.4114074833205,4190.545223152473,4111.998378117058,4179.045656313144,4138.64088851875,4051.1184388468255,4101.382677113803,4052.317667230415,0.0,0.0,2.0
1696836357.0390625,645,0.0,4134.230077630152,4195.190510933714,4053.3870982759017,4121.856360615459,4135.180545267542,4087.9718139726488,4127.566992311314,4099.186504444516,4129.1990760971275,4146.48311981995,4199.548163274308,4089.171104277553,4068.118735115318,4150.359431946249,0.0,0.0,2.0
1696836357.046875,646,0.0,4040.53903755583,4094.551687961143,4113.336155503335,4120.974212493059,4184.214055758139,4109.806871282028,4150.79261598097,4196.863779514556,4078.6021203780642,4130.288987929084,4187.56452236307,4097.163271217209,4111.498379979772,4157.815494411007,0.0,0.0,2.0
1696836357.0546875,647,0.0,4177.840330362249,4198.570857172478,4006.6270764135456,4006.8890287065,4134.792888380151,4114.822095399962,4061.361592797773,4133.245656908273,4139.549904247001,4039.729234783905,4141.602367725399,4085.822420794842,4126.758659363785,4153.366282899781,0.0,0.0,2.0
1696836357.0625,648,0.0,4096.071206345378,4040.2661820352996,4029.004482657337,4001.4985677745326,4061.7408543290207,4147.858065400349,4139.152872898975,4161.43367255317,4125.264097398433,4122.710454752596,4160.359796652404,4199.94951030733,4067.201788977952,4134.901957034004,0.0,0.0,2.0
1696836357.0703125,649,0.0,4195.160803554486,4183.464283270645,4006.110738158672,4044.4324507640176,4172.5575992782915,4138.160046980093,4187.2255154643435,4136.070531090773,4083.287394906667,4099.502016546275,4037.042091159773,4023.8283877806575,4126.895406565689,4099.482005480455,0.0,0.0,2.0
1696836357.078125,650,0.0,4063.8062661623603,4081.937481789238,4157.128374511116,4145.691659347354,4158.562651677748,4055.326750541071,4139.324909806544,4134.56232190328,4191.592034092046,4021.256884700018,4125.791966390305,4044.156118921228,4036.6814399198765,4091.3958408884337,0.0,0.0,2.0
1696836357.0859375,651,0.0,4142.9304234326,4053.7018596029493,4181.242431395481,4169.902067837539,4079.5878073853387,4147.8329390837025,4180.879381796254,4076.7996353060216,4034.429981087867,4072.9480566345637,4064.2332333027853,4055.7295160085914,4162.5788408538365,4121.762752311751,0.0,0.0,2.0
1696836357.09375,652,0.0,4087.975067319109,4137.044979681623,4144.6603148830445,4025.4761341158437,4180.98786465256,4049.4707614579547,4024.772421992703,4084.911935009518,4013.2520938538896,4169.080412241708,4002.537886854619,4198.528601962464,4088.705948217743,4108.500270604553,0.0,0.0,2.0
1696836357.1015625,653,0.0,4014.875349304888,4151.046963872894,4017.640304359975,4136.067135297932,4099.712131160015,4117.720350776957,4193.450897004656,4137.231304175995,4005.5598926759317,4060.228470287149,4111.507265856674,4084.1060567372338,4116.659572151811,4045.189876333012,0.0,0.0,2.0
1696836357.109375,654,0.0,4017.072693274287,4180.32925112531,4043.6887002318203,4135.287532868182,4065.2934463341107,4128.117568481691,4016.52654478824,4192.3063844118415,4137.524245093022,4040.2892569245723,4174.902977278517,4071.3128770018297,4132.741029861206,4004.6437688368023,0.0,0.0,2.0
1696836357.1171875,655,0.0,4165.703879300459,4087.4419661874563,4035.786249847946,4088.7903405767993,4064.3755499805266,4164.963241183733,4175.384030624053,4173.296018856236,4011.8583688770823,4093.946670999507,4108.94991948424,4183.880800413362,4112.060824858982,4156.426485601084,0.0,0.0,2.0
1696836357.125,656,0.0,4095.825934103751,4076.737452023632,4012.546479958035,4098.135880715605,4140.607314665997,4100.180216967109,4070.9452334355087,4031.4774392333047,4063.0448029965905,4159.691704247443,4195.348018531226,4024.7972907219137,4058.0671020674126,4114.347929103418,0.0,0.0,2.0
1696836357.1328125,657,0.0,4019.6801337219476,4050.4894807400683,4140.248390469166,4118.378659232236,4085.8935606728824,4000.3765762481858,4025.553381652228,4006.779702761525,4191.709449457132,4052.8409326628093,4069.7580008440304,4009.4838975943017,4074.550299603484,4118.091929262512,0.0,0.0,2.0
1696836357.140625,658,0.0,4177.573739215525,4197.683935203099,4037.969755281329,4089.435323634703,4027.246193364475,4070.8972653236756,4193.3648655994,4032.0601143109575,4050.299962429355,4153.7926034396805,4052.070638071186,4171.202336646921,4183.660234802238,4147.890544560537,0.0,0.0,2.0
1696836357.1484375,659,0.0,4113.537447675139,4066.7560793396283,4197.372878663694,4092.3996751969735,4061.8815325627033,4008.6851813269936,4057.786007542303,4046.880829955494,4017.7295882819467,4002.552808726541,4194.695243827608,4024.7286989258105,4117.770128634426,4102.962516013058,0.0,0.0,2.0
1696836357.15625,660,0.0,4059.711817094653,4172.466744579049,4085.176440677461,4146.14507964363,4052.4366498918675,4069.54978467665,4155.427185479045,4112.568187753905,4162.684505088586,4184.4873105710085,4089.483972738712,4141.6561787740975,4147.97552198827,4023.3688423991694,0.0,0.0,2.0
1696836357.1640625,661,0.0,4090.834435719446,4168.295754133907,4048.474654135014,4157.9690548570725,4168.092626715138,4126.587576774354,4091.102005874014,4049.169636984784,4113.7951835303475,4110.209112498596,4071.1134139341616,4035.947872783382,4141.460863626982,4065.039495502864,0.0,0.0,2.0
1696836357.171875,662,0.0,4105.2714964870775,4142.561623449166,4059.4652263586136,4035.4472251052607,4060.7318013885865,4193.879710154897,4129.049736522562,4115.285232756828,4107.715635704522,4013.590161229163,4096.214052465138,4022.0296082974146,4044.098964131098,4132.814935757966,0.0,0.0,2.0
1696836357.1796875,663,0.0,4009.8675804560453,4103.251437748131,4053.427124648729,4116.374862584122,4038.7194028657423,4148.457788217475,4199.92750489956,4192.036516803674,4022.7047910034244,4066.4628141219446,4062.155588609216,4019.7004710540004,4185.063223197701,4043.5638814520607,0.0,0.0,2.0
1696836357.1875,664,0.0,4103.3089765714985,4004.708323029036,4120.102350226486,4053.5237134147874,4047.872528271351,4013.5960726381936,4146.090577697417,4174.996048635178,4193.609337604881,4008.3026719372947,4010.680032603684,4083.683816158388,4142.37472703114,4047.5575056605708,0.0,0.0,2.0
1696836357.1953125,665,0.0,4055.8550051599404,4091.418455251796,4080.628901625374,4164.574609623386,4032.4959341814288,4005.95852657125,4020.8663579921786,4020.5212526660725,4182.693845452764,4029.167822761807,4126.208061369398,4027.713494446114,4079.852566775476,4191.360600119442,0.0,0.0,2.0
1696836357.203125,666,0.0,4061.931542717901,4146.404836756576,4144.735944704637,4063.5186369268754,4020.98944543013,4169.525445737011,4006.132829312557,4077.5295312018748,4067.2072837043206,4077.7205578073026,4172.244339712841,4057.378304069921,4017.5517532645204,4056.432272311441,0.0,0.0,2.0
1696836357.2109375,667,0.0,4044.632017160751,4081.720634798081,4124.582365415247,4100.287118613985,4180.510232642852,4181.207979765716,4013.927844046884,4060.723369759943,4003.769488907945,4089.894408472702,4176.847774330735,4075.5924701931967,4003.5020983395993,4050.636604369175,0.0,0.0,2.0
1696836357.21875,668,0.0,4035.826977179568,4063.041490176487,4141.517430700227,4095.2014066774323,4019.740172930454,4069.1322672056435,4008.821497471412,4008.3574846497118,4028.139887707094,4063.6278116203084,4108.596950589026,4188.540711931565,4177.401178678269,4073.9356743845724,0.0,0.0,2.0
1696836357.2265625,669,0.0,4075.500605925949,4007.9437473589683,4071.9458999748867,4174.670823527313,4063.6087817698804,4070.180655382635,4053.52980361933,4068.328930865024,4191.057137312967,4049.389976338712,4118.897374526754,4107.005826567609,4069.007723533633,4028.774096102395,0.0,0.0,2.0
1696836357.234375,670,0.0,4061.1837796860204,4061.1986723971263,4024.6915788928995,4027.950145573981,4003.3415243547215,4001.9922026315985,4057.609972319756,4020.798157992819,4073.1029462177426,4028.139643879697,4172.005927611361,4030.096063673798,4067.5977490784508,4073.2512545583104,0.0,0.0,2.0
1696836357.2421875,671,0.0,4039.041499782823,4022.2160820664676,4173.433279279937,4177.292622781146,4180.581509521081,4070.3802023618523,4071.2620302674495,4179.293654790688,4030.8482349153624,4157.017737917053,4163.718002897069,4043.0416348493345,4060.4742648445094,4148.7560004791185,0.0,0.0,2.0
1696836357.25,672,0.0,4188.259270850865,4142.495572732469,4145.777213445849,4165.301299752027,4044.181374915271,4027.3378631085175,4047.9081523207524,4052.709099886748,4155.366546267181,4188.372907651206,4016.9017424985896,4102.00346208852,4002.1502800872877,4140.069670245643,0.0,0.0,2.0
1696836357.2578125,673,0.0,4133.644250512096,4094.368997068366,4134.015982442085,4195.112044249628,4161.681878422653,4146.620894381378,4125.009562499496,4094.233724284528,4150.54828560288,4007.8236708145114,4057.541558985857,4046.1718165495026,4073.326347178008,4036.053369149115,0.0,0.0,2.0
1696836357.265625,674,0.0,4152.633972002214,4137.338871218367,4015.1582032128067,4190.3489515493075,4180.102665353574,4040.299045700471,4055.1078466185004,4155.972435778722,4153.085035617548,4167.828374246736,4178.951226575367,4131.526020363113,4059.3667357527597,4009.0341063519177,0.0,0.0,2.0
1696836357.2734375,675,0.0,4169.528486378135,4055.366069521746,4130.009809129518,4093.1073975646796,4111.356046087462,4115.959345457888,4181.820217484995,4159.044971838852,4113.0104506319685,4061.716152694179,4107.026960759168,4165.01943360314,4093.001545470899,4148.922605596636,0.0,0.0,2.0
1696836357.28125,676,0.0,4103.193241832792,4031.7312335006645,4021.9886758031657,4104.877126886283,4187.583158828449,4092.0818065255103,4102.158596055694,4158.563248061876,4105.470914689808,4154.993555337559,4076.0393841500304,4141.530887775583,4071.8891891323997,4118.224831687257,0.0,0.0,2.0
1696836357.2890625,677,0.0,4092.2702567721985,4060.326997259757,4190.794944321307,4160.807258524217,4090.3112357672926,4166.770680770101,4015.0499258991163,4154.935397203438,4188.086499392597,4015.9605247078716,4163.201983100093,4126.342666611714,4173.233081372158,4106.436804896463,0.0,0.0,2.0
1696836357.296875,678,0.0,4035.6284702483204,4150.168235987452,4171.2240872488055,4154.775233555129,4107.948472225481,4134.434958365889,4017.170672613589,4018.3189825250047,4150.492989872734,4044.1847323380516,4093.2741224411675,4016.665452911302,4074.1376765847936,4182.81014145446,0.0,0.0,2.0
1696836357.3046875,679,0.0,4034.8866919402985,4182.849108008847,4075.9371551346812,4010.469232271485,4044.07256737766,4105.1440378888865,4138.081415734246,4107.736742612896,4057.251334418126,4178.5150759046865,4156.7841676801745,4068.7443311572733,4196.751816929608,4134.443484181647,0.0,0.0,2.0
1696836357.3125,680,0.0,4167.149061648074,4022.972222853264,4080.5326290797216,4162.635457921395,4041.535368525386,4093.933755931103,4059.9509212992607,4026.2946727067106,4125.938131751153,4100.251634844744,4085.1003887546103,4190.668418086088,4169.64766366133,4102.410394690866,0.0,0.0,2.0
1696836357.3203125,681,0.0,4061.2227222703973,4079.1942872341183,4114.794767990343,4162.225490389509,4078.0939375898474,4036.5940034895757,4038.662106105041,4073.608866791725,4043.839975783612,4050.9852884143015,4197.90685914917,4149.47629449946,4092.437042790123,4138.26862790905,0.0,0.0,2.0
1696836357.328125,682,0.0,4031.1254552240216,4045.3713229321274,4121.625711392107,4145.5751007235085,4128.759075846221,4036.3067577668903,4143.040882318697,4035.7161958119573,4103.562057743219,4194.190054047071,4165.618883037357,4115.680648316828,4180.8356470821045,4057.923913989788,0.0,0.0,2.0
1696836357.3359375,683,0.0,4030.9530790190684,4162.960392630998,4084.6803465738085,4115.247091557845,4198.639937373404,4059.1988429167577,4074.048414251455,4059.5764141154514,4015.7914564305074,4024.16711392555,4035.7652471547995,4166.098675341978,4048.472389106734,4191.311588377492,0.0,0.0,2.0
1696836357.34375,684,0.0,4189.87041641058,4011.1653382917752,4005.879417716879,4145.478203027308,4130.083961807584,4067.716504075034,4025.520913169664,4107.549242106675,4174.652442185957,4085.773904056433,4007.316117505229,4125.287387024595,4058.7595049688434,4034.134374321988,0.0,0.0,2.0
1696836357.3515625,685,0.0,4158.335767134633,4094.3475547562393,4053.68968001675,4086.048634146606,4162.410936042118,4074.4380983026035,4056.39196937829,4024.8812003213443,4085.5860361182827,4051.7193072106165,4178.007286864385,4167.187478999904,4143.094272942904,4174.2232968971375,0.0,0.0,2.0
1696836357.359375,686,0.0,4059.2323783521324,4027.9401292094876,4017.7744087832643,4050.1315638682076,4160.722849898808,4016.6965046548216,4079.6733342888792,4130.646260780314,4152.101952697668,4043.5703086733506,4129.340062796894,4047.4597878771265,4026.32321482507,4199.487331911657,0.0,0.0,2.0
1696836357.3671875,687,0.0,4048.375894397933,4122.4100877889205,4027.472818849072,4102.359269198982,4155.710382055024,4104.06575219386,4189.917325941048,4158.990881483457,4160.103439580807,4081.947580239455,4163.383022897835,4106.498767803523,4131.586856367168,4129.289175637092,0.0,0.0,2.0
1696836357.375,688,0.0,4129.788008024415,4139.927095842559,4082.561368807402,4020.488628466925,4112.7609350790635,4192.734977419928,4011.99378214016,4032.188846747536,4136.098761403088,4145.7030632959295,4051.8355008084463,4088.972047491772,4054.587533746864,4117.590500762459,0.0,0.0,2.0
1696836357.3828125,689,0.0,4101.791745935188,4140.919784902892,4065.7824284716844,4062.680217108838,4041.752220360592,4052.311512907867,4098.994201220314,4109.884708306409,4089.4813819103592,4021.0744225118874,4198.006578238842,4158.949626320723,4156.10033842519,4110.824636363775,0.0,0.0,2.0
1696836357.390625,690,0.0,4109.679148578249,4121.095541102727,4074.009277624188,4184.5317934233435,4109.342494089123,4153.538368404717,4032.1884295657574,4030.839051759377,4030.1003547641385,4164.661337278555,4155.569951269164,4027.3531636672674,4105.819517620863,4037.718699140633,0.0,0.0,2.0
1696836357.3984375,691,0.0,4184.421164568663,4017.967269899158,4119.737011551303,4116.183478908295,4071.553126023313,4054.4961448129698,4092.3090240964234,4001.184600339839,4113.276612120496,4098.6956018216415,4166.546823667308,4103.48578773082,4101.608756531206,4015.348424040679,0.0,0.0,2.0
1696836357.40625,692,0.0,4060.114622169689,4137.146709460282,4046.9132459100065,4081.6327066930407,4180.44844553899,4154.0497851408045,4111.531681563336,4096.067542032255,4123.704346213395,4121.682045469743,4126.074409103953,4085.9279585171976,4040.2325064826127,4194.510846151801,0.0,0.0,2.0
1696836357.4140625,693,0.0,4020.0938522252595,4111.81554948578,4144.350717375145,4049.228306038241,4174.23179228635,4003.36988109981,4065.013290992854,4073.1044884019925,4138.7741092719,4193.379008547217,4105.867051867718,4008.565153942086,4116.376546369207,4165.68533709913,0.0,0.0,2.0
1696836357.421875,694,0.0,4139.368498473828,4197.0190812175715,4036.632194351079,4079.548242179345,4115.997774986486,4135.036293029984,4098.495550032291,4057.6392074880023,4036.0612380547086,4100.467618910701,4100.305808808488,4129.535483211449,4158.603817763483,4176.044474101219,0.0,0.0,2.0
1696836357.4296875,695,0.0,4063.484858097713,4143.487354090814,4165.361459630725,4198.421274609631,4082.7708537129593,4044.8057178855724,4080.764634152102,4024.172875993065,4133.437638050606,4161.49662940133,4004.644715190681,4111.103499287133,4136.085489676114,4085.8378111813563,0.0,0.0,2.0
1696836357.4375,696,0.0,4153.544580278877,4055.6619339526387,4105.978643595458,4021.7817943355217,4142.945809905742,4055.5489846855635,4047.0512953391108,4042.7596186423975,4139.62379282855,4162.023319565332,4111.543445560487,4184.355592803455,4068.305812810669,4041.2724073588834,0.0,0.0,2.0
1696836357.4453125,697,0.0,4116.468960361042,4077.143251647982,4136.177339360713,4025.425087518262,4009.2646467341306,4124.531542637088,4044.8537680712534,4197.003797355054,4106.302635140796,4152.992684674436,4074.3530253092545,4177.111002963375,4134.144606486245,4058.9943071788084,0.0,0.0,2.0
1696836357.453125,698,0.0,4031.9426355652363,4049.8410934591193,4053.9033456540715,4162.883732531049,4019.090254845894,4150.576198209202,4047.7015151581904,4104.0169020201965,4060.8608554492107,4010.0139792967398,4175.846265739676,4154.534842887582,4199.548415136157,4131.982305026758,0.0,0.0,2.0
1696836357.4609375,699,0.0,4168.017032298504,4143.902771698389,4138.388392942843,4049.7311296779453,4159.110144034386,4022.8452935538708,4166.935853759323,4003.2884071519024,4072.8316464666245,4122.043937487483,4007.316206572319,4156.039546612721,4176.155007403685,4069.3046445289174,0.0,0.0,2.0
1696836357.46875,700,0.0,4024.557275366331,4058.1109747531755,4123.553878649967,4125.912008220839,4158.590938683754,4155.290760102334,4018.48454497718,4195.034556951005,4021.5929865570993,4141.315026604363,4183.666979322827,4074.769401425874,4043.650739758429,4117.817552631532,0.0,0.0,2.0
1696836357.4765625,701,0.0,4198.704138987616,4064.6895901444423,4104.32189050316,4013.6756613957405,4105.819247937989,4189.998396369874,4075.767539261961,4062.0181531313474,4034.7022030765197,4058.45459244533,4036.423060390792,4192.508778755459,4132.848538218913,4182.373729513793,0.0,0.0,2.0
1696836357.484375,702,0.0,4174.534911549458,4006.6409489833713,4133.629680042229,4075.225102717762,4018.654657668239,4053.749702600183,4084.4530530977213,4055.1651641936096,4198.812724905545,4081.323907722164,4012.2024613449257,4000.997567844371,4114.771543385251,4034.712134715368,0.0,0.0,2.0
1696836357.4921875,703,0.0,4119.736189375275,4132.9145966378555,4077.6385086086098,4119.174288873288,4149.134620474132,4192.6692182869165,4151.222680693887,4184.734456957265,4169.869714809774,4047.235004477048,4099.286367318178,4183.4136743696245,4156.48528804767,4096.346943401596,0.0,0.0,2.0
1696836357.5,704,0.0,4014.330302887647,4038.1794119760916,4178.404344564,4102.224058260252,4149.853102442585,4081.9353513557116,4169.038233517121,4050.15852154994,4031.5640108101857,4140.214136666384,4001.139939790472,4028.169015103871,4004.0301094147358,4176.432251532302,0.0,0.0,2.0
1696836357.5078125,705,0.0,4040.2360221199688,4106.232058988681,4179.867184397515,4178.27847413474,4058.1155549750783,4109.914431389024,4098.378511375575,4031.3284643493657,4010.060005825899,4103.762414167139,4127.886575548485,4032.218762264677,4022.7924723380384,4048.359586229657,0.0,0.0,2.0
1696836357.515625,706,0.0,4088.667496118737,4091.618684005221,4144.605520011637,4138.536549720981,4064.075974423675,4103.870431777092,4095.006779309798,4136.193119389324,4185.176127715896,4191.923783018387,4074.495006400585,4041.6228714343815,4009.006377691426,4184.803443427389,0.0,0.0,2.0
1696836357.5234375,707,0.0,4185.694953563361,4044.170431184603,4092.2336967630013,4177.386439879349,4118.767611049726,4039.4839891278893,4126.670702046169,4061.872289880934,4066.2547631981593,4154.413413879268,4133.858947516555,4157.902615683265,4120.747744181363,4144.171985574092,0.0,0.0,2.0
1696836357.53125,708,0.0,4043.1119834884394,4055.321310529969,4018.3035848373397,4001.0165082182853,4029.189508932338,4024.1156330212602,4090.817646188999,4073.9363999842926,4029.6344719728027,4159.216979844294,4081.3051030851607,4186.8310549541,4172.394761982501,4017.1633257497397,0.0,0.0,2.0
1696836357.5390625,709,0.0,4195.783498725322,4003.068037246386,4176.113876301973,4136.682202005167,4150.287184967783,4084.6654940838657,4047.3595528353717,4155.346537920245,4074.8996362112757,4183.382285412079,4190.077611121935,4126.430794193283,4183.98271728044,4106.618704627116,0.0,0.0,2.0
1696836357.546875,710,0.0,4169.299568174341,4102.86520574819,4132.503897032899,4080.7153530363075,4093.105390962382,4099.371257324825,4126.4005337125445,4055.527126199325,4083.109776044257,4168.3492541356645,4165.693331098005,4112.562154187642,4172.69941656771,4051.7600282241974,0.0,0.0,2.0
1696836357.5546875,711,0.0,4151.815154291958,4124.637604806961,4090.1481321187875,4080.605239079363,4011.8932052969785,4148.303743880342,4129.9930178778095,4191.168022437551,4031.657362258377,4067.887026303151,4101.378243075501,4069.6174942800444,4145.550500938276,4135.957955389891,0.0,0.0,2.0
1696836357.5625,712,0.0,4021.5512413774386,4005.674196258603,4134.81076853139,4135.370560630065,4044.111087354247,4097.5457915043735,4101.139565620486,4086.320968084973,4061.451736346074,4032.22829351297,4083.287330003627,4103.996261480719,4045.8473175096888,4083.9258217152947,0.0,0.0,2.0
1696836357.5703125,713,0.0,4133.349741422165,4039.9309577337044,4122.98705953179,4020.916737090877,4021.261734077086,4118.9235904733505,4196.93261681266,4096.20159102293,4142.4491276878825,4003.27514994422,4117.458021766003,4050.205572385839,4050.6370226538575,4133.820125579949,0.0,0.0,2.0
1696836357.578125,714,0.0,4171.231041721041,4055.6603552031856,4005.2087741581695,4149.63845092247,4044.2439107054784,4043.420788062957,4155.4102621652055,4044.1643411463515,4068.8897468366536,4079.739254297509,4167.928198875454,4183.929834065119,4121.1592751223425,4177.030065722845,0.0,0.0,2.0
1696836357.5859375,715,0.0,4024.662893669829,4031.9463376478184,4120.5722395222565,4183.277845488073,4150.968021692038,4007.5902105119485,4122.862770164609,4122.725672038082,4035.124538024436,4046.750798308007,4051.989931634739,4146.788759075322,4008.8383610927854,4186.096166308109,0.0,0.0,2.0
1696836357.59375,716,0.0,4009.8199951383926,4072.9188522577324,4082.7860895759327,4036.067777426386,4060.819032305476,4150.094310959275,4005.463952600036,4154.755382836122,4175.65312955203,4083.304925812835,4097.205138034522,4078.7178986351273,4183.407731365098,4175.539608404755,0.0,0.0,2.0
1696836357.6015625,717,0.0,4000.4350066530424,4119.867396038008,4074.0268702542444,4093.6697429110127,4121.537295234722,4015.473150297087,4045.946350235094,4032.120031032105,4061.0145414685335,4054.7349690667693,4033.2675224281693,4050.665577960378,4193.5088397304635,4144.367044671325,0.0,0.0,2.0
1696836357.609375,718,0.0,4064.346526632194,4195.534335251879,4019.893585192419,4126.050749567888,4012.9352964104946,4099.246408993846,4073.635585181999,4072.060688928261,4064.420075878216,4181.612968946591,4072.147030012084,4044.652133651639,4010.774896151077,4143.6717897838635,0.0,0.0,2.0
1696836357.6171875,719,0.0,4102.2784449142455,4144.685122406591,4104.161302667606,4093.383645720194,4163.502349281962,4086.191864568434,4002.700006745782,4067.3702003502954,4035.0903501869484,4005.290860270305,4003.404110289569,4018.3219967909395,4147.542278643433,4092.434128297871,0.0,0.0,2.0
1696836357.625,720,0.0,4002.040559744321,4129.685507302062,4186.700050822226,4053.677161004582,4137.967648773634,4196.776415589681,4191.038921061646,4178.38378088325,4043.502000415317,4193.499637456487,4086.1431123384805,4042.0201785800054,4020.177436995298,4113.065938445357,0.0,0.0,2.0
1696836357.6328125,721,0.0,4037.50730435849,4140.9656326934355,4054.9368178578657,4109.9068245500575,4074.193073658365,4117.163960663587,4196.017899121492,4193.584205285318,4157.49868786111,4079.314797058755,4130.774234329643,4065.263156769217,4044.541785832285,4129.940508763313,0.0,0.0,2.0
1696836357.640625,722,0.0,4124.861485173476,4065.533079208799,4010.781993335472,4088.148872641242,4087.1359563636815,4132.001871132466,4114.062168195018,4147.688008368425,4151.063555290834,4197.541394964058,4139.064611190217,4157.0478921933645,4020.352468247669,4183.959135416905,0.0,0.0,2.0
1696836357.6484375,723,0.0,4017.0191324287766,4135.652912931212,4132.877106966212,4129.5458786732615,4182.856099822786,4163.6071721003555,4194.087081122033,4174.985938401621,4018.782036654803,4144.76380094279,4160.818663153066,4088.428276293241,4113.217947352827,4032.7565903665445,0.0,0.0,2.0
1696836357.65625,724,0.0,4024.9699414582174,4028.677888661594,4067.388507885209,4104.145206648889,4007.9788104236477,4176.831714987202,4016.8476098329606,4169.08863889565,4039.892024745775,4117.037030666007,4121.040437639221,4107.437133723719,4196.735364017877,4008.6721684445138,0.0,0.0,2.0
1696836357.6640625,725,0.0,4029.983351165476,4056.805900766365,4059.8640587483374,4169.473158188929,4141.667732477754,4106.153810218761,4194.793466581204,4075.948943225307,4188.058075947835,4064.306318566857,4021.9958137202516,4149.158772042451,4173.636326744576,4139.133734293053,0.0,0.0,2.0
1696836357.671875,726,0.0,4120.15331557158,4046.5134304013663,4048.002117827026,4086.3415560173635,4125.585275531131,4027.6900078758317,4188.772849104412,4068.981204377836,4070.415408264307,4199.691004093547,4194.501593454076,4170.3918041623865,4194.803133565874,4025.42777726972,0.0,0.0,2.0
1696836357.6796875,727,0.0,4103.845574801135,4007.0414497188635,4188.735492084529,4171.911599863138,4039.214996552492,4178.4800713421855,4065.4353753961427,4144.769888656429,4102.0892654542195,4025.8543970981914,4198.934909172876,4199.704960546771,4072.415827943152,4120.3102135926665,0.0,0.0,2.0
1696836357.6875,728,0.0,4199.314259705054,4006.2902669650657,4167.771142515994,4134.403960622223,4019.391798890901,4059.640464904761,4145.292069787699,4163.468307101752,4153.157107698758,4039.935188528248,4187.016636104015,4147.120695319589,4158.817914636525,4034.7157111631627,0.0,0.0,2.0
1696836357.6953125,729,0.0,4022.1028460601888,4139.421858916546,4163.1900798420875,4019.1215237766946,4193.482863981847,4040.500079747362,4072.6254604054066,4102.345849185516,4044.4821419143823,4154.832980102369,4015.9478312886936,4122.477086810036,4032.0344125644333,4149.829151460814,0.0,0.0,2.0
1696836357.703125,730,0.0,4170.57020469857,4095.772119334533,4142.952649643328,4134.624379327707,4010.0026156774557,4038.1663121489637,4099.063604971932,4152.034753892084,4156.828115733273,4059.8631543898005,4142.571839546248,4023.6524871458405,4044.6426053606883,4002.4872644151674,0.0,0.0,2.0
1696836357.7109375,731,0.0,4041.8215477394237,4134.946565117129,4116.025944274159,4004.6661807587234,4017.402747220459,4004.551772019176,4079.747910918135,4114.785866588848,4059.352851840134,4164.087315751729,4192.887588838737,4138.117894669857,4131.518272738092,4139.523969331078,0.0,0.0,2.0
1696836357.71875,732,0.0,4140.019025358575,4005.103399333085,4089.7429171041904,4065.467192121113,4045.8775965465065,4192.355244104485,4177.548531034452,4004.7648560913476,4125.121822756249,4098.601779359225,4156.577357047613,4135.360535402818,4025.79963962031,4178.012091138348,0.0,0.0,2.0
1696836357.7265625,733,0.0,4055.835579881275,4142.7207145907,4159.255899260371,4195.873805440216,4122.421817531719,4025.258842267608,4000.205719549943,4017.6006480655115,4035.644642185929,4043.3482648386776,4077.0793100991477,4055.521349131413,4198.429855805338,4088.2424211305893,0.0,0.0,2.0
1696836357.734375,734,0.0,4034.8969177802537,4031.6400059470657,4166.29715503639,4150.04155775073,4091.871539244623,4110.037788116776,4014.4477635516173,4130.399112138703,4149.225156390623,4027.8297042091185,4130.368022741716,4084.868517873857,4149.171096010011,4158.893336847005,0.0,0.0,2.0
1696836357.7421875,735,0.0,4057.583145099689,4171.46382858612,4117.317383529116,4074.4131239561802,4179.685921707669,4161.649201219883,4095.6459418886157,4109.603771886241,4173.519936728058,4098.675244810903,4194.751698748852,4001.3551229739887,4094.209036628582,4136.491056657119,0.0,0.0,2.0
1696836357.75,736,0.0,4035.7567870445137,4190.836123851995,4020.4756072677196,4146.987427903827,4108.7366874901545,4047.4140803774353,4014.2108958041454,4110.872560054721,4178.763308727974,4051.2524033784025,4090.1496066622403,4000.8511972569136,4171.739681347961,4103.668172198528,0.0,0.0,2.0
1696836357.7578125,737,0.0,4196.2976426372425,4129.5098296381375,4087.5656017804304,4168.030870647433,4106.483107009873,4048.3313253036204,4192.425692786625,4008.5878122715085,4069.641478581194,4153.1693942345455,4027.430309964803,4076.7891515573674,4046.83920439453,4059.8214113362405,0.0,0.0,2.0
1696836357.765625,738,0.0,4021.56223861408,4136.798587386329,4096.06742607708,4178.531340715766,4002.171412243166,4052.713324709456,4164.718058084608,4107.196837395196,4026.6171170729526,4078.151689089003,4163.1155942633895,4114.73939095051,4094.6437327294993,4166.406159071757,0.0,0.0,2.0
1696836357.7734375,739,0.0,4118.414141108065,4173.979264109148,4086.4008375394324,4118.202174398049,4112.525758786056,4005.39717024149,4095.569575851696,4126.3348131929415,4001.718488898892,4185.657012490873,4060.849604219061,4105.094199969598,4143.198422935993,4055.7139547060547,0.0,0.0,2.0
1696836357.78125,740,0.0,4051.6228773636894,4020.417858081047,4171.623316191217,4192.3299635172325,4107.732586879912,4146.895558374044,4149.724179799258,4068.0950499570777,4176.64698102107,4187.59520068411,4123.9582483244285,4048.5727573038616,4167.903025241742,4003.8551919530296,0.0,0.0,2.0
1696836357.7890625,741,0.0,4147.9328155890935,4184.119497913519,4192.7090470473195,4016.8214760388496,4158.904951441639,4195.74091545176,4103.845953589126,4025.75288895252,4090.2332144173415,4098.386167654559,4084.0673148698697,4197.778827513195,4168.005746076416,4052.950791998978,0.0,0.0,2.0
1696836357.796875,742,0.0,4011.8659340457943,4188.743556772047,4140.136676573656,4178.181438738688,4013.003305590776,4192.75468786738,4162.580920379213,4101.7867905189,4029.533636432077,4087.468496913691,4141.884002063968,4123.159189860104,4144.489412715124,4022.2025028440535,0.0,0.0,2.0
1696836357.8046875,743,0.0,4086.293164427322,4074.68035121997,4105.080556212873,4027.8295695435754,4195.358515591734,4174.383919171303,4096.377980485175,4016.0668338986366,4130.868798054308,4128.122581936257,4114.853684095974,4009.940335350711,4123.968197977591,4045.6229406654825,0.0,0.0,2.0
1696836357.8125,744,0.0,4101.310509142761,4168.278530030106,4037.2596396808904,4141.513868261209,4058.041912085052,4187.526413315317,4082.824547553256,4169.794694433336,4109.426669576784,4141.725203547962,4099.098421112516,4024.2681180210852,4022.8959765544723,4019.4570098829518,0.0,0.0,2.0
1696836357.8203125,745,0.0,4023.3849748921402,4067.761142584498,4116.230827200667,4013.101231516947,4140.022368286097,4133.910797117361,4066.1444769864847,4063.2752706788488,4193.629395121943,4120.012730092639,4087.010534645342,4122.681264723771,4190.622198057936,4071.0438276688387,0.0,0.0,2.0
1696836357.828125,746,0.0,4106.046565446216,4022.337432355624,4081.7428061213277,4078.0975636494327,4196.240195888061,4109.231590308274,4182.152995841448,4022.7999154692343,4139.7260752575685,4117.31257663924,4111.788185957074,4122.826520425947,4077.0576500603675,4182.397566007758,0.0,0.0,2.0
1696836357.8359375,747,0.0,4153.176822085329,4129.343924565317,4146.877910499177,4120.487440040376,4084.0516656042446,4035.2395141294132,4000.334388325219,4198.893441682652,4198.210843301549,4136.402441536232,4030.2166066007258,4034.477132628211,4129.059192056651,4102.461348398791,0.0,0.0,2.0
1696836357.84375,748,0.0,4113.078480133346,4180.021161114038,4027.0978793439645,4085.540341942752,4003.015790719472,4029.839026076859,4092.1758246360705,4070.4851057049264,4003.825015460762,4123.963120693865,4147.08499200181,4061.5691170460996,4105.4317231378,4177.417955715545,0.0,0.0,2.0
1696836357.8515625,749,0.0,4132.337241278001,4120.164106703043,4182.187254200273,4014.6044209037723,4083.444464945613,4087.4831180550823,4026.4572529363,4080.3242227145142,4066.768065535251,4072.215351231079,4044.1747397826653,4154.154016436027,4086.17606010709,4119.646669938146,0.0,0.0,2.0
1696836357.859375,750,0.0,4028.1395451627336,4060.223400872217,4041.1994740244377,4168.579169475044,4169.954542178145,4197.405779217761,4044.1701240818766,4003.4348336763746,4152.307353030382,4075.702403530793,4083.8880851699596,4147.402306138112,4079.9781028962607,4128.753203321529,0.0,0.0,2.0
1696836357.8671875,751,0.0,4085.4433615510684,4166.1928752261065,4050.1028959677624,4095.114647863588,4156.121493885974,4188.016543126513,4149.135727445592,4108.478112978223,4045.468700883693,4183.875009457091,4019.092491296708,4173.221990231572,4049.4772015057383,4086.0964919216026,0.0,0.0,2.0
1696836357.875,752,0.0,4191.303173404292,4198.631568332496,4197.028329484758,4040.6272860804033,4182.679062579911,4027.382723775428,4116.937373910475,4179.1152470760235,4048.781922012371,4139.017219547728,4068.2208799644363,4182.386216816151,4080.058123678671,4102.89646442845,0.0,0.0,2.0
1696836357.8828125,753,0.0,4193.136006070671,4090.0318644149756,4169.45235270629,4022.5201188336164,4154.392012488205,4111.722863084424,4154.858668339932,4065.2565136756684,4063.312183889131,4178.689438972868,4043.7691399219434,4040.997614246935,4070.725132625588,4086.7187201107367,0.0,0.0,2.0
1696836357.890625,754,0.0,4196.049570457661,4147.738457703724,4181.954449498203,4164.051093724594,4115.6939771234065,4158.732556653472,4043.407845112989,4134.557065160862,4171.905005852423,4064.8455635458486,4149.642850694469,4010.8987421931424,4145.517710031879,4153.762861854898,0.0,0.0,2.0
1696836357.8984375,755,0.0,4012.7537168376402,4043.2955487671106,4042.666584954149,4141.776823976469,4174.014538699206,4023.3361691855825,4091.744167872802,4009.4443799777214,4131.610522786008,4147.401921206875,4182.681333797065,4001.263740975933,4112.908284652642,4072.7202604531158,0.0,0.0,2.0
1696836357.90625,756,0.0,4065.0918832171487,4160.861512837748,4151.252700770483,4026.530178819737,4148.365565425089,4090.458832029034,4106.6545125636685,4111.623057972994,4107.446731581749,4060.732559158199,4131.022036996324,4170.2719893520725,4013.782490175921,4156.862610715736,0.0,0.0,2.0
1696836357.9140625,757,0.0,4050.241732349962,4060.905218420837,4129.770035530031,4091.09853229776,4183.122303125376,4005.070822392247,4100.934094364509,4087.3886328862254,4167.0267695631965,4004.5077504981355,4131.482658004245,4019.64209227518,4088.5387192315834,4123.359395791272,0.0,0.0,2.0
1696836357.921875,758,0.0,4087.819164115639,4016.55980143084,4103.547081434399,4044.3056995272395,4021.710504466137,4181.0167139884425,4184.764585651722,4018.2030294733795,4151.617237771555,4138.14454433258,4173.56430825296,4184.10352722174,4033.537913209747,4007.13377745323,0.0,0.0,2.0
1696836357.9296875,759,0.0,4148.022412548239,4067.623219820188,4051.1907723623926,4031.7264770354236,4118.0217872564735,4144.431678940917,4000.0372906799485,4156.382629208537,4144.85338931826,4164.295541061048,4137.186318028498,4010.4285846148096,4001.851137110621,4105.788148217469,0.0,0.0,2.0
1696836357.9375,760,0.0,4015.6273497926572,4056.4128981269837,4160.054786697071,4116.612892748405,4071.210590022005,4100.243494986616,4047.6869970098965,4157.637653899163,4063.6873458198984,4004.8972267153767,4125.780386957785,4086.972288449757,4055.999975032924,4075.9783649936476,0.0,0.0,2.0
1696836357.9453125,761,0.0,4163.0191488594555,4003.2617891380573,4128.0533801237925,4173.138367380301,4053.5285711070433,4181.248758541007,4118.344923673943,4030.0300863006937,4030.5300290025084,4128.27015519909,4053.844928266459,4000.4687066853744,4113.1181054266135,4108.432066708636,0.0,0.0,2.0
1696836357.953125,762,0.0,4075.5898647566064,4185.850707998349,4176.13258951058,4064.0822897522394,4048.5894684572513,4161.610329219825,4001.398527506274,4141.007775045638,4057.6456532155257,4079.8698218320524,4137.798865887756,4119.054786153132,4133.905480126424,4065.8205199169593,0.0,0.0,2.0
1696836357.9609375,763,0.0,4003.826976226596,4035.611045211718,4043.331450281785,4113.847761728511,4004.3591955933043,4150.869128226058,4027.689280037178,4131.340077683898,4152.142969060485,4170.8513537430745,4130.5230484379135,4138.773745348311,4173.757417435027,4119.883373768249,0.0,0.0,2.0
1696836357.96875,764,0.0,4081.8431357062404,4104.142296139011,4138.090951421068,4121.70202196176,4199.192673194547,4197.1724257586275,4125.853883092734,4100.835874578983,4114.276908008804,4181.992958613766,4016.6152339531272,4059.1054653069023,4097.539274220259,4083.7784897444876,0.0,0.0,2.0
1696836357.9765625,765,0.0,4048.0128213842772,4010.2115491389445,4130.977452963621,4094.894337422475,4006.08977929374,4004.6235405288867,4074.5315818947656,4137.457724851349,4136.7330764985745,4089.7117377135146,4139.6233490850045,4016.658737120203,4123.38830550126,4170.082140620306,0.0,0.0,2.0
1696836357.984375,766,0.0,4017.6870937811873,4090.5965061575253,4023.9863280890404,4028.5859369648615,4075.420652030595,4076.862211305699,4054.5656409350836,4000.0836956750145,4128.094587987922,4119.443691783776,4176.721571325845,4023.0036659152674,4089.1364652262705,4196.704602328948,0.0,0.0,2.0
1696836357.9921875,767,0.0,4197.540643270292,4046.876080378399,4120.350648167895,4060.1704014110164,4030.9508755361894,4069.876013973008,4180.530467609174,4073.7745162429937,4120.430466486934,4098.225931658885,4146.0371928446075,4146.976596420798,4130.509243541025,4186.750969338758,0.0,0.0,2.0
1696836358.0,768,0.0,4043.181916443498,4110.521729210368,4063.2363447008483,4194.6721791933705,4008.4965984646155,4048.417830074629,4083.7196822648884,4050.046210269989,4133.419740150278,4131.086352290594,4114.301030959127,4169.308369240271,4146.35134932941,4119.336934475537,0.0,0.0,2.0
1696836358.0078125,769,0.0,4135.2207894580815,4062.5206509684413,4001.640620840183,4067.7348165658295,4010.4600528833325,4186.800361916037,4079.340516076316,4091.3502479448957,4032.957421445697,4079.4653182598286,4100.882776606958,4154.1563190766565,4062.0453536258055,4180.982417204869,0.0,0.0,2.0
1696836358.015625,770,0.0,4188.906930622563,4034.8275540844365,4068.8441363993666,4038.8879148774267,4129.380769396836,4177.417121114394,4115.963303803716,4182.330975835551,4022.0701947669368,4082.0668970351835,4167.245334402525,4057.5046436392918,4044.359666234356,4131.301500716077,0.0,0.0,2.0
1696836358.0234375,771,0.0,4008.5606093551046,4046.898420857315,4194.971324867786,4062.52659829543,4081.4010406125217,4035.020113204834,4070.3744106963923,4014.2790276091077,4173.312315960095,4068.986876075822,4046.553070130872,4196.239683251913,4044.7090786055282,4184.430456599689,0.0,0.0,2.0
1696836358.03125,772,0.0,4180.596878406041,4094.30805849094,4030.8467274890395,4085.443630167916,4073.1083604536343,4109.409026769112,4077.3016877857176,4050.02231366662,4114.674162975973,4169.174349935209,4076.0240047432985,4043.1353209302997,4005.207787273096,4143.207666958562,0.0,0.0,2.0
1696836358.0390625,773,0.0,4196.657357747339,4111.028974255975,4175.8983504330445,4176.130590980324,4189.212467345685,4165.810485352061,4179.211926289137,4012.9426460800737,4109.737440673364,4156.360163506722,4013.584091214396,4033.9178043039683,4035.465540491845,4113.925315456386,0.0,0.0,2.0
1696836358.046875,774,0.0,4146.706618724329,4153.952395703627,4147.199620539397,4142.708126091885,4132.7374721702,4020.434396014558,4081.3762636384254,4056.965774263699,4058.760892901734,4080.1549587927398,4130.858013811932,4047.171698829581,4052.1737053055645,4166.060944722197,0.0,0.0,2.0
1696836358.0546875,775,0.0,4181.263589586981,4090.286912821899,4019.7585929936536,4021.7285018954417,4051.084498492185,4075.362238799186,4089.102881319473,4072.14003132356,4161.078809735906,4094.199229664629,4079.056668639811,4006.2234447266133,4115.149605372826,4020.6405146465813,0.0,0.0,2.0
1696836358.0625,776,0.0,4169.019321938224,4157.049607116876,4129.703986768501,4036.2657970118617,4165.683207097755,4072.496959939804,4062.97559691611,4010.6409777468907,4107.705232616694,4174.208954994587,4067.764519148296,4121.989178067819,4053.484366583382,4094.9853233443623,0.0,0.0,2.0
1696836358.0703125,777,0.0,4078.3419663829523,4036.5475088273465,4080.341917261088,4001.9789275199337,4086.457492181534,4051.834595707314,4070.6437917383028,4053.6536667703754,4127.743921688443,4060.355513621642,4062.4556460026547,4002.826762021771,4095.0443169618998,4152.646005218514,0.0,0.0,2.0
1696836358.078125,778,0.0,4027.108894458609,4187.246194028794,4008.457945667421,4034.088476315933,4080.751006196477,4119.690582340019,4106.109722904753,4064.9172958974955,4045.539632484518,4121.375991687374,4108.012737204269,4051.590960515689,4071.887658022134,4139.7823396030035,0.0,0.0,2.0
1696836358.0859375,779,0.0,4161.310644936299,4159.470859737152,4113.568812576286,4045.35417075106,4165.117090056621,4123.887555986515,4082.567103802164,4008.234658694111,4008.235669650985,4028.2085279796697,4053.8355462474465,4007.185626874469,4061.996401047017,4193.496751963619,0.0,0.0,2.0
1696836358.09375,780,0.0,4018.603508217049,4069.264884923455,4081.687026656222,4140.3639612657125,4066.254344230275,4034.3018662079503,4047.3396204092387,4171.692666379287,4077.5782980969548,4010.7609157299494,4199.376252590655,4089.2045058929116,4146.601105765721,4132.970891850178,0.0,0.0,2.0
1696836358.1015625,781,0.0,4113.069127409598,4196.198538891631,4145.184250450003,4063.4296155191973,4044.531226463834,4049.405487540895,4101.706427426129,4034.3204209527917,4192.360979433516,4092.0006815031497,4091.3193912219135,4103.57256006472,4020.211005253601,4017.0102835276275,0.0,0.0,2.0
1696836358.109375,782,0.0,4147.117884788608,4178.079949570282,4006.328941571435,4174.650629053011,4179.734044010182,4114.439855607877,4164.114141631527,4113.591122448729,4044.7675615932167,4008.0048138734633,4080.6080650633576,4031.972569226135,4034.013012497201,4136.056440243415,0.0,0.0,2.0
1696836358.1171875,783,0.0,4120.007213945948,4123.0435222561255,4166.213292584011,4079.812779923938,4028.115523605306,4040.339809184706,4047.7793945740377,4146.988400803634,4111.319517274706,4004.6340480684185,4021.725277056239,4192.548866592033,4044.7128800206924,4064.089267097418,0.0,0.0,2.0
1696836358.125,784,0.0,4120.092864172599,4045.309421458619,4176.475588079935,4073.5146287387715,4050.0226203665643,4157.578153099911,4087.1261775705584,4065.4121960430366,4197.6197592827675,4170.925396879147,4147.481206352259,4098.641660035154,4150.1849656691065,4084.399800433426,0.0,0.0,2.0
1696836358.1328125,785,0.0,4044.708476328182,4192.163452514598,4194.386357586763,4162.812220416985,4030.753591429364,4050.946306413794,4181.861692752341,4060.2378490324213,4176.0497380594,4057.0539849609554,4082.503935920028,4030.911288166116,4076.5843249612335,4141.612395033658,0.0,0.0,2.0
1696836358.140625,786,0.0,4036.5752992125213,4082.1027429825817,4182.567937898339,4135.872247038737,4109.204861054359,4071.741565667424,4154.1086289165805,4090.998167314475,4119.882250136805,4066.578102695928,4026.9587147946904,4047.026419053899,4050.522043096255,4136.2695230977915,0.0,0.0,2.0
1696836358.1484375,787,0.0,4001.1195495698134,4099.760106379845,4184.21336677012,4194.436516526038,4167.761798279816,4117.763145120037,4043.9162170815434,4073.7648109531633,4118.268810393748,4095.589077766053,4015.795865753528,4016.191356516248,4000.256368159948,4116.069516995084,0.0,0.0,2.0
1696836358.15625,788,0.0,4191.195612084589,4080.2347285679384,4097.5612066167505,4174.120149432444,4150.214083043836,4047.7033475082617,4033.143017983365,4048.1291711162185,4096.989983043615,4035.117325639951,4178.58781246858,4198.878360838459,4035.1458427584785,4187.693817807123,0.0,0.0,2.0
1696836358.1640625,789,0.0,4121.13998659865,4172.617228873165,4084.015159630181,4093.0540733369403,4070.2943281534112,4134.4486636310285,4062.21305112627,4190.915157288372,4190.5249254924365,4105.607024040911,4174.054500061234,4077.903860661066,4091.1561975917784,4064.942760541284,0.0,0.0,2.0
1696836358.171875,790,0.0,4151.068337438822,4151.11737986621,4175.655214890662,4132.890971922419,4007.4719203009854,4048.600634307566,4048.5148710725744,4187.587616870884,4156.663266288805,4050.6965785803827,4019.136972476446,4129.089631548595,4013.443542689278,4070.764378740817,0.0,0.0,2.0
1696836358.1796875,791,0.0,4181.937482976607,4183.344912895385,4023.1339133080496,4018.436351553745,4176.941411808946,4047.0547029320746,4129.787538205428,4094.026747138352,4048.5081180429274,4005.325677075906,4150.010337299139,4001.759271916006,4164.843008106739,4191.577380148061,0.0,0.0,2.0
1696836358.1875,792,0.0,4081.1828774068963,4090.302698717264,4103.419772326877,4133.892294477338,4108.652013756618,4046.313013022951,4151.463482477077,4093.4389543574052,4192.9929932055,4018.7006131109247,4051.4463075617005,4015.547036697602,4116.685992871844,4107.019545510665,0.0,0.0,2.0
1696836358.1953125,793,0.0,4151.165032608691,4037.967276656309,4131.433741796845,4060.8876072785165,4084.1296919587467,4018.3467692580393,4055.225227382147,4035.035596747349,4170.815326970052,4158.475911401578,4164.5641715457605,4145.026833250749,4185.7990693996035,4101.717858825227,0.0,0.0,2.0
1696836358.203125,794,0.0,4135.627009397667,4182.44116563586,4133.4952533324395,4148.791998935811,4121.021608125319,4077.6997115185422,4072.180634766949,4111.1288602676805,4035.3450568477783,4035.135548457278,4073.552978972254,4032.229075592957,4019.264710314369,4131.609026877152,0.0,0.0,2.0
1696836358.2109375,795,0.0,4144.122356825441,4164.154317910689,4032.84018051967,4155.325508241355,4112.9563498595435,4172.028210881092,4040.4391388692757,4074.8601355710207,4028.543444345386,4058.519386303117,4109.233027029413,4064.614465770465,4145.5763185032265,4005.9272295033315,0.0,0.0,2.0
1696836358.21875,796,0.0,4000.7113474870707,4198.735115195754,4018.056401989251,4029.1356274006785,4086.259374385679,4100.4180363217965,4195.142876782322,4193.026067379746,4198.405745135631,4091.089518560427,4158.552379981298,4127.9051481367605,4032.412258742217,4128.0352896134555,0.0,0.0,2.0
1696836358.2265625,797,0.0,4141.685160167838,4157.603918223612,4003.410485031613,4077.3139149833846,4055.017489559578,4015.009523864953,4046.2945119742026,4137.350917843637,4122.95588034138,4111.406360192312,4019.749814295149,4042.7295847742735,4000.329196560078,4057.776686595207,0.0,0.0,2.0
1696836358.234375,798,0.0,4172.984805101517,4153.53554209904,4165.58445927972,4161.59286654289,4075.892954617754,4170.1689259670475,4019.1177543334893,4078.0115610380685,4003.90740151566,4077.190955787132,4166.9405039179055,4123.939995247957,4043.0856469923374,4008.1254002616433,0.0,0.0,2.0
1696836358.2421875,799,0.0,4039.2980279831904,4106.293235833406,4020.146086480624,4109.09534964838,4044.41029369559,4100.566886939678,4179.610830529599,4020.1568092733073,4034.9619970474946,4072.9070753575447,4009.5492723845778,4038.3884421118423,4001.2086408605414,4055.501035853724,0.0,0.0,2.0
1696836358.25,800,0.0,4182.652532333359,4091.8901187192555,4144.185693118393,4161.335209559006,4063.973008275132,4161.104527588082,4056.3390543660985,4003.6391553634403,4141.818804721002,4060.4609858428544,4185.898435554228,4177.827042461156,4065.6258374524273,4009.7677048015894,0.0,0.0,2.0
1696836358.2578125,801,0.0,4029.4678795982245,4126.6490530564,4090.008840102042,4184.3246154257,4136.3331355905075,4052.734994093921,4182.409538867171,4169.647756604639,4170.036969437051,4152.4626127482425,4071.3934821464136,4116.5187563150075,4046.4188832868476,4034.5631674655233,0.0,0.0,2.0
1696836358.265625,802,0.0,4135.924629405993,4192.622390984136,4001.4042439137143,4079.071663668751,4091.7082174470165,4148.526038481051,4054.869724794447,4179.33135023077,4079.4315156248826,4034.666269672699,4072.0605366125274,4198.692330923319,4126.208767285966,4049.818317408766,0.0,0.0,2.0
1696836358.2734375,803,0.0,4186.59152283596,4160.837675047718,4005.9843921910406,4062.3898218586096,4160.569829072557,4125.2295286275,4119.456554599767,4184.244034995619,4193.513644698122,4068.500371651337,4054.3403903241806,4097.443780624385,4124.026066161557,4188.135750306255,0.0,0.0,2.0
1696836358.28125,804,0.0,4149.32533891942,4127.381170763295,4067.479208014171,4090.8618828570116,4058.1086948842203,4170.027162095439,4036.582730049291,4040.627784923019,4070.944656651818,4191.864136496974,4037.8289249863997,4132.051379644379,4067.784400255402,4137.477631892182,0.0,0.0,2.0
1696836358.2890625,805,0.0,4067.5191024196383,4188.513610783797,4175.650638088447,4175.304003039553,4133.990146446805,4182.353897094609,4023.2165493801635,4031.707076167477,4071.245552000451,4169.483894470124,4094.6571829084696,4053.383247563011,4066.791001448674,4083.8998452950714,0.0,0.0,2.0
1696836358.296875,806,0.0,4005.59173867661,4103.000398664484,4057.2634570202445,4065.9853407270953,4003.7465081630917,4089.829733705684,4139.782490461556,4052.7136513474375,4010.6585081793314,4031.3861116474222,4107.359068944195,4092.9859180913204,4121.567346348784,4184.524445355836,0.0,0.0,2.0
1696836358.3046875,807,0.0,4177.648321085582,4144.091363805007,4056.447568315079,4013.1081693903857,4046.030903460267,4017.1732159854014,4188.531763103421,4189.053263605229,4077.7106718040995,4113.655831986981,4029.5335602401456,4021.7620440289465,4102.134961803635,4074.5371142696463,0.0,0.0,2.0
1696836358.3125,808,0.0,4098.4461673265,4017.542719671332,4159.390917139059,4135.665989479002,4134.818366553021,4020.364512698901,4122.677938015692,4166.192755795771,4061.6211282206546,4057.4830743223706,4031.01900980944,4052.916101448261,4007.637860172374,4010.891190391986,0.0,0.0,2.0
1696836358.3203125,809,0.0,4025.1070543430546,4082.6250683948656,4013.629971378684,4010.9786302948246,4164.4448437138235,4027.0140219777095,4122.131967706309,4149.267672749983,4061.957716511648,4105.212391965011,4083.220901380042,4147.401683035981,4011.802024065763,4120.683617376639,0.0,0.0,2.0
1696836358.328125,810,0.0,4132.78877558493,4110.106109777607,4172.454246855791,4174.828297248676,4072.3786042489114,4196.644042887687,4011.8146336624372,4087.9863484117254,4050.917826122608,4016.751120774174,4054.5838276533696,4148.0760702720045,4093.2151383899895,4072.088118276424,0.0,0.0,2.0
1696836358.3359375,811,0.0,4019.554238601431,4033.682820843672,4076.6061493347556,4157.234207179487,4186.914688764205,4033.372780585925,4193.5618399439145,4174.772254210236,4008.1193842520815,4190.365765003998,4119.39075726862,4133.819613341156,4138.918056630331,4155.230399449189,0.0,0.0,2.0
1696836358.34375,812,0.0,4129.780329336149,4130.284408626482,4141.716610225581,4022.6036786292884,4010.246200676407,4087.0778023739776,4149.035596773833,4120.605324908918,4176.4938657178645,4130.138226876236,4163.6162449201465,4166.149413083127,4019.2041286716217,4071.197008067367,0.0,0.0,2.0
1696836358.3515625,813,0.0,4157.539170274674,4036.441699620258,4087.2527223205498,4070.7132770519,4010.0234533605876,4195.65942905116,4103.8821898465785,4055.167020439494,4143.421457847828,4008.4242509839232,4111.332531499818,4049.3573142372215,4170.611055350144,4193.46770045452,0.0,0.0,2.0
1696836358.359375,814,0.0,4182.221090467389,4063.251056472476,4117.952431830776,4187.325785714001,4182.902235157158,4046.006826941653,4155.4324515469025,4147.200687332272,4004.950032600632,4036.6803434069016,4065.6445355981,4143.704269958935,4051.940626452995,4137.525079227893,0.0,0.0,2.0
1696836358.3671875,815,0.0,4078.1625409219387,4064.084468371646,4098.720213502138,4086.0848142507925,4004.867914375968,4157.4003532189145,4142.421653360978,4038.80257963772,4019.2077712620285,4035.286809919699,4082.446560190369,4036.8143025497375,4198.188784399477,4079.0223654408223,0.0,0.0,2.0
1696836358.375,816,0.0,4180.195908944476,4099.3871484383935,4146.062832511282,4049.073941358292,4062.599764482799,4199.2936264186055,4005.6823394068892,4146.395699336703,4155.820606083141,4059.3752541226263,4166.276092521862,4152.248126977452,4048.453894602674,4046.119937123333,0.0,0.0,2.0
1696836358.3828125,817,0.0,4158.3446025021985,4175.013364436927,4128.702149544966,4020.0794579920766,4164.6504562037835,4081.968176860022,4016.4324336993977,4084.74546344322,4024.0206133574866,4153.582436971096,4022.6550503091394,4107.870173934103,4189.557924970924,4156.0685934429075,0.0,0.0,2.0
1696836358.390625,818,0.0,4074.316177959059,4137.572065081798,4184.22871526336,4023.630954610611,4179.089532343561,4169.86104617893,4025.255289178515,4137.0307220604755,4131.597170326617,4004.1057964169167,4049.055059314586,4032.2344060441173,4198.225299306458,4129.280693917351,0.0,0.0,2.0
1696836358.3984375,819,0.0,4033.585728824704,4026.090560576137,4172.654274208315,4094.6571793544904,4160.494342790172,4120.569209961161,4135.601540666338,4166.055658006634,4181.946501652926,4024.848580597702,4095.893872099443,4108.416030231557,4005.620864424478,4099.611096035742,0.0,0.0,2.0
1696836358.40625,820,0.0,4024.30303944561,4193.643333789755,4023.331087764331,4141.633997071441,4003.167359103966,4044.469052635766,4066.339179956875,4018.3571621062433,4160.388519657802,4141.401858886263,4069.5628202542607,4032.8198380059926,4169.1761472387025,4075.617903648688,0.0,0.0,2.0
1696836358.4140625,821,0.0,4046.7102914024686,4126.8563832826885,4061.8787621173187,4191.430965866862,4128.556556997972,4080.226574459358,4077.983464527782,4088.900048958393,4055.0191083869836,4181.045515632162,4037.8207854081043,4060.683134796456,4175.022773456088,4064.44907021172,0.0,0.0,2.0
1696836358.421875,822,0.0,4134.972154547571,4084.4551799916876,4158.623950533751,4119.122012460564,4198.451850151637,4143.282138952594,4058.705303806778,4048.6569622985,4024.8843852468544,4025.142232110494,4051.6929486892636,4032.7088697691383,4007.8300690205374,4197.958891718041,0.0,0.0,2.0
1696836358.4296875,823,0.0,4023.4275094531636,4048.673416735866,4167.690134358328,4146.44510468429,4086.9459172516263,4143.345924822738,4088.6359249091374,4173.077403546523,4054.484661292725,4170.540926993193,4153.945397784526,4012.2394287164725,4067.2564120583993,4065.3188727791267,0.0,0.0,2.0
1696836358.4375,824,0.0,4013.619068159902,4185.475153013609,4068.657910689271,4074.355219321397,4197.083949923563,4089.440682031098,4170.173173161711,4017.800319553594,4061.416281432699,4184.428727411066,4049.862503554086,4119.344069071194,4019.647462199439,4199.972331308918,0.0,0.0,2.0
1696836358.4453125,825,0.0,4039.901275625967,4158.474070157188,4010.4081635965154,4033.0289904011984,4056.69016078465,4155.582263189879,4082.5821741680616,4077.4001708387755,4008.0701844422965,4026.2342967933546,4178.427711572661,4036.09602780568,4100.539852111571,4174.805438751105,0.0,0.0,2.0
1696836358.453125,826,0.0,4154.051502635322,4161.175680572573,4107.760611655558,4013.8639566217435,4073.484396667252,4062.6040850884347,4027.044306615129,4067.297871298135,4152.706273680802,4128.637335090719,4107.535863796356,4151.526600168094,4133.051462876373,4140.995819316224,0.0,0.0,2.0
1696836358.4609375,827,0.0,4005.74953161411,4174.018098295698,4008.140051127154,4024.973030434248,4106.104689281648,4116.4944820079145,4101.195354804544,4144.855792522545,4163.996369333073,4094.2017262847226,4116.758053510504,4161.689966508007,4142.33979568972,4052.123538973012,0.0,0.0,2.0
1696836358.46875,828,0.0,4077.54487131031,4127.699211428824,4032.9414695532387,4075.355221609921,4133.112356527416,4090.599601918618,4099.16808168138,4128.826921901026,4143.637722424503,4126.191293973429,4135.510718604758,4118.474068517084,4096.702920670607,4040.8021908116402,0.0,0.0,2.0
1696836358.4765625,829,0.0,4035.7984057342687,4053.176383041984,4011.3440508491394,4121.27487699065,4108.167072111852,4067.9345593208764,4086.513592963026,4131.286850043402,4145.912847934743,4117.882200676276,4135.769881223221,4018.2090551549336,4104.274998065222,4054.112375323664,0.0,0.0,2.0
1696836358.484375,830,0.0,4146.720026287541,4101.895136345252,4090.66119819495,4081.262028506981,4171.632049491747,4061.674574187828,4131.061001875433,4189.714418249725,4109.567659701653,4187.486250531411,4088.5030161504997,4143.05108248239,4194.419465181351,4034.1589456898214,0.0,0.0,2.0
1696836358.4921875,831,0.0,4060.0233375131947,4083.6974942457978,4182.375770842827,4040.0348822797673,4168.992558419747,4075.3957898039653,4028.2728695738647,4056.838130102479,4197.20604278441,4193.446077808155,4190.034761949644,4100.730792247893,4173.568208805197,4013.0883846670954,0.0,0.0,2.0
1696836358.5,832,0.0,4099.276271142275,4098.755462775714,4094.366154595623,4158.885865057148,4045.192732449649,4017.290421964437,4195.405773589793,4195.902078578409,4149.852810154646,4157.93432001195,4107.444886130578,4015.6050959505064,4173.795917883418,4104.830512885378,0.0,0.0,2.0
1696836358.5078125,833,0.0,4038.964798468985,4086.194328200052,4035.6233951240247,4147.412536635983,4011.951803176003,4105.120069976316,4028.5112055118307,4058.558966075906,4026.826674009139,4143.74999924556,4141.370095659911,4108.841465874094,4184.914296092261,4053.635325076563,0.0,0.0,2.0
1696836358.515625,834,0.0,4043.705937027043,4064.524559123645,4187.4675300257895,4038.6022897048174,4081.407479792106,4109.881682152533,4099.663246005881,4185.687459454864,4165.316322539505,4147.82692431304,4143.261764979442,4102.162984002542,4002.824141191624,4016.0494350964236,0.0,0.0,2.0
1696836358.5234375,835,0.0,4173.898562026172,4137.0108198590015,4052.9970645720155,4136.297847177452,4133.0190466839085,4096.093376657259,4191.489799978713,4087.201382462806,4081.14316077491,4117.683644742476,4034.3359719873733,4130.766183254297,4078.6592953341874,4126.652805334751,0.0,0.0,2.0
1696836358.53125,836,0.0,4195.367948048337,4061.5875363428167,4198.061917613029,4146.04637391043,4182.345111313111,4034.6637712575325,4058.720578286669,4135.375473289817,4061.0039357712158,4157.278726436308,4190.750168037706,4127.603527272148,4195.694469261467,4178.8743879016865,0.0,0.0,2.0
1696836358.5390625,837,0.0,4071.4498185278735,4116.046442679519,4099.395070781827,4015.7170453404838,4188.98720672294,4193.366785617975,4039.464237864922,4037.300752221612,4022.844667847526,4050.5962326976373,4015.2638750518745,4015.869188968717,4009.7097724628775,4007.4747060777586,0.0,0.0,2.0
1696836358.546875,838,0.0,4099.9989006179885,4153.742388860795,4151.047774286245,4091.6528388035194,4004.5555549338187,4110.929174090045,4073.396154646876,4010.9019497705426,4096.914220393614,4001.5066867696087,4054.6149615305803,4131.4321147111295,4159.206646483471,4153.36705662924,0.0,0.0,2.0
1696836358.5546875,839,0.0,4051.180074964252,4005.5791625574557,4115.256325135819,4107.703348640265,4179.226173522695,4125.395533053794,4054.290507052451,4157.199176929808,4165.214007923544,4189.277240151082,4059.0186103981887,4017.561124737035,4099.422186630499,4186.367159618792,0.0,0.0,2.0
1696836358.5625,840,0.0,4158.807010322052,4122.261582123935,4018.782304878828,4028.43678454034,4085.663992492119,4131.29260039823,4017.147542990475,4028.700626575321,4034.066015750692,4071.6471268418613,4079.467960503154,4143.521990179641,4055.8870511629502,4037.3067537780144,0.0,0.0,2.0
1696836358.5703125,841,0.0,4166.897790809387,4026.860787530539,4193.643684590141,4116.777568385054,4169.533167055495,4085.786343360982,4138.512282937755,4134.793165622796,4173.825305666793,4152.3546930824905,4020.084999790883,4184.533823603054,4162.153951750121,4111.072101996761,0.0,0.0,2.0
1696836358.578125,842,0.0,4045.812174086665,4039.6089913828505,4013.637479969807,4118.18135013907,4167.901402817828,4028.309261445337,4125.750098673167,4058.8339178569727,4127.748190690275,4199.648668524327,4085.4013945901634,4187.503545572974,4079.981009533648,4049.324355286756,0.0,0.0,2.0
1696836358.5859375,843,0.0,4100.33283684624,4185.856071202391,4126.025017527379,4185.483219415284,4199.961076751375,4179.142507851609,4137.364787314413,4010.830280345681,4021.386921414317,4199.19712726506,4067.44278044248,4186.629794836347,4177.931986618554,4036.772348716046,0.0,0.0,2.0
1696836358.59375,844,0.0,4123.014757316097,4081.178506596727,4173.1619470871065,4022.5439321115964,4164.857427744336,4024.2265546080616,4105.6204105982815,4016.428736625363,4096.452400480278,4044.88549410878,4129.023135928397,4122.001729314819,4114.864780226454,4047.4421431823976,0.0,0.0,2.0
1696836358.6015625,845,0.0,4018.562126952231,4141.353251946677,4078.595718727948,4189.155712758894,4098.523719575697,4091.0764956336316,4192.875662633547,4068.4496414502746,4070.173835235626,4038.8254631243967,4035.310231051105,4156.400366044883,4006.176903292407,4068.833525627206,0.0,0.0,2.0
1696836358.609375,846,0.0,4142.1304833592785,4124.558857104111,4076.380761704414,4072.4068341445713,4050.726012663039,4091.869110547365,4135.93578834411,4037.154820201377,4096.626244984678,4014.4574882315273,4004.5392236036655,4109.08612956095,4162.052611773784,4165.848526532491,0.0,0.0,2.0
1696836358.6171875,847,0.0,4089.0940582249914,4171.129639562983,4087.6737712181452,4029.111840625182,4145.566533714245,4044.667898321677,4032.015614239736,4016.0600498195063,4021.9365467422444,4118.5498334000185,4011.274962357712,4020.233826087611,4056.5195063111414,4097.602461765841,0.0,0.0,2.0
1696836358.625,848,0.0,4013.92397713975,4189.085828349455,4133.646865964494,4182.901486063454,4012.718907241252,4019.243794978721,4151.5560193759175,4092.180396827177,4003.093694307451,4068.0796550017008,4174.951464100678,4079.355401568963,4101.61667776925,4173.020518824759,0.0,0.0,2.0
1696836358.6328125,849,0.0,4144.493839902057,4117.332079747797,4027.0346479990817,4054.403877893747,4044.8411316645206,4086.1143020270947,4122.193337154726,4067.7265733919703,4108.145087883994,4107.211056918928,4139.421227995347,4025.5126269136676,4114.259635427508,4138.080639325059,0.0,0.0,2.0
1696836358.640625,850,0.0,4193.796757714916,4099.964798743615,4033.0794960533995,4089.6625292984754,4198.36952438699,4133.945798288799,4075.370000450433,4024.097004782231,4178.00709702812,4084.6302243860673,4079.266808191961,4167.653497990135,4115.501050749796,4016.981014374876,0.0,0.0,2.0
1696836358.6484375,851,0.0,4164.57850651622,4186.635509018354,4185.883628846871,4100.6044556780635,4148.864359694517,4049.5203085386347,4034.9657432626414,4017.6200406766875,4017.17152607376,4188.731465181265,4153.753777621853,4004.7261492482394,4101.490823603689,4042.184389166632,0.0,0.0,2.0
1696836358.65625,852,0.0,4051.549521412801,4072.76338281978,4102.117794187039,4147.179572725227,4197.749672843791,4008.045657803377,4129.708025489139,4112.806340836363,4198.22995909281,4147.671337813255,4180.96786377807,4044.8542150302715,4188.427000516489,4140.534279693775,0.0,0.0,2.0
1696836358.6640625,853,0.0,4102.608658145091,4100.395690248455,4078.0822678484597,4042.759445872718,4037.082804973708,4133.869441089288,4069.3644108852172,4118.895964615916,4061.5530781500192,4041.356423549751,4117.105175253545,4028.259991168611,4130.525532401514,4015.6292346068785,0.0,0.0,2.0
1696836358.671875,854,0.0,4102.65015878041,4140.598426208007,4000.5169268260324,4176.659781227318,4058.7272884183235,4020.54287593242,4023.075773440282,4043.069546138021,4139.004331708592,4086.671597043209,4102.454417597767,4199.460581777954,4122.213847262557,4031.9335393483534,0.0,0.0,2.0
1696836358.6796875,855,0.0,4151.352409311394,4172.872752529577,4052.366353460815,4191.814529249448,4014.9148362882493,4003.308068023257,4063.9028847495188,4143.0877188935465,4078.000514901719,4110.621055857804,4082.187841016505,4013.1130251518957,4015.905186897613,4108.767312734099,0.0,0.0,2.0
1696836358.6875,856,0.0,4199.031331436906,4122.401240207413,4182.580002196624,4158.622236792001,4171.43006327516,4133.261414140714,4089.666951393718,4132.987236614457,4088.7876464696906,4020.1074470863373,4156.054099049165,4179.831460489356,4160.0786542430615,4177.0846638981975,0.0,0.0,2.0
1696836358.6953125,857,0.0,4004.642553266991,4171.686078946165,4024.4974255977577,4160.0347580379,4163.6747279343645,4026.7477547086855,4052.988253045952,4112.0322696637095,4149.9919114617915,4123.946744723392,4129.572628355719,4043.2661883882197,4126.631776454963,4036.8147171777728,0.0,0.0,2.0
1696836358.703125,858,0.0,4104.724208692565,4008.9725798776317,4139.52260592291,4110.865067195553,4073.3042227647693,4104.372256591006,4111.231204352453,4194.728568538395,4054.3516855447865,4069.4774020423856,4180.007076419968,4166.953283556651,4036.881197464019,4166.841114320829,0.0,0.0,2.0
1696836358.7109375,859,0.0,4004.639108799227,4098.294571919813,4067.973657308369,4042.218678587908,4095.5716006333864,4176.371302892101,4101.666909539132,4073.268281917382,4137.717970135291,4108.228573316164,4137.983372712733,4020.613145240509,4123.788490013014,4124.10481564358,0.0,0.0,2.0
1696836358.71875,860,0.0,4173.025294077764,4174.575226872339,4021.608668902008,4149.728901158533,4087.246268957659,4110.7104453029115,4083.211961700184,4039.91136695779,4146.555826095546,4090.9298610040187,4198.542892460246,4167.596786231103,4105.4268134141685,4058.786858589593,0.0,0.0,2.0
1696836358.7265625,861,0.0,4089.460118503219,4106.791643210247,4061.322894795214,4062.8216053978576,4164.359480875144,4095.0766647808077,4134.461157046442,4114.396446077767,4155.494001060453,4066.865852921358,4097.987015944732,4076.684305078765,4118.916759177305,4192.883049061438,0.0,0.0,2.0
1696836358.734375,862,0.0,4096.0308274494455,4175.816334302181,4082.1806417887565,4122.744452521991,4002.4990718661934,4158.117069646955,4111.669271446016,4065.8417495926133,4170.59153583354,4107.160688352812,4007.3363642837417,4119.024762959592,4119.912792077334,4152.919509700245,0.0,0.0,2.0
1696836358.7421875,863,0.0,4159.153141877016,4006.815758095679,4005.122712589156,4188.148892133061,4186.117547124373,4098.305137516105,4037.7874400824726,4081.751351907161,4167.134686013868,4115.751062085341,4042.260937007169,4168.669107579399,4064.9110583597508,4013.122341320473,0.0,0.0,2.0
1696836358.75,864,0.0,4110.592147397441,4093.9874462338644,4045.425667995217,4184.359910569075,4006.340727814736,4151.307877633904,4082.153169126731,4108.073960246278,4077.453682390087,4194.573175984847,4144.803611302187,4039.157206362929,4129.769141658603,4074.272913741038,0.0,0.0,2.0
1696836358.7578125,865,0.0,4185.290727333267,4057.741462143612,4060.464074316843,4016.833623949714,4115.401336126993,4165.406727586835,4105.5326978560115,4007.37859913931,4108.40862842527,4044.1418207698857,4136.0880003214925,4171.182714427938,4022.3065957314316,4054.694437496961,0.0,0.0,2.0
1696836358.765625,866,0.0,4005.8503529479103,4139.557325865113,4001.491680899412,4168.4954089510375,4147.422534964803,4043.1516136729692,4114.180346504883,4177.448336441113,4195.327017659963,4149.6258265922825,4115.745121803379,4081.801660866561,4040.581574569063,4039.605856571826,0.0,0.0,2.0
1696836358.7734375,867,0.0,4045.886699754168,4138.525817538213,4055.0053611216485,4042.501154792575,4106.403877786144,4134.198397073452,4192.559182504358,4120.731006135623,4145.692311380913,4075.5652746934447,4052.5098951129376,4100.889449608771,4122.2599918160295,4157.232912480172,0.0,0.0,2.0
1696836358.78125,868,0.0,4169.887661056068,4011.3078835573906,4107.9329132559515,4185.198094358317,4075.088968918062,4161.269493336912,4072.6067550319976,4103.910629141684,4013.300911934361,4013.1047488014397,4039.8810580614736,4197.877914599249,4184.64230646288,4016.435989869564,0.0,0.0,2.0
1696836358.7890625,869,0.0,4127.91995918787,4189.391161699872,4106.12329610859,4094.9000389989365,4136.489110910641,4160.302179411177,4040.433593138447,4000.941242569436,4018.6921003594534,4041.4587606838495,4041.4071933702035,4054.1013773900013,4077.842475259753,4004.373230849851,0.0,0.0,2.0
1696836358.796875,870,0.0,4129.376376967776,4097.287456110549,4137.8891143981555,4007.2435576227936,4193.002299089408,4027.4421847364497,4049.229732555605,4035.290237981295,4130.037054972986,4020.0233932716255,4172.743236318019,4155.500762833696,4138.394047012838,4132.268274903019,0.0,0.0,2.0
1696836358.8046875,871,0.0,4000.755620956288,4007.5676588691827,4117.741885950618,4035.586559325361,4073.9740549061194,4186.361182031526,4004.27114397463,4019.3429217861917,4044.852248316708,4075.7209316426306,4015.9219475862205,4003.6086720325357,4070.390432552617,4038.2957168414773,0.0,0.0,2.0
1696836358.8125,872,0.0,4174.254763237992,4187.972903874728,4121.682804146022,4036.1380117606673,4035.09195296203,4098.967350551501,4149.611529727468,4069.5228276296625,4079.563877073262,4073.066853818685,4001.91383583175,4180.2598272652685,4114.8089706952715,4153.923932253721,0.0,0.0,2.0
1696836358.8203125,873,0.0,4110.2720393738855,4089.1654181377735,4060.4671736568025,4130.095605205502,4160.877218702225,4043.253123238585,4083.023388839816,4164.123476629538,4115.887952984216,4190.9669152577935,4119.470008151933,4143.905882081339,4126.361061586155,4196.358267279053,0.0,0.0,2.0
1696836358.828125,874,0.0,4193.617605383666,4075.5368031310622,4018.9226472079918,4158.706946119413,4116.727892376534,4133.63556849934,4098.645172014535,4176.262547348764,4117.667567591897,4025.720036556146,4055.3914025082304,4088.5678963052396,4197.786131485024,4007.337967092545,0.0,0.0,2.0
1696836358.8359375,875,0.0,4080.9731212675424,4038.5144503598435,4179.655092201951,4187.1070788654915,4160.46492917073,4099.223441674325,4127.988049270884,4018.9977679366025,4036.9614873764067,4116.107275307587,4126.188136237554,4196.384993194102,4144.128862875713,4165.863572573995,0.0,0.0,2.0
1696836358.84375,876,0.0,4152.212716686817,4096.598799798502,4177.593773743976,4186.736426845737,4057.4971489170375,4035.7888793338925,4027.881619836508,4184.3682396509885,4112.157643623334,4191.239890590153,4064.128972014547,4088.246622958134,4128.541523263523,4025.784612823756,0.0,0.0,2.0
1696836358.8515625,877,0.0,4015.607365663696,4116.5234323962295,4133.967163813422,4187.6399157892765,4178.850334935659,4111.316433102815,4108.859238974094,4108.432651407945,4141.65961012716,4156.940927387569,4172.778892845858,4156.310504037703,4054.466947020154,4133.87887248415,0.0,0.0,2.0
1696836358.859375,878,0.0,4117.9777805377025,4142.0426156948015,4113.568478721456,4135.310531639438,4129.913280830346,4162.68815215481,4069.4003656998193,4075.3169564065856,4179.089675610226,4160.315870456997,4047.8776008019963,4156.475141294189,4143.427081835924,4069.0035877738997,0.0,0.0,2.0
1696836358.8671875,879,0.0,4010.5885928115804,4106.069874793086,4079.637106399294,4066.208508185418,4189.882501613789,4001.7649128169196,4110.980086129472,4028.426499870589,4147.57518675056,4016.004815723059,4058.578512001176,4163.067237798507,4178.371305304841,4161.605624013996,0.0,0.0,2.0
1696836358.875,880,0.0,4105.564865492654,4054.205913759392,4188.77021143246,4141.5506041982735,4065.2588736521775,4171.3866009736785,4065.0180297291995,4082.14384057825,4020.968416901441,4146.081304249916,4062.8731134762343,4092.836649454719,4095.4603838425437,4122.141339985485,0.0,0.0,2.0
1696836358.8828125,881,0.0,4084.8601628626297,4163.458985767414,4178.627283841398,4094.133423399362,4000.5262380215645,4057.012470305926,4145.0668759509,4069.643072155879,4152.534200268429,4171.283149226039,4111.032520563895,4185.347789643407,4012.526341636244,4134.310075394548,0.0,0.0,2.0
1696836358.890625,882,0.0,4185.094653391964,4149.156911744556,4181.5168395886285,4105.951994391788,4189.086556447993,4001.5937695704906,4075.439402283918,4056.55358662785,4016.7874651929296,4116.722190754683,4079.6488257853057,4105.821161959954,4061.9362188036175,4012.5180081934845,0.0,0.0,2.0
1696836358.8984375,883,0.0,4031.0862266128984,4182.014792249513,4104.151950026574,4165.56718752053,4099.8901058623105,4071.263145331791,4183.363181535607,4128.440199075874,4109.377847909047,4199.521914033099,4048.83362705205,4126.533082344215,4065.668038336313,4045.6439557935573,0.0,0.0,2.0
1696836358.90625,884,0.0,4055.4698555507343,4125.696252753605,4106.798156826568,4058.9767090334635,4078.147939386597,4059.7485995488632,4136.391002312973,4071.8025989274547,4116.367953575433,4043.221916416293,4142.046943473913,4195.2510244447885,4167.853313199328,4034.8526489230703,0.0,0.0,2.0
1696836358.9140625,885,0.0,4139.779161755036,4099.36321258343,4111.784715098705,4003.638392180496,4053.409916079178,4119.050422086584,4064.8014407923533,4086.5065989032787,4016.548372676626,4187.678285033094,4091.0716844950075,4071.936544387776,4194.9982696832185,4024.6221425056738,0.0,0.0,2.0
1696836358.921875,886,0.0,4166.633717431032,4042.207149993825,4187.675604508831,4139.615676077908,4004.0204762015205,4112.255064320467,4155.161814942922,4114.91478203563,4054.571140654949,4114.934654430738,4192.966161419294,4057.9532367527277,4108.169241809276,4081.7691286686563,0.0,0.0,2.0
1696836358.9296875,887,0.0,4017.9067451177493,4055.165745157399,4088.416724171798,4024.171468736356,4128.24907373873,4066.8215777697155,4029.832927559457,4167.460613825736,4181.5057422555055,4048.103864643472,4079.345001871318,4060.4215768112836,4085.458119407033,4011.0778163856953,0.0,0.0,2.0
1696836358.9375,888,0.0,4024.5234662250264,4110.709326852459,4002.6171103133697,4181.464924654495,4076.7957909208862,4058.286546600194,4166.335724767179,4143.721230049395,4100.608215318153,4162.979388636842,4063.1261830931744,4064.63304366376,4101.246834925956,4090.1979202464513,0.0,0.0,2.0
1696836358.9453125,889,0.0,4110.492170469915,4030.8892711414637,4150.765495223663,4175.123444864725,4004.831248483906,4062.319553587844,4187.74965547244,4040.0163139128504,4172.2220716469155,4055.0280558057502,4095.8867153501456,4001.793944233079,4151.17924402765,4116.606576887258,0.0,0.0,2.0
1696836358.953125,890,0.0,4090.085694963043,4049.805286909446,4144.148747062504,4004.793541163725,4131.718639980606,4122.059487663858,4107.039660030302,4100.765969898911,4144.953539824545,4193.209646113668,4123.378514464453,4166.866181285512,4084.8083509616245,4023.2573005416525,0.0,0.0,2.0
1696836358.9609375,891,0.0,4054.732829343606,4190.275050339157,4008.9242720811,4059.534454613177,4156.40218380061,4155.646498607807,4061.393893314476,4159.454206900716,4004.769567631666,4075.1390296831737,4090.510297476289,4099.186719548091,4077.8338912438694,4145.640553784706,0.0,0.0,2.0
1696836358.96875,892,0.0,4003.0278341845165,4125.6139173312895,4167.800106376775,4050.28169958517,4054.055479481344,4151.814762421804,4025.3247408240427,4128.237823445108,4026.496611650916,4125.328374425284,4065.6241743303335,4097.170408702347,4095.9661184390097,4143.734882728944,0.0,0.0,2.0
1696836358.9765625,893,0.0,4189.870963676361,4120.66073945508,4080.5758186730795,4166.085221438029,4157.554346732227,4127.8699348366545,4017.8839359176827,4180.15095857379,4107.7017554326885,4101.3521651025185,4078.2740909150307,4111.578183744577,4192.385146331777,4156.015605982095,0.0,0.0,2.0
1696836358.984375,894,0.0,4188.3804070868755,4127.0102292233505,4032.971929175266,4064.64684735525,4101.758194910462,4142.771804853475,4040.791010021623,4102.428128518007,4143.897218967426,4175.4873074818815,4055.4633227011686,4023.815985949219,4195.141665723112,4068.287688148605,0.0,0.0,2.0
1696836358.9921875,895,0.0,4152.907843378277,4070.7977656723397,4113.279053987903,4085.4070172706192,4148.586560889999,4007.7671447622565,4049.0482524446957,4177.835068274515,4127.68800413117,4033.9608225138286,4157.4772647643895,4059.8453687598612,4064.7637485955556,4193.063405594488,0.0,0.0,2.0
1696836359.0,896,0.0,4060.7554369876752,4176.328373448729,4173.075940189554,4005.3299950771116,4160.234766002223,4015.1847366293578,4068.1360691177883,4073.306924696038,4041.2263818205074,4082.5385272560443,4129.440711199324,4083.4022681098254,4188.970602815871,4165.440493050025,0.0,0.0,2.0
1696836359.0078125,897,0.0,4019.9339359931323,4043.049888606026,4033.2157035651094,4124.815075356388,4122.843427132609,4042.241774191017,4194.148258828576,4057.0176704746837,4104.125442366546,4018.168851761188,4050.89556030212,4041.221829080346,4148.567327655323,4082.026901058457,0.0,0.0,2.0
1696836359.015625,898,0.0,4004.524427515767,4160.417783881482,4073.812727998584,4004.65235239019,4175.915367261832,4178.692055927874,4156.245648744633,4048.0265545117068,4141.499429759123,4172.429155171673,4177.256010783434,4054.586396534871,4180.079256628726,4069.0584157056664,0.0,0.0,2.0
1696836359.0234375,899,0.0,4079.70354086487,4013.9784750234053,4189.041554452021,4150.72064386235,4072.7642313073943,4167.673074898854,4072.4633183721185,4102.740670037421,4077.4617198143283,4157.196567945476,4178.868859029713,4009.3796766827145,4137.987941135704,4183.919663133248,0.0,0.0,2.0
1696836359.03125,900,0.0,4147.437853975038,4008.635283730876,4185.078871735796,4094.950330958775,4118.359461561265,4149.770262328712,4077.6849909871007,4117.079999338157,4112.494086323552,4199.029399522598,4197.311929109845,4027.1282112109907,4126.496220624952,4043.360993916803,0.0,0.0,2.0
1696836359.0390625,901,0.0,4070.775314589055,4193.066737261115,4148.600862430557,4116.512992309895,4076.3858203828972,4114.468859073311,4103.886651454257,4057.32807608928,4070.5155749003943,4090.612505919461,4124.885917460855,4090.837567454799,4144.688434192449,4054.3496811304926,0.0,0.0,2.0
1696836359.046875,902,0.0,4172.923966701258,4000.4575077301747,4118.42541881859,4087.9613886063257,4180.9436190172,4185.051719603266,4105.6672223405085,4064.298977538854,4119.757810888343,4099.389439068817,4171.416031759874,4076.3634340884378,4162.329730120367,4152.0115227362685,0.0,0.0,2.0
1696836359.0546875,903,0.0,4064.5978345166045,4059.04884652006,4066.9701631890553,4012.66404364154,4001.9208568742283,4086.2568284803706,4003.8111974631806,4077.3560697608264,4179.584152119373,4052.7599043268,4034.43404516318,4043.6250986437917,4035.687837085317,4026.307790772576,0.0,0.0,2.0
1696836359.0625,904,0.0,4113.512309597004,4125.409065535071,4079.8719539377207,4045.681923785789,4169.500754154182,4023.070743315654,4145.144963788669,4004.98511332542,4183.545222319039,4084.5502787478927,4002.4450470834504,4006.3492855014188,4058.5999857141037,4064.901125913602,0.0,0.0,2.0
1696836359.0703125,905,0.0,4011.6958604677093,4139.971460648822,4000.7910865769286,4168.083793375645,4040.6464649030413,4177.418132449664,4118.263776094126,4065.803813789754,4001.548274961596,4028.4750921728746,4088.17007235235,4154.528513452789,4057.249974625508,4139.825018427617,0.0,0.0,2.0
1696836359.078125,906,0.0,4042.5012756853785,4189.179030823715,4035.5221603377677,4095.0266979369717,4177.077145521683,4154.17582611929,4122.197373129156,4024.948517819617,4015.900731025448,4022.1543025892406,4064.142388114289,4110.390017003363,4149.094631454028,4121.007748731729,0.0,0.0,2.0
1696836359.0859375,907,0.0,4072.586949528941,4031.972117556307,4100.670062531292,4163.487560981343,4056.796250670276,4043.8828153904146,4185.030684686161,4133.475649851272,4051.7154267785013,4060.633086251812,4091.680659312147,4047.067514834651,4039.510288954646,4037.483973307361,0.0,0.0,2.0
1696836359.09375,908,0.0,4133.048127602171,4134.832319327368,4179.962647946273,4158.806732069342,4013.5118063956775,4106.913531902541,4085.983882972081,4040.989041583779,4125.22463980922,4056.4513362922094,4182.453892545089,4079.6966611108055,4155.690736126093,4031.434979822767,0.0,0.0,2.0
1696836359.1015625,909,0.0,4099.84809870246,4139.726267395656,4064.2741785171797,4077.7993633711267,4136.668751299548,4181.253971539763,4066.758780897512,4008.585493325024,4116.607829247073,4160.836610737952,4183.113952205896,4121.4609052801725,4159.903010554591,4040.7193737619664,0.0,0.0,2.0
1696836359.109375,910,0.0,4041.81895388679,4032.4834240274804,4147.241008662571,4142.438487043348,4159.42273260917,4045.497662119622,4005.140307578886,4126.2944507005095,4081.5256033768846,4057.2306113796526,4070.3228135952463,4030.2353617600647,4150.7264204730145,4070.041270554055,0.0,0.0,2.0
1696836359.1171875,911,0.0,4150.772487812916,4048.418031136973,4058.615884551288,4154.173359662465,4041.960826407373,4041.1424642479737,4096.329387489817,4096.504890883809,4143.118571316848,4096.49856541509,4098.869940932408,4005.637223305601,4120.705908240617,4001.5179523891907,0.0,0.0,2.0
1696836359.125,912,0.0,4101.474353551052,4081.3889092707673,4108.471738167131,4197.983447507484,4178.667540161097,4013.6335363077883,4041.684891370953,4181.086010722993,4128.041904064745,4138.842467841615,4019.2498350019787,4199.851043558059,4197.380722968295,4066.125199237817,0.0,0.0,2.0
1696836359.1328125,913,0.0,4036.746541520444,4128.6527725323795,4162.1982472340205,4021.478773030301,4043.489530948978,4016.1405322376822,4182.0541786968315,4046.9820411052906,4199.291274495611,4112.581675410358,4157.651602514871,4116.074915479142,4166.032427352157,4021.6877596456407,0.0,0.0,2.0
1696836359.140625,914,0.0,4118.817680756934,4108.512940113369,4125.658044442848,4060.652270225672,4150.007203779085,4178.484566974084,4135.289859077866,4199.929511218501,4066.510474798366,4003.9217213921615,4154.218600399019,4049.297579206376,4009.8912633622526,4042.043098028906,0.0,0.0,2.0
1696836359.1484375,915,0.0,4064.9563232922715,4095.3151549954314,4089.422009233749,4050.41326755415,4082.7727479938944,4006.33603214347,4001.949145550487,4181.480102659439,4048.4713975155023,4031.750382411676,4150.951400628738,4069.7946294051058,4128.393916826549,4109.673499536431,0.0,0.0,2.0
1696836359.15625,916,0.0,4032.912586394243,4069.9997792883933,4182.90711570017,4144.678928705631,4073.279718401766,4062.750101300884,4151.87843929612,4054.8197956148438,4025.1677471127277,4199.587085470502,4003.173372800026,4144.840909873664,4114.064328227938,4178.0611721490895,0.0,0.0,2.0
1696836359.1640625,917,0.0,4100.087457821485,4038.2793564562826,4056.321427608655,4094.483638149623,4062.5835399680623,4110.9930160104,4108.591650681654,4142.594189770048,4054.7591646019855,4178.565884247106,4143.9140780665775,4061.6503990246124,4123.917684921973,4064.7350774288448,0.0,0.0,2.0
1696836359.171875,918,0.0,4140.8300622093775,4028.0647066874503,4173.90563835159,4151.486206942738,4164.75988542555,4198.127116612997,4007.403667024448,4162.617482635843,4183.5244766120195,4050.882912231924,4189.009181033664,4137.783801224235,4063.0836719590225,4044.4058295604605,0.0,0.0,2.0
1696836359.1796875,919,0.0,4199.271702533447,4192.925897370052,4035.7922652610437,4142.0331267571155,4107.859743619536,4171.280727672975,4179.187905882439,4058.9688464397736,4161.519856957259,4156.146686214272,4100.1652455815365,4156.85236377502,4157.53662045408,4016.4560820371194,0.0,0.0,2.0
1696836359.1875,920,0.0,4000.9339304414125,4044.2332432480002,4180.873587846859,4090.0310099535086,4093.53148786593,4182.616027067842,4029.5062229485507,4071.2697395024566,4135.498566666187,4191.934024150733,4131.105378024851,4075.988802059398,4021.875629229655,4060.577283737195,0.0,0.0,2.0
1696836359.1953125,921,0.0,4022.93371667231,4028.1758948014676,4183.8749965491825,4100.632218774044,4016.001464462954,4045.4580214584003,4174.025623689076,4009.0357270996856,4033.8172868545385,4078.705925532258,4041.3160085995264,4155.281255122824,4096.71687742516,4140.577995436673,0.0,0.0,2.0
1696836359.203125,922,0.0,4160.120949439991,4062.641762954838,4039.7251645421065,4061.1084125802954,4172.460292759625,4130.293081487478,4039.988115288498,4114.259534703347,4084.544667075991,4085.763155792727,4065.0408769754504,4129.52300287621,4084.049983645092,4060.5712847823497,0.0,0.0,2.0
1696836359.2109375,923,0.0,4081.9116029026795,4020.0445800893976,4052.413566953267,4021.8738951682467,4054.782772864945,4003.6236543794507,4117.718121004283,4152.390084728701,4139.326090064732,4038.944783801953,4173.032684698361,4011.785773610376,4066.1412998426877,4070.432446207066,0.0,0.0,2.0
1696836359.21875,924,0.0,4171.590534752704,4168.2636089749,4129.20076990993,4143.456812250676,4015.634953672687,4192.878731586436,4134.082776877318,4078.0681243372283,4076.9585845525276,4007.5080516280073,4168.9031942582305,4072.5560169893997,4106.384187425347,4157.842121877692,0.0,0.0,2.0
1696836359.2265625,925,0.0,4046.1949231602202,4177.753727322442,4019.089419187888,4016.285483979384,4012.822263307068,4182.736190873708,4074.4556407667733,4080.3797435726055,4080.060348356782,4013.0256647890856,4117.366814812477,4028.6346288047366,4070.097334416252,4105.992044667182,0.0,0.0,2.0
1696836359.234375,926,0.0,4130.777655963681,4067.8289031764625,4066.9509013247566,4124.791243859508,4031.7407216572046,4138.321006914082,4098.795750627718,4144.1309642509705,4082.1701572776424,4035.62840840527,4121.150885658645,4157.152792166315,4036.364867289749,4050.2024049712345,0.0,0.0,2.0
1696836359.2421875,927,0.0,4166.066401699702,4094.609169866614,4199.253198552314,4065.940094474278,4110.988582953317,4154.488907644225,4155.067167981266,4071.05552549159,4109.127830061665,4052.326267612243,4076.1420886222913,4138.681428275108,4016.9512352018037,4010.54586605471,0.0,0.0,2.0
1696836359.25,928,0.0,4149.193615427647,4065.7986964366796,4098.493611681868,4059.320410881767,4003.6485440491106,4011.706973411878,4141.70404310844,4074.943431177993,4044.409896172771,4080.327256059369,4028.908981843633,4150.878002030608,4001.4284076982435,4054.205918533846,0.0,0.0,2.0
1696836359.2578125,929,0.0,4082.853871577537,4122.409592932834,4110.950335454342,4018.497240103075,4102.1373030622935,4195.017528417622,4169.156522065451,4027.6344892080724,4057.1746435407845,4052.788662290116,4097.281162136453,4163.505090105297,4084.112303693805,4052.197877697672,0.0,0.0,2.0
1696836359.265625,930,0.0,4037.481858780305,4012.6444647100575,4001.6895507892987,4058.2368137022513,4027.7007221255094,4043.1842795118378,4168.331890058388,4039.1085804899258,4140.638290066217,4033.483988827396,4158.657508472882,4080.112904879925,4012.635036337439,4149.37986026723,0.0,0.0,2.0
1696836359.2734375,931,0.0,4101.980361708932,4085.166312882632,4081.2563537363085,4096.422970805321,4155.7487084368095,4199.319525237215,4006.5504740399615,4038.4128385537956,4172.217210430672,4074.3979616868937,4050.8688610665026,4084.65996769067,4176.919764828925,4113.30182431634,0.0,0.0,2.0
1696836359.28125,932,0.0,4151.182358852745,4116.512918475659,4055.69944888547,4185.013625589761,4088.2857151260937,4087.053031790728,4046.361161359462,4157.913568341004,4074.1668584921654,4148.50522909083,4120.449718662802,4128.227474500379,4086.599035529711,4038.002423884379,0.0,0.0,2.0
1696836359.2890625,933,0.0,4066.530558191227,4101.789168034001,4000.527667939211,4017.479903343481,4122.7706650982755,4012.1666068458376,4050.7633318680428,4154.571196854484,4047.6032571430874,4012.932024844405,4025.7572258097584,4098.4685939210385,4193.6129457940615,4164.716015181382,0.0,0.0,2.0
1696836359.296875,934,0.0,4195.782516738056,4145.107266336936,4074.3583825352334,4002.9244419721726,4150.782483402747,4123.6316893167195,4171.732061882894,4139.531170967612,4034.3914541806494,4182.258949947128,4007.5787419521985,4144.908547337185,4089.774664098896,4092.708654074219,0.0,0.0,2.0
1696836359.3046875,935,0.0,4179.154440035465,4184.053784851709,4068.7920616347915,4197.420442850221,4093.7163422786043,4156.948411446683,4089.1644463752496,4021.610802985162,4148.7366284138025,4031.216257329317,4186.802179105553,4088.4217496968586,4099.364839795132,4079.845960705802,0.0,0.0,2.0
1696836359.3125,936,0.0,4152.343334266906,4155.620488014278,4167.037502660463,4012.737387202087,4124.638396309808,4031.4886713678006,4014.0834594484536,4110.859732326308,4089.1309731729275,4061.295960685193,4167.805688823013,4129.145073974289,4069.817088074247,4143.469241604093,0.0,0.0,2.0
1696836359.3203125,937,0.0,4167.277034196142,4121.358522662422,4072.5556133115315,4144.109818786438,4074.663156650027,4064.441881977136,4156.977075229852,4022.6193856061345,4075.662166338581,4102.0587962281,4168.365622688309,4151.045460067818,4140.050329989569,4124.190595284981,0.0,0.0,2.0
1696836359.328125,938,0.0,4031.116816557285,4117.639777349578,4005.920951426521,4128.570774330055,4049.690349862331,4168.674400919582,4143.094374328632,4005.4302538064,4149.928586445668,4188.723458320609,4115.726691967837,4018.6028714440436,4178.945113792714,4158.79576597452,0.0,0.0,2.0
1696836359.3359375,939,0.0,4048.9166902875345,4128.781976180312,4031.787263865243,4189.887714235995,4163.062367165024,4088.5985754526764,4066.740734064954,4195.644788144309,4152.195067906316,4009.3290273395514,4048.5832748846183,4110.33087786825,4130.937353412743,4062.6937614981066,0.0,0.0,2.0
1696836359.34375,940,0.0,4042.5675691655674,4038.849949455737,4031.3058541870673,4029.6577253702076,4184.923748692941,4047.8121046834185,4066.931934490571,4053.2663538985403,4079.9620161193197,4018.5064594040145,4158.162696427021,4117.817933003727,4080.3890170405803,4125.3319983547535,0.0,0.0,2.0
1696836359.3515625,941,0.0,4014.1050637294948,4134.362475806976,4152.450393090494,4008.9818378836467,4168.863836733999,4169.998885974474,4021.7104721710057,4133.770194133713,4036.5849555273053,4048.1270101518385,4061.5829613620826,4137.313118062241,4050.4694482097893,4064.4776559835823,0.0,0.0,2.0
1696836359.359375,942,0.0,4134.2589034703915,4100.211207464569,4145.584337489752,4148.337311177524,4074.7002785890772,4029.6120099258756,4175.455978549138,4141.095209538205,4144.806658744361,4038.521126752785,4041.8441430434536,4160.248182585851,4019.574908307649,4163.496417199201,0.0,0.0,2.0
1696836359.3671875,943,0.0,4131.606342691155,4028.757406935259,4019.627906965665,4153.249819579349,4070.696767697971,4002.197067976789,4132.472129407769,4060.7683955125217,4114.713030641447,4090.370433919167,4183.478644721873,4109.419316499557,4013.0729824682985,4167.82576487675,0.0,0.0,2.0
1696836359.375,944,0.0,4090.5411795986247,4191.218879747664,4128.621263054039,4139.14470146002,4107.162991353115,4153.789227781839,4030.011609049437,4062.7572082162433,4141.449539126383,4154.862096361305,4120.571946738623,4049.487983553719,4089.5922737494493,4193.9510725203945,0.0,0.0,2.0
1696836359.3828125,945,0.0,4178.600513618958,4047.4099493471936,4162.151722648215,4191.438921507914,4104.433273385312,4175.794133655475,4024.3311845265716,4045.0403922419323,4046.2261361637015,4079.5071628826686,4030.2473483647664,4055.5044444156597,4026.7481245460817,4178.787370109267,0.0,0.0,2.0
1696836359.390625,946,0.0,4081.432112358256,4080.524770815545,4150.415680569175,4000.3402694944716,4191.949769809549,4044.073688837291,4049.061852590653,4048.081344846876,4002.6798944943102,4117.631077935023,4005.740472644825,4154.555176785632,4053.900118979015,4062.9993063497213,0.0,0.0,2.0
1696836359.3984375,947,0.0,4194.80913221547,4162.288144380208,4033.697708243386,4085.1462997632275,4119.0301933668,4159.391538165296,4144.660426257563,4079.278929736621,4167.283935956006,4088.856623348065,4037.7933587543266,4136.57909105977,4058.335189830279,4043.954823514634,0.0,0.0,2.0
1696836359.40625,948,0.0,4093.1326521341257,4127.955004348933,4024.2816012093704,4084.7070887073287,4114.803838024605,4146.429134684204,4012.5591006797686,4124.308445288258,4175.29350852689,4135.789841613316,4024.8952922182934,4114.023106203716,4168.562534337049,4084.7244984111,0.0,0.0,2.0
1696836359.4140625,949,0.0,4077.7681430723005,4184.887330916142,4110.204519805547,4035.9158733978734,4122.353771640948,4161.979871260589,4059.3808262311554,4078.662174268387,4112.673447036175,4186.837221913386,4158.618448902158,4035.60560288778,4124.148315632859,4007.753187327432,0.0,0.0,2.0
1696836359.421875,950,0.0,4036.3520103077453,4074.2210121389867,4040.181728598552,4188.53369605972,4076.300792754071,4160.17248829802,4174.761504485543,4043.864333600145,4104.555388316324,4059.383804011429,4014.95635213486,4100.691798624469,4199.749309155557,4158.7591672019735,0.0,0.0,2.0
1696836359.4296875,951,0.0,4058.0789126670365,4013.183797929212,4005.8737927010156,4122.290946973035,4004.826831120748,4008.1743888163974,4051.8568104441792,4178.580606872974,4031.3126949616076,4036.215415877728,4071.5113410500626,4022.79387494498,4081.3235608491846,4173.368606135263,0.0,0.0,2.0
1696836359.4375,952,0.0,4094.350629824539,4171.010243251999,4017.047670393912,4171.14319377236,4059.06637008721,4027.9900552039517,4111.066681828633,4117.197626872703,4019.307021271581,4114.533763865846,4191.947660621034,4138.137647715832,4068.9031377341535,4078.0799246042316,0.0,0.0,2.0
1696836359.4453125,953,0.0,4114.316155256817,4118.02285809514,4189.677098923163,4171.280046651002,4150.184995268283,4108.293965325437,4161.158129847528,4173.254161688365,4087.1871381876804,4136.054149598585,4169.648000226146,4172.166231776304,4032.3526918379894,4089.663188288187,0.0,0.0,2.0
1696836359.453125,954,0.0,4176.552700837826,4006.7230293602574,4148.9928825033,4138.904879379059,4169.756197648724,4019.2784235584068,4019.1110896046275,4114.9054181247075,4020.5310312405695,4130.067533846887,4122.457433008703,4084.4003743824123,4060.023163105108,4128.329567050143,0.0,0.0,2.0
1696836359.4609375,955,0.0,4187.308296075505,4046.531134049354,4132.732799763262,4063.4005616079476,4058.8451374363617,4035.6209005713254,4160.511518460589,4193.257352770092,4056.4615375058975,4055.1171413772545,4014.9329233978337,4185.393909404777,4168.055687469903,4117.886851091871,0.0,0.0,2.0
1696836359.46875,956,0.0,4139.123125074337,4140.349026450399,4002.0931089933933,4167.192354025703,4078.107489668646,4040.472345708648,4138.051003134237,4143.29003470373,4045.901385122456,4035.6173424742083,4134.97542074473,4036.5754935970144,4179.381726030455,4094.081103235185,0.0,0.0,2.0
1696836359.4765625,957,0.0,4132.052713538062,4124.340351864278,4133.813877776664,4049.402957148112,4156.105553474381,4076.9491190905055,4060.8965075743517,4121.241775429122,4093.6255404118438,4157.057949325169,4188.023693591574,4148.483708601191,4091.229099607115,4159.127826461391,0.0,0.0,2.0
1696836359.484375,958,0.0,4175.528237983666,4107.223813811571,4084.0353230721066,4132.669553047236,4050.1976151222802,4011.098583793375,4162.011334403977,4165.963731460118,4157.178070150354,4167.099125381307,4096.997354833024,4092.694386307093,4038.738155205378,4173.360184704271,0.0,0.0,2.0
1696836359.4921875,959,0.0,4066.867374282754,4160.777150375094,4094.6035894814577,4023.2229505699097,4165.50031143863,4013.104071285921,4120.922126879192,4119.0359430784965,4106.351901251385,4198.771833716683,4130.0755161936195,4090.3486371588415,4145.363441516754,4154.930824489145,0.0,0.0,2.0
1696836359.5,960,0.0,4050.0340940740107,4103.147020276162,4165.542005106282,4149.562294391193,4116.9268453935,4110.072587926036,4001.4408188436246,4069.8986470803347,4104.06742407992,4095.741816960968,4144.682253874717,4087.079104941741,4060.6756948731368,4157.317972905455,0.0,0.0,2.0
1696836359.5078125,961,0.0,4091.153484446863,4158.409465757516,4099.665595304452,4047.107817890218,4174.8913482210255,4106.150123766707,4198.53718835717,4106.620883775222,4002.2384848335278,4057.3541061118253,4169.129673307487,4091.393701233175,4010.217912114543,4063.6267942884374,0.0,0.0,2.0
1696836359.515625,962,0.0,4124.064249191138,4011.0444602773655,4046.35673800594,4109.410751107408,4021.2248005665338,4149.023091360068,4128.638068278376,4047.736163251173,4099.591088472973,4105.14362902837,4058.7191403120314,4046.0551774714904,4100.11012464663,4155.8307992149785,0.0,0.0,2.0
1696836359.5234375,963,0.0,4171.68039167655,4080.6004869000426,4073.9192376298006,4005.22634759586,4111.369313763937,4133.915429036769,4073.752683120453,4100.486995776771,4164.576019467702,4037.994189156409,4020.9656472732254,4060.5885885692614,4071.8080914800657,4044.8346379366894,0.0,0.0,2.0
1696836359.53125,964,0.0,4073.993675300804,4145.453948198043,4074.7505308026175,4007.5369254779075,4113.9008770259,4090.9200003556734,4078.789718589376,4134.96749069355,4159.819420569945,4013.1962063378683,4145.9310864696245,4083.722799939654,4004.9982188433055,4053.3746504415726,0.0,0.0,2.0
1696836359.5390625,965,0.0,4157.272243158341,4124.551712290899,4093.6401256553145,4097.098471653649,4063.797887896717,4106.578169843884,4172.3464073918785,4115.275750937856,4085.9482464790462,4168.833256080655,4004.9654462932617,4092.067604051459,4006.8046760512725,4194.049001595927,0.0,0.0,2.0
1696836359.546875,966,0.0,4080.201225610734,4164.7632682055855,4165.8275944169045,4063.7176603548783,4177.117123350062,4049.4536916805,4184.649232632682,4187.522382186309,4076.040567585659,4128.375515016813,4025.4804562839317,4170.234761575719,4001.6730295090433,4190.495460034746,0.0,0.0,2.0
1696836359.5546875,967,0.0,4041.14820214211,4108.781867374679,4076.514971016805,4037.5111171050544,4123.146034146284,4096.497820802635,4127.325859787193,4005.172102580053,4181.919787452837,4124.119451473439,4163.744996496752,4155.287085939217,4038.1187641636807,4050.178191325815,0.0,0.0,2.0
1696836359.5625,968,0.0,4117.8273653642,4123.456991136863,4154.018379720846,4064.2100099692198,4084.4222735135027,4173.541347963421,4047.148508978071,4000.9015401195884,4124.512671735517,4015.7450593431563,4177.536586436325,4175.9091492309835,4189.26955490529,4187.6377479583825,0.0,0.0,2.0
1696836359.5703125,969,0.0,4137.646401916016,4188.83719339221,4196.908144251517,4107.8356882565495,4018.1176794827797,4070.973843330777,4020.2988060356124,4118.700445148777,4104.651863215075,4043.1523837993764,4047.0210469191966,4080.7125009599636,4111.586250015153,4065.4132219251055,0.0,0.0,2.0
1696836359.578125,970,0.0,4057.1715478628826,4116.247203126315,4198.878391085573,4063.260851910031,4069.2762684509053,4193.501170120457,4139.485483794569,4018.082577343239,4127.41735093987,4105.687606466219,4112.224194924995,4029.7169770976243,4149.391284110734,4161.263349133211,0.0,0.0,2.0
1696836359.5859375,971,0.0,4096.744980979253,4118.792699150592,4049.038878275046,4095.7250518491887,4001.3580010594237,4016.512626224481,4046.856782760637,4004.816406831772,4071.1957548362334,4159.5206657854815,4199.737886271946,4187.127817841927,4192.914153046731,4152.722327666848,0.0,0.0,2.0
1696836359.59375,972,0.0,4001.920593944113,4087.7449876584856,4020.7949063662686,4136.575690064992,4178.590599717425,4027.0741067582335,4016.727753686954,4147.236961721824,4106.615190546061,4119.198167405027,4077.3457114385724,4112.12501682435,4157.707653427206,4178.363056019675,0.0,0.0,2.0
1696836359.6015625,973,0.0,4066.2531247441457,4113.380781944678,4046.8478335305717,4188.507548797008,4155.2601021156415,4192.281000387268,4134.528325170214,4025.612412586167,4193.354103303194,4145.992759255447,4128.9545529319885,4087.1344889541483,4118.835954259567,4136.694574992922,0.0,0.0,2.0
1696836359.609375,974,0.0,4172.731653567638,4099.48131847349,4159.789147547455,4133.600232199073,4175.53590969065,4192.826513729687,4053.159492088904,4092.9527580439185,4119.584461334316,4111.312831007637,4001.504848223711,4150.861914263191,4071.531714650533,4065.7818020991235,0.0,0.0,2.0
1696836359.6171875,975,0.0,4037.134760485248,4153.646366577134,4093.1917680753945,4144.067535357249,4074.0204280182547,4179.60239200465,4088.9452350067436,4089.7986905357016,4053.175050477243,4043.3623977509405,4152.9849245114565,4181.6835513334245,4178.246677211261,4015.800637764516,0.0,0.0,2.0
1696836359.625,976,0.0,4123.9672310551305,4199.118802715248,4063.49984050756,4043.000833267349,4184.403061509465,4038.6375312237024,4143.68112195328,4054.3371834337204,4064.4152703649893,4034.0836396023956,4013.92351888969,4062.203753555886,4047.2522101317873,4198.732183870476,0.0,0.0,2.0
1696836359.6328125,977,0.0,4113.713459497544,4195.933924962586,4198.744046570306,4047.0363382785304,4072.5280956794945,4184.21216382555,4112.48734244719,4139.985083998322,4055.0391174300357,4172.985234778452,4047.2329239242677,4039.315291833378,4043.9712453410452,4075.4123455084464,0.0,0.0,2.0
1696836359.640625,978,0.0,4002.898529130787,4010.569866501663,4152.122269582341,4104.045300366965,4160.503191981711,4136.927292055641,4193.962510684735,4144.192807028663,4090.988556185164,4011.0283190275836,4076.4881715266974,4173.905905927555,4089.443687756099,4046.2983645356067,0.0,0.0,2.0
1696836359.6484375,979,0.0,4066.675422172445,4046.7215560467066,4084.650354031326,4123.2487661982905,4015.8778488475145,4003.67452156694,4099.291915723201,4141.03070472317,4057.2788793690975,4027.4337033401075,4106.003197257689,4158.4318733674145,4079.9072413726485,4081.2532891661917,0.0,0.0,2.0
1696836359.65625,980,0.0,4188.054010784575,4018.2663576418777,4007.3007505896467,4089.3293948610335,4170.596371552325,4121.662415524217,4039.648729174092,4193.084441226742,4072.3367418267435,4197.017079777574,4100.3510120556075,4114.299077517387,4102.422454219024,4119.18213019352,0.0,0.0,2.0
1696836359.6640625,981,0.0,4161.265915992259,4043.3389541551774,4130.069641714805,4178.089167188197,4083.9650022232227,4005.0547416643735,4044.610989935772,4139.7878128973,4187.147232561485,4105.889876226818,4153.408792556208,4100.86605279392,4055.4916128910863,4047.1833203500314,0.0,0.0,2.0
1696836359.671875,982,0.0,4016.1836256029137,4035.684965895864,4166.456059428195,4103.129377776713,4050.708640230202,4145.134317316903,4003.266001667622,4036.6739753974275,4068.6437186687376,4089.980908662558,4000.9427388412973,4078.0352566059073,4162.88923484654,4161.026807478775,0.0,0.0,2.0
1696836359.6796875,983,0.0,4034.390152859964,4135.659509264924,4181.001127017322,4032.793187446534,4197.810717600888,4044.499995159471,4151.667034463336,4132.572778954485,4160.214458364465,4139.765155356154,4062.519903733656,4105.805178305321,4061.2476730910366,4129.096434848967,0.0,0.0,2.0
1696836359.6875,984,0.0,4160.65626132757,4157.281421244466,4055.0614868242865,4061.5973523759053,4169.368398257221,4147.092507525357,4130.65385191773,4065.8366789219235,4119.71590501163,4074.7146833871425,4155.16298360748,4182.581784187706,4068.24585654574,4188.05977378875,0.0,0.0,2.0
1696836359.6953125,985,0.0,4102.275721021304,4081.381584514566,4024.881134057378,4002.9347281535192,4031.5603481860544,4090.550274721226,4121.356675549399,4069.648547408672,4193.790860031635,4117.891291097492,4097.043299547179,4155.263122906695,4165.038585258974,4113.62985006995,0.0,0.0,2.0
1696836359.703125,986,0.0,4122.277940479281,4166.364358796039,4046.7392980076006,4151.722456915412,4096.332479078505,4040.255505464181,4175.832750349761,4175.327142141167,4117.11195736182,4013.444356544747,4087.5918624898068,4143.2531320107255,4117.381954245217,4029.3120398301567,0.0,0.0,2.0
1696836359.7109375,987,0.0,4081.2651558557113,4040.2311090583985,4003.250184673036,4121.996453421795,4176.436347613253,4193.965695441803,4066.944499664693,4163.329817180867,4137.325077454421,4015.85523898246,4145.995003926092,4193.221971667503,4148.155298100381,4096.550606949005,0.0,0.0,2.0
1696836359.71875,988,0.0,4023.4833153768495,4045.471870647161,4106.0627934797485,4015.8465801440307,4133.932513832966,4184.7408156207775,4029.0462536771383,4183.195157036637,4055.659737547442,4034.31612881441,4110.173611213721,4129.6316643476575,4055.2019470778796,4020.7143366069017,0.0,0.0,2.0
1696836359.7265625,989,0.0,4188.625149058795,4095.9369280765536,4067.128391738607,4107.006697249804,4024.3278226840553,4069.8568932750622,4047.2731139796356,4026.114584436066,4037.1705148945516,4105.288715914343,4062.6672950124143,4050.635831482055,4008.3362288909243,4056.4256689546514,0.0,0.0,2.0
1696836359.734375,990,0.0,4144.592201256394,4011.363459393124,4083.427461120511,4041.8518964003233,4169.719768993437,4159.22957500895,4128.5371961604915,4125.972705314634,4196.057811628603,4072.0552918306767,4079.769913421871,4196.516857318669,4021.4142985011717,4048.758535538718,0.0,0.0,2.0
1696836359.7421875,991,0.0,4135.703017972249,4079.9518461145744,4074.3259963370265,4020.8314351142244,4115.053262785927,4001.1862006739707,4076.15083124477,4065.9866518876424,4185.125614181841,4174.979101171572,4144.035917407584,4180.950133344275,4028.9244389444393,4085.4215334347277,0.0,0.0,2.0
1696836359.75,992,0.0,4101.567285472159,4072.065218943081,4114.67229928058,4159.661175449084,4098.770925947321,4099.681067978234,4081.8819445462123,4111.485308067302,4134.230193986515,4025.8900142111775,4133.238173172671,4181.259501351179,4136.680164780742,4059.2268651362424,0.0,0.0,2.0
1696836359.7578125,993,0.0,4117.891160834255,4122.9611910119775,4011.8684112243996,4074.20476836862,4163.436579490531,4000.4422563840776,4192.842444381709,4161.082967189714,4088.973041263607,4155.60677151072,4176.537101708787,4135.845675392955,4089.606027797702,4119.02104196791,0.0,0.0,2.0
1696836359.765625,994,0.0,4105.892031570421,4190.307367652973,4060.072995870067,4171.797107457126,4199.5618587754925,4059.509749303918,4013.2897080452653,4077.1345407711965,4089.5259417464986,4029.8261232798845,4140.0295294872,4180.014822731233,4164.0830442408305,4186.60869692571,0.0,0.0,2.0
1696836359.7734375,995,0.0,4101.717769953505,4140.776529473006,4145.807709483417,4032.9246885013276,4185.358872245906,4027.1280615364653,4029.3702288787445,4045.820833478555,4159.882048232892,4059.530046061075,4109.946198390278,4048.140094149667,4105.464831816477,4096.846850007881,0.0,0.0,2.0
1696836359.78125,996,0.0,4045.6981049258984,4111.471108871569,4023.601146830589,4135.954074807155,4014.08403035433,4029.87073702111,4025.8306386879726,4160.096596991132,4126.006276033415,4096.954370693103,4142.422424873954,4120.564301951761,4164.85347384444,4117.566771246392,0.0,0.0,2.0
1696836359.7890625,997,0.0,4140.477862275461,4020.1347356367924,4093.8847529100663,4001.7942134540062,4189.4684586765225,4034.5973192839583,4096.473609614632,4192.326374836942,4154.447190759909,4138.14572681055,4118.205146947354,4150.451728876481,4161.001102176191,4073.849541104683,0.0,0.0,2.0
1696836359.796875,998,0.0,4016.281400864174,4053.0868419734365,4075.2429340997282,4076.170383050738,4153.186930230787,4181.830953898515,4117.438657932552,4134.031396439005,4049.2276265487462,4176.849914568788,4172.208793408882,4154.2501555992,4011.784203991781,4109.508118401694,0.0,0.0,2.0
1696836359.8046875,999,0.0,4153.036393028295,4029.3575139198683,4172.097584308786,4197.980187948383,4058.6685199735757,4197.635322105927,4130.34379211555,4141.194238942515,4133.14573372259,4129.157840232607,4088.0959242943754,4050.4241135551874,4052.687943303877,4194.039562343775,0.0,0.0,2.0
